,answer,left_method,participant,right_method,test_case
0,fmgoat,korhonen,e148bf61-30f3-48dc-9732-c5b3f525142a,fmgoat,5906203942
1,fmgoat,fmgoat,e148bf61-30f3-48dc-9732-c5b3f525142a,stadv,4842717407
2,zhang,zhang,e148bf61-30f3-48dc-9732-c5b3f525142a,ifgsm,5906203942
3,fmgoat,fmgoat,e148bf61-30f3-48dc-9732-c5b3f525142a,stadv,4842717407
4,fmgoat,stadv,e148bf61-30f3-48dc-9732-c5b3f525142a,fmgoat,4842717407
5,fmgoat,korhonen,e148bf61-30f3-48dc-9732-c5b3f525142a,fmgoat,5906203942
6,fmgoat,fmgoat,e148bf61-30f3-48dc-9732-c5b3f525142a,zhang,5906203942
7,clear,clear,e148bf61-30f3-48dc-9732-c5b3f525142a,fmgoat,5906203942
8,clear,fmgoat,e148bf61-30f3-48dc-9732-c5b3f525142a,clear,5906203942
9,good,bad,e148bf61-30f3-48dc-9732-c5b3f525142a,good,v2
10,clear,fmgoat,e148bf61-30f3-48dc-9732-c5b3f525142a,clear,5906203942
11,korhonen,korhonen,e148bf61-30f3-48dc-9732-c5b3f525142a,zhang,5906203942
12,fmgoat,fmgoat,e148bf61-30f3-48dc-9732-c5b3f525142a,korhonen,5906203942
13,clear,clear,e148bf61-30f3-48dc-9732-c5b3f525142a,fmgoat,5906203942
14,fmgoat,fmgoat,e148bf61-30f3-48dc-9732-c5b3f525142a,korhonen,5906203942
15,zhang,zhang,e148bf61-30f3-48dc-9732-c5b3f525142a,ifgsm,5906203942
16,fmgoat,fmgoat,e148bf61-30f3-48dc-9732-c5b3f525142a,stadv,4842717407
17,zhang,ifgsm,e148bf61-30f3-48dc-9732-c5b3f525142a,zhang,5906203942
18,good,good,e148bf61-30f3-48dc-9732-c5b3f525142a,bad,v1
19,fmgoat,fmgoat,e148bf61-30f3-48dc-9732-c5b3f525142a,zhang,5906203942
20,fmgoat,zhang,e148bf61-30f3-48dc-9732-c5b3f525142a,fmgoat,5906203942
21,good,good,e148bf61-30f3-48dc-9732-c5b3f525142a,bad,v5
22,ifgsm,ifgsm,e148bf61-30f3-48dc-9732-c5b3f525142a,stadv,5906203942
23,zhang,stadv,e148bf61-30f3-48dc-9732-c5b3f525142a,zhang,5906203942
24,,korhonen,e148bf61-30f3-48dc-9732-c5b3f525142a,zhang,5906203942
25,good,good,4d0d51b2-a8b7-4fac-a80b-1a54375bca6a,bad,v4
26,fmgoat,ifgsm,4d0d51b2-a8b7-4fac-a80b-1a54375bca6a,fmgoat,5906203942
27,fmgoat,fmgoat,4d0d51b2-a8b7-4fac-a80b-1a54375bca6a,stadv,4842717407
28,korhonen,korhonen,4d0d51b2-a8b7-4fac-a80b-1a54375bca6a,stadv,5906203942
29,clear,clear,4d0d51b2-a8b7-4fac-a80b-1a54375bca6a,zhang,5906203942
30,fmgoat,ifgsm,4d0d51b2-a8b7-4fac-a80b-1a54375bca6a,fmgoat,5906203942
31,korhonen,korhonen,4d0d51b2-a8b7-4fac-a80b-1a54375bca6a,stadv,5906203942
32,clear,clear,4d0d51b2-a8b7-4fac-a80b-1a54375bca6a,zhang,5906203942
33,clear,clear,4d0d51b2-a8b7-4fac-a80b-1a54375bca6a,zhang,5906203942
34,korhonen,korhonen,4d0d51b2-a8b7-4fac-a80b-1a54375bca6a,stadv,5906203942
35,clear,clear,4d0d51b2-a8b7-4fac-a80b-1a54375bca6a,zhang,5906203942
36,good,bad,4d0d51b2-a8b7-4fac-a80b-1a54375bca6a,good,v3
37,good,bad,4d0d51b2-a8b7-4fac-a80b-1a54375bca6a,good,v2
38,fmgoat,fmgoat,4d0d51b2-a8b7-4fac-a80b-1a54375bca6a,ifgsm,5906203942
39,korhonen,korhonen,4d0d51b2-a8b7-4fac-a80b-1a54375bca6a,stadv,5906203942
40,fmgoat,fmgoat,4d0d51b2-a8b7-4fac-a80b-1a54375bca6a,zhang,3697493807
41,fmgoat,ifgsm,4d0d51b2-a8b7-4fac-a80b-1a54375bca6a,fmgoat,5906203942
42,fmgoat,ifgsm,4d0d51b2-a8b7-4fac-a80b-1a54375bca6a,fmgoat,5906203942
43,clear,clear,4d0d51b2-a8b7-4fac-a80b-1a54375bca6a,zhang,5906203942
44,fmgoat,fmgoat,4d0d51b2-a8b7-4fac-a80b-1a54375bca6a,zhang,3697493807
45,zhang,stadv,4d0d51b2-a8b7-4fac-a80b-1a54375bca6a,zhang,4842717407
46,fmgoat,zhang,4d0d51b2-a8b7-4fac-a80b-1a54375bca6a,fmgoat,3697493807
47,korhonen,korhonen,4d0d51b2-a8b7-4fac-a80b-1a54375bca6a,stadv,5906203942
48,,stadv,4d0d51b2-a8b7-4fac-a80b-1a54375bca6a,fmgoat,4842717407
49,,zhang,4d0d51b2-a8b7-4fac-a80b-1a54375bca6a,clear,5906203942
50,zhang,stadv,6c19ae2b-218a-4e2b-8ef8-f176d31dff1b,zhang,4842717407
51,fmgoat,fmgoat,6c19ae2b-218a-4e2b-8ef8-f176d31dff1b,ifgsm,5906203942
52,zhang,zhang,6c19ae2b-218a-4e2b-8ef8-f176d31dff1b,stadv,4842717407
53,clear,clear,6c19ae2b-218a-4e2b-8ef8-f176d31dff1b,zhang,5906203942
54,fmgoat,ifgsm,6c19ae2b-218a-4e2b-8ef8-f176d31dff1b,fmgoat,5906203942
55,fmgoat,fmgoat,6c19ae2b-218a-4e2b-8ef8-f176d31dff1b,ifgsm,5906203942
56,fmgoat,stadv,6c19ae2b-218a-4e2b-8ef8-f176d31dff1b,fmgoat,4842717407
57,korhonen,korhonen,6c19ae2b-218a-4e2b-8ef8-f176d31dff1b,stadv,5906203942
58,fmgoat,fmgoat,6c19ae2b-218a-4e2b-8ef8-f176d31dff1b,ifgsm,5906203942
59,fmgoat,fmgoat,6c19ae2b-218a-4e2b-8ef8-f176d31dff1b,zhang,3697493807
60,korhonen,stadv,6c19ae2b-218a-4e2b-8ef8-f176d31dff1b,korhonen,5906203942
61,fmgoat,ifgsm,6c19ae2b-218a-4e2b-8ef8-f176d31dff1b,fmgoat,5906203942
62,fmgoat,ifgsm,6c19ae2b-218a-4e2b-8ef8-f176d31dff1b,fmgoat,5906203942
63,good,good,6c19ae2b-218a-4e2b-8ef8-f176d31dff1b,bad,v4
64,good,good,6c19ae2b-218a-4e2b-8ef8-f176d31dff1b,bad,v4
65,fmgoat,ifgsm,6c19ae2b-218a-4e2b-8ef8-f176d31dff1b,fmgoat,5906203942
66,korhonen,korhonen,6c19ae2b-218a-4e2b-8ef8-f176d31dff1b,stadv,5906203942
67,fmgoat,fmgoat,6c19ae2b-218a-4e2b-8ef8-f176d31dff1b,stadv,4842717407
68,clear,zhang,6c19ae2b-218a-4e2b-8ef8-f176d31dff1b,clear,5906203942
69,korhonen,korhonen,6c19ae2b-218a-4e2b-8ef8-f176d31dff1b,stadv,5906203942
70,zhang,stadv,6c19ae2b-218a-4e2b-8ef8-f176d31dff1b,zhang,4842717407
71,good,good,6c19ae2b-218a-4e2b-8ef8-f176d31dff1b,bad,v2
72,fmgoat,ifgsm,6c19ae2b-218a-4e2b-8ef8-f176d31dff1b,fmgoat,5906203942
73,korhonen,stadv,6c19ae2b-218a-4e2b-8ef8-f176d31dff1b,korhonen,5906203942
74,fmgoat,fmgoat,6c19ae2b-218a-4e2b-8ef8-f176d31dff1b,zhang,3697493807
75,clear,clear,673c095c-b516-40eb-a719-3117fdd03757,zhang,5906203942
76,korhonen,stadv,673c095c-b516-40eb-a719-3117fdd03757,korhonen,5906203942
77,korhonen,stadv,673c095c-b516-40eb-a719-3117fdd03757,korhonen,5906203942
78,korhonen,korhonen,673c095c-b516-40eb-a719-3117fdd03757,stadv,5906203942
79,korhonen,korhonen,673c095c-b516-40eb-a719-3117fdd03757,stadv,5906203942
80,korhonen,korhonen,673c095c-b516-40eb-a719-3117fdd03757,stadv,5906203942
81,good,good,673c095c-b516-40eb-a719-3117fdd03757,bad,v3
82,fmgoat,ifgsm,673c095c-b516-40eb-a719-3117fdd03757,fmgoat,5906203942
83,zhang,stadv,673c095c-b516-40eb-a719-3117fdd03757,zhang,4842717407
84,fmgoat,ifgsm,673c095c-b516-40eb-a719-3117fdd03757,fmgoat,5906203942
85,zhang,zhang,673c095c-b516-40eb-a719-3117fdd03757,stadv,4842717407
86,zhang,stadv,673c095c-b516-40eb-a719-3117fdd03757,zhang,4842717407
87,zhang,zhang,673c095c-b516-40eb-a719-3117fdd03757,stadv,4842717407
88,clear,clear,673c095c-b516-40eb-a719-3117fdd03757,zhang,5906203942
89,good,good,673c095c-b516-40eb-a719-3117fdd03757,bad,v1
90,korhonen,korhonen,673c095c-b516-40eb-a719-3117fdd03757,stadv,5906203942
91,korhonen,korhonen,673c095c-b516-40eb-a719-3117fdd03757,stadv,5906203942
92,korhonen,stadv,673c095c-b516-40eb-a719-3117fdd03757,korhonen,5906203942
93,fmgoat,ifgsm,673c095c-b516-40eb-a719-3117fdd03757,fmgoat,5906203942
94,clear,clear,673c095c-b516-40eb-a719-3117fdd03757,zhang,5906203942
95,korhonen,korhonen,673c095c-b516-40eb-a719-3117fdd03757,stadv,5906203942
96,fmgoat,fmgoat,673c095c-b516-40eb-a719-3117fdd03757,ifgsm,5906203942
97,fmgoat,ifgsm,673c095c-b516-40eb-a719-3117fdd03757,fmgoat,5906203942
98,good,good,673c095c-b516-40eb-a719-3117fdd03757,bad,v3
99,korhonen,stadv,673c095c-b516-40eb-a719-3117fdd03757,korhonen,5906203942
100,fmgoat,fmgoat,6565ea4b-32a3-4a57-848d-c803b47a6b17,stadv,2640025600
101,fmgoat,zhang,6565ea4b-32a3-4a57-848d-c803b47a6b17,fmgoat,4424481742
102,ifgsm,ifgsm,6565ea4b-32a3-4a57-848d-c803b47a6b17,stadv,4424481742
103,,korhonen,6565ea4b-32a3-4a57-848d-c803b47a6b17,zhang,4424481742
104,,zhang,6565ea4b-32a3-4a57-848d-c803b47a6b17,korhonen,4424481742
105,fmgoat,zhang,6565ea4b-32a3-4a57-848d-c803b47a6b17,fmgoat,4424481742
106,good,good,6565ea4b-32a3-4a57-848d-c803b47a6b17,bad,v4
107,fmgoat,fmgoat,6565ea4b-32a3-4a57-848d-c803b47a6b17,zhang,4424481742
108,fmgoat,fmgoat,6565ea4b-32a3-4a57-848d-c803b47a6b17,stadv,2640025600
109,fmgoat,fmgoat,6565ea4b-32a3-4a57-848d-c803b47a6b17,stadv,2640025600
110,,zhang,6565ea4b-32a3-4a57-848d-c803b47a6b17,korhonen,4424481742
111,ifgsm,stadv,6565ea4b-32a3-4a57-848d-c803b47a6b17,ifgsm,4424481742
112,fmgoat,zhang,6565ea4b-32a3-4a57-848d-c803b47a6b17,fmgoat,4424481742
113,fmgoat,zhang,6565ea4b-32a3-4a57-848d-c803b47a6b17,fmgoat,4424481742
114,ifgsm,ifgsm,6565ea4b-32a3-4a57-848d-c803b47a6b17,stadv,4424481742
115,,zhang,6565ea4b-32a3-4a57-848d-c803b47a6b17,korhonen,4424481742
116,ifgsm,ifgsm,6565ea4b-32a3-4a57-848d-c803b47a6b17,stadv,4424481742
117,fmgoat,stadv,6565ea4b-32a3-4a57-848d-c803b47a6b17,fmgoat,2640025600
118,,zhang,6565ea4b-32a3-4a57-848d-c803b47a6b17,korhonen,4424481742
119,fmgoat,fmgoat,6565ea4b-32a3-4a57-848d-c803b47a6b17,korhonen,3697493807
120,fmgoat,stadv,6565ea4b-32a3-4a57-848d-c803b47a6b17,fmgoat,2640025600
121,good,bad,6565ea4b-32a3-4a57-848d-c803b47a6b17,good,v4
122,fmgoat,fmgoat,6565ea4b-32a3-4a57-848d-c803b47a6b17,zhang,4424481742
123,good,good,6565ea4b-32a3-4a57-848d-c803b47a6b17,bad,v7
124,ifgsm,ifgsm,6565ea4b-32a3-4a57-848d-c803b47a6b17,stadv,4424481742
125,,stadv,9448b20c-2c07-449d-8ef0-8b62c620512f,ifgsm,4424481742
126,fmgoat,fmgoat,9448b20c-2c07-449d-8ef0-8b62c620512f,zhang,4424481742
127,good,good,9448b20c-2c07-449d-8ef0-8b62c620512f,bad,v3
128,,stadv,9448b20c-2c07-449d-8ef0-8b62c620512f,ifgsm,4424481742
129,ifgsm,stadv,9448b20c-2c07-449d-8ef0-8b62c620512f,ifgsm,4424481742
130,fmgoat,stadv,9448b20c-2c07-449d-8ef0-8b62c620512f,fmgoat,2640025600
131,,stadv,9448b20c-2c07-449d-8ef0-8b62c620512f,fmgoat,2640025600
132,fmgoat,zhang,9448b20c-2c07-449d-8ef0-8b62c620512f,fmgoat,4424481742
133,fmgoat,fmgoat,9448b20c-2c07-449d-8ef0-8b62c620512f,zhang,4424481742
134,good,bad,9448b20c-2c07-449d-8ef0-8b62c620512f,good,v3
135,zhang,zhang,9448b20c-2c07-449d-8ef0-8b62c620512f,ifgsm,3697493807
136,,stadv,9448b20c-2c07-449d-8ef0-8b62c620512f,fmgoat,2640025600
137,fmgoat,zhang,9448b20c-2c07-449d-8ef0-8b62c620512f,fmgoat,4424481742
138,ifgsm,stadv,9448b20c-2c07-449d-8ef0-8b62c620512f,ifgsm,4424481742
139,ifgsm,ifgsm,9448b20c-2c07-449d-8ef0-8b62c620512f,stadv,4424481742
140,fmgoat,fmgoat,9448b20c-2c07-449d-8ef0-8b62c620512f,stadv,2640025600
141,ifgsm,stadv,9448b20c-2c07-449d-8ef0-8b62c620512f,ifgsm,4424481742
142,good,good,9448b20c-2c07-449d-8ef0-8b62c620512f,bad,v5
143,ifgsm,stadv,9448b20c-2c07-449d-8ef0-8b62c620512f,ifgsm,4424481742
144,,korhonen,9448b20c-2c07-449d-8ef0-8b62c620512f,zhang,4424481742
145,,stadv,9448b20c-2c07-449d-8ef0-8b62c620512f,fmgoat,2640025600
146,,ifgsm,9448b20c-2c07-449d-8ef0-8b62c620512f,stadv,4424481742
147,,fmgoat,9448b20c-2c07-449d-8ef0-8b62c620512f,stadv,2640025600
148,,fmgoat,9448b20c-2c07-449d-8ef0-8b62c620512f,stadv,2640025600
149,,fmgoat,9448b20c-2c07-449d-8ef0-8b62c620512f,stadv,2640025600
150,zhang,zhang,30842fa5-82b2-411e-a281-b193bd37b38a,ifgsm,3697493807
151,korhonen,zhang,30842fa5-82b2-411e-a281-b193bd37b38a,korhonen,4424481742
152,zhang,fmgoat,30842fa5-82b2-411e-a281-b193bd37b38a,zhang,4424481742
153,stadv,fmgoat,30842fa5-82b2-411e-a281-b193bd37b38a,stadv,2640025600
154,ifgsm,stadv,30842fa5-82b2-411e-a281-b193bd37b38a,ifgsm,4424481742
155,fmgoat,stadv,30842fa5-82b2-411e-a281-b193bd37b38a,fmgoat,2640025600
156,fmgoat,stadv,30842fa5-82b2-411e-a281-b193bd37b38a,fmgoat,2640025600
157,korhonen,zhang,30842fa5-82b2-411e-a281-b193bd37b38a,korhonen,4424481742
158,korhonen,korhonen,30842fa5-82b2-411e-a281-b193bd37b38a,zhang,4424481742
159,good,bad,30842fa5-82b2-411e-a281-b193bd37b38a,good,v1
160,fmgoat,zhang,30842fa5-82b2-411e-a281-b193bd37b38a,fmgoat,4424481742
161,fmgoat,fmgoat,30842fa5-82b2-411e-a281-b193bd37b38a,zhang,4424481742
162,good,good,30842fa5-82b2-411e-a281-b193bd37b38a,bad,v3
163,ifgsm,stadv,30842fa5-82b2-411e-a281-b193bd37b38a,ifgsm,4424481742
164,fmgoat,stadv,30842fa5-82b2-411e-a281-b193bd37b38a,fmgoat,2640025600
165,ifgsm,stadv,30842fa5-82b2-411e-a281-b193bd37b38a,ifgsm,4424481742
166,good,bad,30842fa5-82b2-411e-a281-b193bd37b38a,good,v5
167,,zhang,30842fa5-82b2-411e-a281-b193bd37b38a,korhonen,4424481742
168,fmgoat,fmgoat,30842fa5-82b2-411e-a281-b193bd37b38a,stadv,2640025600
169,zhang,zhang,30842fa5-82b2-411e-a281-b193bd37b38a,fmgoat,4424481742
170,zhang,fmgoat,30842fa5-82b2-411e-a281-b193bd37b38a,zhang,4424481742
171,ifgsm,ifgsm,30842fa5-82b2-411e-a281-b193bd37b38a,stadv,4424481742
172,,zhang,30842fa5-82b2-411e-a281-b193bd37b38a,korhonen,4424481742
173,,ifgsm,30842fa5-82b2-411e-a281-b193bd37b38a,zhang,3697493807
174,,zhang,30842fa5-82b2-411e-a281-b193bd37b38a,korhonen,4424481742
175,ifgsm,ifgsm,da0f3c95-324b-48cb-9cc5-fc52924be75f,stadv,3697493807
176,zhang,stadv,da0f3c95-324b-48cb-9cc5-fc52924be75f,zhang,2909358760
177,good,bad,da0f3c95-324b-48cb-9cc5-fc52924be75f,good,v7
178,zhang,zhang,da0f3c95-324b-48cb-9cc5-fc52924be75f,stadv,8351568109
179,fmgoat,fmgoat,da0f3c95-324b-48cb-9cc5-fc52924be75f,ifgsm,2909358760
180,ifgsm,stadv,da0f3c95-324b-48cb-9cc5-fc52924be75f,ifgsm,3697493807
181,zhang,stadv,da0f3c95-324b-48cb-9cc5-fc52924be75f,zhang,8351568109
182,good,bad,da0f3c95-324b-48cb-9cc5-fc52924be75f,good,v4
183,zhang,zhang,da0f3c95-324b-48cb-9cc5-fc52924be75f,stadv,2909358760
184,ifgsm,stadv,da0f3c95-324b-48cb-9cc5-fc52924be75f,ifgsm,3697493807
185,ifgsm,ifgsm,da0f3c95-324b-48cb-9cc5-fc52924be75f,stadv,3697493807
186,clear,clear,da0f3c95-324b-48cb-9cc5-fc52924be75f,ifgsm,8639759293
187,ifgsm,stadv,da0f3c95-324b-48cb-9cc5-fc52924be75f,ifgsm,3697493807
188,zhang,stadv,da0f3c95-324b-48cb-9cc5-fc52924be75f,zhang,2909358760
189,clear,clear,da0f3c95-324b-48cb-9cc5-fc52924be75f,stadv,2909358760
190,ifgsm,ifgsm,da0f3c95-324b-48cb-9cc5-fc52924be75f,stadv,3697493807
191,fmgoat,fmgoat,da0f3c95-324b-48cb-9cc5-fc52924be75f,korhonen,2909358760
192,zhang,zhang,da0f3c95-324b-48cb-9cc5-fc52924be75f,stadv,2909358760
193,ifgsm,ifgsm,da0f3c95-324b-48cb-9cc5-fc52924be75f,stadv,3697493807
194,ifgsm,ifgsm,da0f3c95-324b-48cb-9cc5-fc52924be75f,stadv,3697493807
195,fmgoat,fmgoat,da0f3c95-324b-48cb-9cc5-fc52924be75f,korhonen,2909358760
196,good,bad,da0f3c95-324b-48cb-9cc5-fc52924be75f,good,v3
197,clear,clear,da0f3c95-324b-48cb-9cc5-fc52924be75f,stadv,2909358760
198,ifgsm,fmgoat,da0f3c95-324b-48cb-9cc5-fc52924be75f,ifgsm,2909358760
199,clear,clear,da0f3c95-324b-48cb-9cc5-fc52924be75f,stadv,2909358760
200,good,bad,06189408-3d71-481e-83b5-a1a375e2833f,good,v6
201,ifgsm,stadv,06189408-3d71-481e-83b5-a1a375e2833f,ifgsm,3697493807
202,zhang,stadv,06189408-3d71-481e-83b5-a1a375e2833f,zhang,8351568109
203,good,bad,06189408-3d71-481e-83b5-a1a375e2833f,good,v3
204,fmgoat,korhonen,06189408-3d71-481e-83b5-a1a375e2833f,fmgoat,2909358760
205,fmgoat,korhonen,06189408-3d71-481e-83b5-a1a375e2833f,fmgoat,2909358760
206,stadv,stadv,06189408-3d71-481e-83b5-a1a375e2833f,zhang,2909358760
207,zhang,stadv,06189408-3d71-481e-83b5-a1a375e2833f,zhang,8351568109
208,clear,stadv,06189408-3d71-481e-83b5-a1a375e2833f,clear,2909358760
209,fmgoat,korhonen,06189408-3d71-481e-83b5-a1a375e2833f,fmgoat,2909358760
210,clear,clear,06189408-3d71-481e-83b5-a1a375e2833f,stadv,2909358760
211,fmgoat,korhonen,06189408-3d71-481e-83b5-a1a375e2833f,fmgoat,2909358760
212,zhang,stadv,06189408-3d71-481e-83b5-a1a375e2833f,zhang,8351568109
213,ifgsm,ifgsm,06189408-3d71-481e-83b5-a1a375e2833f,stadv,3697493807
214,fmgoat,korhonen,06189408-3d71-481e-83b5-a1a375e2833f,fmgoat,2909358760
215,ifgsm,stadv,06189408-3d71-481e-83b5-a1a375e2833f,ifgsm,3697493807
216,zhang,zhang,06189408-3d71-481e-83b5-a1a375e2833f,stadv,8351568109
217,zhang,stadv,06189408-3d71-481e-83b5-a1a375e2833f,zhang,2909358760
218,clear,stadv,06189408-3d71-481e-83b5-a1a375e2833f,clear,2909358760
219,zhang,stadv,06189408-3d71-481e-83b5-a1a375e2833f,zhang,2909358760
220,clear,clear,06189408-3d71-481e-83b5-a1a375e2833f,stadv,2909358760
221,good,good,06189408-3d71-481e-83b5-a1a375e2833f,bad,v6
222,zhang,stadv,06189408-3d71-481e-83b5-a1a375e2833f,zhang,8351568109
223,ifgsm,stadv,06189408-3d71-481e-83b5-a1a375e2833f,ifgsm,3697493807
224,ifgsm,ifgsm,06189408-3d71-481e-83b5-a1a375e2833f,stadv,3697493807
225,zhang,zhang,b2ffa8a7-4304-4e2c-a72f-b4eefb4b961c,stadv,2909358760
226,zhang,zhang,b2ffa8a7-4304-4e2c-a72f-b4eefb4b961c,stadv,2909358760
227,zhang,stadv,b2ffa8a7-4304-4e2c-a72f-b4eefb4b961c,zhang,2909358760
228,zhang,zhang,b2ffa8a7-4304-4e2c-a72f-b4eefb4b961c,stadv,2909358760
229,ifgsm,ifgsm,b2ffa8a7-4304-4e2c-a72f-b4eefb4b961c,stadv,3697493807
230,korhonen,fmgoat,b2ffa8a7-4304-4e2c-a72f-b4eefb4b961c,korhonen,2909358760
231,zhang,zhang,b2ffa8a7-4304-4e2c-a72f-b4eefb4b961c,stadv,8351568109
232,zhang,zhang,b2ffa8a7-4304-4e2c-a72f-b4eefb4b961c,stadv,2909358760
233,ifgsm,ifgsm,b2ffa8a7-4304-4e2c-a72f-b4eefb4b961c,stadv,3697493807
234,zhang,stadv,b2ffa8a7-4304-4e2c-a72f-b4eefb4b961c,zhang,8351568109
235,clear,ifgsm,b2ffa8a7-4304-4e2c-a72f-b4eefb4b961c,clear,8639759293
236,korhonen,fmgoat,b2ffa8a7-4304-4e2c-a72f-b4eefb4b961c,korhonen,2909358760
237,ifgsm,clear,b2ffa8a7-4304-4e2c-a72f-b4eefb4b961c,ifgsm,8639759293
238,zhang,zhang,b2ffa8a7-4304-4e2c-a72f-b4eefb4b961c,stadv,2909358760
239,good,bad,b2ffa8a7-4304-4e2c-a72f-b4eefb4b961c,good,v3
240,ifgsm,stadv,b2ffa8a7-4304-4e2c-a72f-b4eefb4b961c,ifgsm,3697493807
241,good,good,b2ffa8a7-4304-4e2c-a72f-b4eefb4b961c,bad,v2
242,fmgoat,fmgoat,b2ffa8a7-4304-4e2c-a72f-b4eefb4b961c,ifgsm,2909358760
243,korhonen,fmgoat,b2ffa8a7-4304-4e2c-a72f-b4eefb4b961c,korhonen,2909358760
244,clear,stadv,b2ffa8a7-4304-4e2c-a72f-b4eefb4b961c,clear,2909358760
245,fmgoat,korhonen,b2ffa8a7-4304-4e2c-a72f-b4eefb4b961c,fmgoat,2909358760
246,fmgoat,ifgsm,b2ffa8a7-4304-4e2c-a72f-b4eefb4b961c,fmgoat,2909358760
247,clear,clear,b2ffa8a7-4304-4e2c-a72f-b4eefb4b961c,stadv,2909358760
248,good,bad,b2ffa8a7-4304-4e2c-a72f-b4eefb4b961c,good,v5
249,clear,stadv,b2ffa8a7-4304-4e2c-a72f-b4eefb4b961c,clear,2909358760
250,zhang,zhang,fe7333c4-c1da-42fe-9a1b-0aa861d30784,ifgsm,2640025600
251,clear,clear,fe7333c4-c1da-42fe-9a1b-0aa861d30784,ifgsm,8639759293
252,zhang,ifgsm,fe7333c4-c1da-42fe-9a1b-0aa861d30784,zhang,2640025600
253,clear,ifgsm,fe7333c4-c1da-42fe-9a1b-0aa861d30784,clear,8639759293
254,clear,clear,fe7333c4-c1da-42fe-9a1b-0aa861d30784,ifgsm,8639759293
255,good,bad,fe7333c4-c1da-42fe-9a1b-0aa861d30784,good,v3
256,korhonen,ifgsm,fe7333c4-c1da-42fe-9a1b-0aa861d30784,korhonen,2640025600
257,good,good,fe7333c4-c1da-42fe-9a1b-0aa861d30784,bad,v3
258,zhang,ifgsm,fe7333c4-c1da-42fe-9a1b-0aa861d30784,zhang,2640025600
259,good,bad,fe7333c4-c1da-42fe-9a1b-0aa861d30784,good,v1
260,zhang,ifgsm,fe7333c4-c1da-42fe-9a1b-0aa861d30784,zhang,2640025600
261,clear,ifgsm,fe7333c4-c1da-42fe-9a1b-0aa861d30784,clear,8639759293
262,zhang,ifgsm,fe7333c4-c1da-42fe-9a1b-0aa861d30784,zhang,2640025600
263,ifgsm,ifgsm,fe7333c4-c1da-42fe-9a1b-0aa861d30784,stadv,3697493807
264,clear,ifgsm,fe7333c4-c1da-42fe-9a1b-0aa861d30784,clear,8639759293
265,zhang,ifgsm,fe7333c4-c1da-42fe-9a1b-0aa861d30784,zhang,2640025600
266,ifgsm,stadv,fe7333c4-c1da-42fe-9a1b-0aa861d30784,ifgsm,3697493807
267,clear,clear,fe7333c4-c1da-42fe-9a1b-0aa861d30784,ifgsm,6351773844
268,clear,ifgsm,fe7333c4-c1da-42fe-9a1b-0aa861d30784,clear,6351773844
269,ifgsm,stadv,fe7333c4-c1da-42fe-9a1b-0aa861d30784,ifgsm,3697493807
270,ifgsm,stadv,fe7333c4-c1da-42fe-9a1b-0aa861d30784,ifgsm,3697493807
271,zhang,zhang,fe7333c4-c1da-42fe-9a1b-0aa861d30784,ifgsm,2640025600
272,zhang,zhang,fe7333c4-c1da-42fe-9a1b-0aa861d30784,ifgsm,2640025600
273,zhang,zhang,fe7333c4-c1da-42fe-9a1b-0aa861d30784,ifgsm,2640025600
274,ifgsm,stadv,fe7333c4-c1da-42fe-9a1b-0aa861d30784,ifgsm,3697493807
275,clear,stadv,1e0f0731-4a37-4885-b27f-8a4777e62b38,clear,8639759293
276,clear,clear,1e0f0731-4a37-4885-b27f-8a4777e62b38,korhonen,3697493807
277,good,good,1e0f0731-4a37-4885-b27f-8a4777e62b38,bad,v5
278,korhonen,ifgsm,1e0f0731-4a37-4885-b27f-8a4777e62b38,korhonen,3697493807
279,stadv,stadv,1e0f0731-4a37-4885-b27f-8a4777e62b38,ifgsm,2640025600
280,clear,clear,1e0f0731-4a37-4885-b27f-8a4777e62b38,korhonen,3697493807
281,clear,ifgsm,1e0f0731-4a37-4885-b27f-8a4777e62b38,clear,2640025600
282,clear,clear,1e0f0731-4a37-4885-b27f-8a4777e62b38,ifgsm,2640025600
283,good,bad,1e0f0731-4a37-4885-b27f-8a4777e62b38,good,v5
284,fmgoat,fmgoat,1e0f0731-4a37-4885-b27f-8a4777e62b38,zhang,8639759293
285,good,bad,1e0f0731-4a37-4885-b27f-8a4777e62b38,good,v2
286,clear,ifgsm,1e0f0731-4a37-4885-b27f-8a4777e62b38,clear,2640025600
287,clear,clear,1e0f0731-4a37-4885-b27f-8a4777e62b38,korhonen,3697493807
288,clear,ifgsm,1e0f0731-4a37-4885-b27f-8a4777e62b38,clear,2640025600
289,stadv,stadv,1e0f0731-4a37-4885-b27f-8a4777e62b38,ifgsm,2640025600
290,fmgoat,zhang,1e0f0731-4a37-4885-b27f-8a4777e62b38,fmgoat,8639759293
291,clear,ifgsm,1e0f0731-4a37-4885-b27f-8a4777e62b38,clear,2640025600
292,korhonen,clear,1e0f0731-4a37-4885-b27f-8a4777e62b38,korhonen,3697493807
293,clear,clear,1e0f0731-4a37-4885-b27f-8a4777e62b38,ifgsm,2640025600
294,korhonen,korhonen,1e0f0731-4a37-4885-b27f-8a4777e62b38,ifgsm,3697493807
295,zhang,zhang,1e0f0731-4a37-4885-b27f-8a4777e62b38,ifgsm,8639759293
296,zhang,zhang,1e0f0731-4a37-4885-b27f-8a4777e62b38,ifgsm,8639759293
297,stadv,stadv,1e0f0731-4a37-4885-b27f-8a4777e62b38,ifgsm,2640025600
298,korhonen,ifgsm,1e0f0731-4a37-4885-b27f-8a4777e62b38,korhonen,3697493807
299,clear,clear,1e0f0731-4a37-4885-b27f-8a4777e62b38,ifgsm,6351773844
300,stadv,stadv,1bb74b7e-3458-41d9-914a-552edb369e26,ifgsm,2640025600
301,clear,ifgsm,1bb74b7e-3458-41d9-914a-552edb369e26,clear,2640025600
302,stadv,ifgsm,1bb74b7e-3458-41d9-914a-552edb369e26,stadv,2640025600
303,clear,ifgsm,1bb74b7e-3458-41d9-914a-552edb369e26,clear,2640025600
304,clear,ifgsm,1bb74b7e-3458-41d9-914a-552edb369e26,clear,6351773844
305,zhang,ifgsm,1bb74b7e-3458-41d9-914a-552edb369e26,zhang,8639759293
306,clear,clear,1bb74b7e-3458-41d9-914a-552edb369e26,ifgsm,2640025600
307,clear,ifgsm,1bb74b7e-3458-41d9-914a-552edb369e26,clear,2640025600
308,good,good,1bb74b7e-3458-41d9-914a-552edb369e26,bad,v1
309,good,good,1bb74b7e-3458-41d9-914a-552edb369e26,bad,v2
310,clear,clear,1bb74b7e-3458-41d9-914a-552edb369e26,korhonen,3697493807
311,clear,ifgsm,1bb74b7e-3458-41d9-914a-552edb369e26,clear,2640025600
312,clear,clear,1bb74b7e-3458-41d9-914a-552edb369e26,ifgsm,2640025600
313,zhang,ifgsm,1bb74b7e-3458-41d9-914a-552edb369e26,zhang,8639759293
314,clear,clear,1bb74b7e-3458-41d9-914a-552edb369e26,ifgsm,2640025600
315,clear,ifgsm,1bb74b7e-3458-41d9-914a-552edb369e26,clear,2640025600
316,fmgoat,fmgoat,1bb74b7e-3458-41d9-914a-552edb369e26,zhang,8639759293
317,stadv,stadv,1bb74b7e-3458-41d9-914a-552edb369e26,ifgsm,2640025600
318,stadv,stadv,1bb74b7e-3458-41d9-914a-552edb369e26,ifgsm,2640025600
319,clear,clear,1bb74b7e-3458-41d9-914a-552edb369e26,ifgsm,2640025600
320,good,good,1bb74b7e-3458-41d9-914a-552edb369e26,bad,v1
321,fmgoat,fmgoat,1bb74b7e-3458-41d9-914a-552edb369e26,zhang,8639759293
322,clear,ifgsm,1bb74b7e-3458-41d9-914a-552edb369e26,clear,2640025600
323,clear,clear,1bb74b7e-3458-41d9-914a-552edb369e26,ifgsm,2640025600
324,korhonen,ifgsm,1bb74b7e-3458-41d9-914a-552edb369e26,korhonen,3697493807
325,clear,ifgsm,a4317d2c-25e9-4cfe-9e79-b2d6cd614165,clear,2640025600
326,clear,clear,a4317d2c-25e9-4cfe-9e79-b2d6cd614165,korhonen,3697493807
327,ifgsm,ifgsm,a4317d2c-25e9-4cfe-9e79-b2d6cd614165,stadv,2640025600
328,ifgsm,stadv,a4317d2c-25e9-4cfe-9e79-b2d6cd614165,ifgsm,2640025600
329,good,good,a4317d2c-25e9-4cfe-9e79-b2d6cd614165,bad,v4
330,korhonen,korhonen,a4317d2c-25e9-4cfe-9e79-b2d6cd614165,ifgsm,3697493807
331,ifgsm,ifgsm,a4317d2c-25e9-4cfe-9e79-b2d6cd614165,stadv,2640025600
332,fmgoat,fmgoat,a4317d2c-25e9-4cfe-9e79-b2d6cd614165,zhang,8639759293
333,clear,clear,a4317d2c-25e9-4cfe-9e79-b2d6cd614165,ifgsm,2640025600
334,clear,ifgsm,a4317d2c-25e9-4cfe-9e79-b2d6cd614165,clear,2640025600
335,good,good,a4317d2c-25e9-4cfe-9e79-b2d6cd614165,bad,v4
336,ifgsm,ifgsm,a4317d2c-25e9-4cfe-9e79-b2d6cd614165,stadv,2640025600
337,ifgsm,ifgsm,a4317d2c-25e9-4cfe-9e79-b2d6cd614165,stadv,2640025600
338,clear,clear,a4317d2c-25e9-4cfe-9e79-b2d6cd614165,ifgsm,2640025600
339,clear,clear,a4317d2c-25e9-4cfe-9e79-b2d6cd614165,korhonen,3697493807
340,ifgsm,stadv,a4317d2c-25e9-4cfe-9e79-b2d6cd614165,ifgsm,2640025600
341,good,good,a4317d2c-25e9-4cfe-9e79-b2d6cd614165,bad,v3
342,clear,ifgsm,a4317d2c-25e9-4cfe-9e79-b2d6cd614165,clear,2640025600
343,clear,stadv,a4317d2c-25e9-4cfe-9e79-b2d6cd614165,clear,8639759293
344,korhonen,korhonen,a4317d2c-25e9-4cfe-9e79-b2d6cd614165,ifgsm,3697493807
345,clear,ifgsm,a4317d2c-25e9-4cfe-9e79-b2d6cd614165,clear,2640025600
346,korhonen,korhonen,a4317d2c-25e9-4cfe-9e79-b2d6cd614165,ifgsm,3697493807
347,clear,ifgsm,a4317d2c-25e9-4cfe-9e79-b2d6cd614165,clear,2640025600
348,clear,ifgsm,a4317d2c-25e9-4cfe-9e79-b2d6cd614165,clear,2640025600
349,clear,clear,a4317d2c-25e9-4cfe-9e79-b2d6cd614165,korhonen,3697493807
350,fmgoat,stadv,b6099e2c-2eaa-4e06-b72c-f5a3bc20df05,fmgoat,3697493807
351,fmgoat,stadv,b6099e2c-2eaa-4e06-b72c-f5a3bc20df05,fmgoat,3697493807
352,clear,clear,b6099e2c-2eaa-4e06-b72c-f5a3bc20df05,korhonen,10740727595
353,fmgoat,zhang,b6099e2c-2eaa-4e06-b72c-f5a3bc20df05,fmgoat,6351773844
354,fmgoat,stadv,b6099e2c-2eaa-4e06-b72c-f5a3bc20df05,fmgoat,3697493807
355,clear,clear,b6099e2c-2eaa-4e06-b72c-f5a3bc20df05,korhonen,10740727595
356,fmgoat,fmgoat,b6099e2c-2eaa-4e06-b72c-f5a3bc20df05,zhang,6351773844
357,korhonen,stadv,b6099e2c-2eaa-4e06-b72c-f5a3bc20df05,korhonen,8639759293
358,clear,zhang,b6099e2c-2eaa-4e06-b72c-f5a3bc20df05,clear,10740727595
359,clear,clear,b6099e2c-2eaa-4e06-b72c-f5a3bc20df05,korhonen,8639759293
360,,clear,b6099e2c-2eaa-4e06-b72c-f5a3bc20df05,fmgoat,10740727595
361,korhonen,stadv,b6099e2c-2eaa-4e06-b72c-f5a3bc20df05,korhonen,8639759293
362,good,good,b6099e2c-2eaa-4e06-b72c-f5a3bc20df05,bad,v6
363,good,good,b6099e2c-2eaa-4e06-b72c-f5a3bc20df05,bad,v2
364,fmgoat,fmgoat,b6099e2c-2eaa-4e06-b72c-f5a3bc20df05,stadv,3697493807
365,fmgoat,stadv,b6099e2c-2eaa-4e06-b72c-f5a3bc20df05,fmgoat,3697493807
366,korhonen,stadv,b6099e2c-2eaa-4e06-b72c-f5a3bc20df05,korhonen,10740727595
367,fmgoat,korhonen,b6099e2c-2eaa-4e06-b72c-f5a3bc20df05,fmgoat,6351773844
368,good,good,b6099e2c-2eaa-4e06-b72c-f5a3bc20df05,bad,v4
369,korhonen,korhonen,b6099e2c-2eaa-4e06-b72c-f5a3bc20df05,stadv,10740727595
370,korhonen,korhonen,b6099e2c-2eaa-4e06-b72c-f5a3bc20df05,stadv,8639759293
371,korhonen,korhonen,b6099e2c-2eaa-4e06-b72c-f5a3bc20df05,stadv,8639759293
372,korhonen,korhonen,b6099e2c-2eaa-4e06-b72c-f5a3bc20df05,stadv,10740727595
373,fmgoat,stadv,b6099e2c-2eaa-4e06-b72c-f5a3bc20df05,fmgoat,3697493807
374,,fmgoat,b6099e2c-2eaa-4e06-b72c-f5a3bc20df05,clear,10740727595
375,korhonen,stadv,d158f60a-6923-4ad4-a0e9-e30a0cd68143,korhonen,8639759293
376,good,good,d158f60a-6923-4ad4-a0e9-e30a0cd68143,bad,v3
377,fmgoat,stadv,d158f60a-6923-4ad4-a0e9-e30a0cd68143,fmgoat,3697493807
378,fmgoat,stadv,d158f60a-6923-4ad4-a0e9-e30a0cd68143,fmgoat,3697493807
379,fmgoat,fmgoat,d158f60a-6923-4ad4-a0e9-e30a0cd68143,stadv,3697493807
380,fmgoat,korhonen,d158f60a-6923-4ad4-a0e9-e30a0cd68143,fmgoat,10740727595
381,clear,clear,d158f60a-6923-4ad4-a0e9-e30a0cd68143,stadv,9646776074
382,clear,clear,d158f60a-6923-4ad4-a0e9-e30a0cd68143,stadv,9646776074
383,clear,clear,d158f60a-6923-4ad4-a0e9-e30a0cd68143,stadv,9646776074
384,clear,korhonen,d158f60a-6923-4ad4-a0e9-e30a0cd68143,clear,8639759293
385,clear,clear,d158f60a-6923-4ad4-a0e9-e30a0cd68143,zhang,10740727595
386,clear,korhonen,d158f60a-6923-4ad4-a0e9-e30a0cd68143,clear,8639759293
387,clear,korhonen,d158f60a-6923-4ad4-a0e9-e30a0cd68143,clear,8639759293
388,korhonen,korhonen,d158f60a-6923-4ad4-a0e9-e30a0cd68143,stadv,8639759293
389,fmgoat,fmgoat,d158f60a-6923-4ad4-a0e9-e30a0cd68143,stadv,3697493807
390,fmgoat,fmgoat,d158f60a-6923-4ad4-a0e9-e30a0cd68143,korhonen,10740727595
391,clear,zhang,d158f60a-6923-4ad4-a0e9-e30a0cd68143,clear,10740727595
392,fmgoat,fmgoat,d158f60a-6923-4ad4-a0e9-e30a0cd68143,stadv,3697493807
393,korhonen,korhonen,d158f60a-6923-4ad4-a0e9-e30a0cd68143,stadv,8639759293
394,fmgoat,korhonen,d158f60a-6923-4ad4-a0e9-e30a0cd68143,fmgoat,9646776074
395,good,good,d158f60a-6923-4ad4-a0e9-e30a0cd68143,bad,v3
396,fmgoat,fmgoat,d158f60a-6923-4ad4-a0e9-e30a0cd68143,korhonen,10740727595
397,fmgoat,fmgoat,d158f60a-6923-4ad4-a0e9-e30a0cd68143,zhang,6351773844
398,good,good,d158f60a-6923-4ad4-a0e9-e30a0cd68143,bad,v1
399,fmgoat,fmgoat,d158f60a-6923-4ad4-a0e9-e30a0cd68143,stadv,3697493807
400,fmgoat,fmgoat,31d61cfa-94bf-412c-81dd-d03c4f878a41,zhang,6351773844
401,clear,clear,31d61cfa-94bf-412c-81dd-d03c4f878a41,stadv,9646776074
402,clear,zhang,31d61cfa-94bf-412c-81dd-d03c4f878a41,clear,10740727595
403,clear,clear,31d61cfa-94bf-412c-81dd-d03c4f878a41,korhonen,8639759293
404,fmgoat,stadv,31d61cfa-94bf-412c-81dd-d03c4f878a41,fmgoat,3697493807
405,korhonen,stadv,31d61cfa-94bf-412c-81dd-d03c4f878a41,korhonen,8639759293
406,clear,clear,31d61cfa-94bf-412c-81dd-d03c4f878a41,stadv,9646776074
407,clear,stadv,31d61cfa-94bf-412c-81dd-d03c4f878a41,clear,9646776074
408,korhonen,korhonen,31d61cfa-94bf-412c-81dd-d03c4f878a41,stadv,8639759293
409,clear,korhonen,31d61cfa-94bf-412c-81dd-d03c4f878a41,clear,10740727595
410,good,good,31d61cfa-94bf-412c-81dd-d03c4f878a41,bad,v4
411,korhonen,korhonen,31d61cfa-94bf-412c-81dd-d03c4f878a41,stadv,8639759293
412,clear,clear,31d61cfa-94bf-412c-81dd-d03c4f878a41,stadv,9646776074
413,fmgoat,korhonen,31d61cfa-94bf-412c-81dd-d03c4f878a41,fmgoat,6351773844
414,fmgoat,fmgoat,31d61cfa-94bf-412c-81dd-d03c4f878a41,stadv,3697493807
415,fmgoat,korhonen,31d61cfa-94bf-412c-81dd-d03c4f878a41,fmgoat,10740727595
416,clear,clear,31d61cfa-94bf-412c-81dd-d03c4f878a41,korhonen,8639759293
417,good,good,31d61cfa-94bf-412c-81dd-d03c4f878a41,bad,v7
418,fmgoat,stadv,31d61cfa-94bf-412c-81dd-d03c4f878a41,fmgoat,3697493807
419,fmgoat,fmgoat,31d61cfa-94bf-412c-81dd-d03c4f878a41,stadv,3697493807
420,clear,stadv,31d61cfa-94bf-412c-81dd-d03c4f878a41,clear,6351773844
421,good,bad,31d61cfa-94bf-412c-81dd-d03c4f878a41,good,v7
422,fmgoat,fmgoat,31d61cfa-94bf-412c-81dd-d03c4f878a41,stadv,3697493807
423,,korhonen,31d61cfa-94bf-412c-81dd-d03c4f878a41,stadv,10740727595
424,,clear,31d61cfa-94bf-412c-81dd-d03c4f878a41,fmgoat,10740727595
425,korhonen,stadv,b381a8bd-c830-423e-91af-49de8346de4c,korhonen,8639759293
426,clear,clear,b381a8bd-c830-423e-91af-49de8346de4c,korhonen,8639759293
427,,clear,b381a8bd-c830-423e-91af-49de8346de4c,korhonen,8639759293
428,clear,zhang,b381a8bd-c830-423e-91af-49de8346de4c,clear,10740727595
429,fmgoat,fmgoat,b381a8bd-c830-423e-91af-49de8346de4c,korhonen,6351773844
430,good,good,b381a8bd-c830-423e-91af-49de8346de4c,bad,v5
431,korhonen,stadv,b381a8bd-c830-423e-91af-49de8346de4c,korhonen,8639759293
432,fmgoat,stadv,b381a8bd-c830-423e-91af-49de8346de4c,fmgoat,3697493807
433,fmgoat,fmgoat,b381a8bd-c830-423e-91af-49de8346de4c,stadv,3697493807
434,clear,clear,b381a8bd-c830-423e-91af-49de8346de4c,zhang,10740727595
435,fmgoat,fmgoat,b381a8bd-c830-423e-91af-49de8346de4c,stadv,3697493807
436,korhonen,korhonen,b381a8bd-c830-423e-91af-49de8346de4c,stadv,8639759293
437,fmgoat,fmgoat,b381a8bd-c830-423e-91af-49de8346de4c,stadv,3697493807
438,,stadv,b381a8bd-c830-423e-91af-49de8346de4c,korhonen,10740727595
439,clear,clear,b381a8bd-c830-423e-91af-49de8346de4c,korhonen,8639759293
440,clear,korhonen,b381a8bd-c830-423e-91af-49de8346de4c,clear,10740727595
441,clear,zhang,b381a8bd-c830-423e-91af-49de8346de4c,clear,10740727595
442,korhonen,stadv,b381a8bd-c830-423e-91af-49de8346de4c,korhonen,8639759293
443,korhonen,stadv,b381a8bd-c830-423e-91af-49de8346de4c,korhonen,8639759293
444,fmgoat,fmgoat,b381a8bd-c830-423e-91af-49de8346de4c,stadv,3697493807
445,fmgoat,korhonen,b381a8bd-c830-423e-91af-49de8346de4c,fmgoat,10740727595
446,good,bad,b381a8bd-c830-423e-91af-49de8346de4c,good,v3
447,fmgoat,fmgoat,b381a8bd-c830-423e-91af-49de8346de4c,stadv,3697493807
448,good,bad,b381a8bd-c830-423e-91af-49de8346de4c,good,v5
449,korhonen,clear,b381a8bd-c830-423e-91af-49de8346de4c,korhonen,8639759293
450,clear,clear,553f09f4-8bf0-462a-9e41-5f6afcaaf0c4,korhonen,8639759293
451,clear,clear,553f09f4-8bf0-462a-9e41-5f6afcaaf0c4,fmgoat,10740727595
452,fmgoat,fmgoat,553f09f4-8bf0-462a-9e41-5f6afcaaf0c4,korhonen,9646776074
453,clear,zhang,553f09f4-8bf0-462a-9e41-5f6afcaaf0c4,clear,10740727595
454,clear,clear,553f09f4-8bf0-462a-9e41-5f6afcaaf0c4,stadv,6351773844
455,good,good,553f09f4-8bf0-462a-9e41-5f6afcaaf0c4,bad,v3
456,fmgoat,fmgoat,553f09f4-8bf0-462a-9e41-5f6afcaaf0c4,stadv,3697493807
457,clear,clear,553f09f4-8bf0-462a-9e41-5f6afcaaf0c4,korhonen,8639759293
458,clear,clear,553f09f4-8bf0-462a-9e41-5f6afcaaf0c4,korhonen,8639759293
459,fmgoat,korhonen,553f09f4-8bf0-462a-9e41-5f6afcaaf0c4,fmgoat,9646776074
460,fmgoat,fmgoat,553f09f4-8bf0-462a-9e41-5f6afcaaf0c4,stadv,3697493807
461,good,bad,553f09f4-8bf0-462a-9e41-5f6afcaaf0c4,good,v3
462,good,good,553f09f4-8bf0-462a-9e41-5f6afcaaf0c4,bad,v3
463,stadv,korhonen,553f09f4-8bf0-462a-9e41-5f6afcaaf0c4,stadv,8639759293
464,fmgoat,korhonen,553f09f4-8bf0-462a-9e41-5f6afcaaf0c4,fmgoat,10740727595
465,fmgoat,korhonen,553f09f4-8bf0-462a-9e41-5f6afcaaf0c4,fmgoat,9646776074
466,fmgoat,fmgoat,553f09f4-8bf0-462a-9e41-5f6afcaaf0c4,stadv,3697493807
467,fmgoat,fmgoat,553f09f4-8bf0-462a-9e41-5f6afcaaf0c4,clear,10740727595
468,clear,clear,553f09f4-8bf0-462a-9e41-5f6afcaaf0c4,korhonen,10740727595
469,clear,clear,553f09f4-8bf0-462a-9e41-5f6afcaaf0c4,korhonen,8639759293
470,fmgoat,stadv,553f09f4-8bf0-462a-9e41-5f6afcaaf0c4,fmgoat,3697493807
471,clear,clear,553f09f4-8bf0-462a-9e41-5f6afcaaf0c4,zhang,10740727595
472,clear,clear,553f09f4-8bf0-462a-9e41-5f6afcaaf0c4,korhonen,8639759293
473,clear,clear,553f09f4-8bf0-462a-9e41-5f6afcaaf0c4,korhonen,8639759293
474,fmgoat,fmgoat,553f09f4-8bf0-462a-9e41-5f6afcaaf0c4,stadv,3697493807
475,korhonen,korhonen,a465334f-351d-4a18-8237-5ee41da19c4c,stadv,3697493807
476,ifgsm,ifgsm,a465334f-351d-4a18-8237-5ee41da19c4c,stadv,10740727595
477,zhang,stadv,a465334f-351d-4a18-8237-5ee41da19c4c,zhang,10740727595
478,korhonen,korhonen,a465334f-351d-4a18-8237-5ee41da19c4c,stadv,3697493807
479,ifgsm,ifgsm,a465334f-351d-4a18-8237-5ee41da19c4c,stadv,10740727595
480,good,bad,a465334f-351d-4a18-8237-5ee41da19c4c,good,v6
481,korhonen,korhonen,a465334f-351d-4a18-8237-5ee41da19c4c,stadv,3697493807
482,korhonen,korhonen,a465334f-351d-4a18-8237-5ee41da19c4c,stadv,3697493807
483,korhonen,korhonen,a465334f-351d-4a18-8237-5ee41da19c4c,stadv,3697493807
484,korhonen,ifgsm,a465334f-351d-4a18-8237-5ee41da19c4c,korhonen,8639759293
485,korhonen,korhonen,a465334f-351d-4a18-8237-5ee41da19c4c,stadv,3697493807
486,korhonen,ifgsm,a465334f-351d-4a18-8237-5ee41da19c4c,korhonen,8639759293
487,ifgsm,korhonen,a465334f-351d-4a18-8237-5ee41da19c4c,ifgsm,8639759293
488,korhonen,korhonen,a465334f-351d-4a18-8237-5ee41da19c4c,stadv,3697493807
489,zhang,zhang,a465334f-351d-4a18-8237-5ee41da19c4c,stadv,10740727595
490,good,good,a465334f-351d-4a18-8237-5ee41da19c4c,bad,v1
491,good,bad,a465334f-351d-4a18-8237-5ee41da19c4c,good,v4
492,fmgoat,fmgoat,a465334f-351d-4a18-8237-5ee41da19c4c,stadv,9646776074
493,zhang,stadv,a465334f-351d-4a18-8237-5ee41da19c4c,zhang,10740727595
494,ifgsm,korhonen,a465334f-351d-4a18-8237-5ee41da19c4c,ifgsm,8639759293
495,korhonen,ifgsm,a465334f-351d-4a18-8237-5ee41da19c4c,korhonen,8639759293
496,ifgsm,clear,a465334f-351d-4a18-8237-5ee41da19c4c,ifgsm,9646776074
497,,korhonen,a465334f-351d-4a18-8237-5ee41da19c4c,ifgsm,8639759293
498,,korhonen,a465334f-351d-4a18-8237-5ee41da19c4c,zhang,9646776074
499,,korhonen,a465334f-351d-4a18-8237-5ee41da19c4c,ifgsm,8639759293
500,zhang,zhang,3bb6ecd3-6a48-4bd2-8a84-1cc6eedc5a43,stadv,10740727595
501,ifgsm,stadv,3bb6ecd3-6a48-4bd2-8a84-1cc6eedc5a43,ifgsm,6351773844
502,korhonen,ifgsm,3bb6ecd3-6a48-4bd2-8a84-1cc6eedc5a43,korhonen,8639759293
503,good,good,3bb6ecd3-6a48-4bd2-8a84-1cc6eedc5a43,bad,v7
504,korhonen,stadv,3bb6ecd3-6a48-4bd2-8a84-1cc6eedc5a43,korhonen,3697493807
505,korhonen,korhonen,3bb6ecd3-6a48-4bd2-8a84-1cc6eedc5a43,ifgsm,8639759293
506,ifgsm,stadv,3bb6ecd3-6a48-4bd2-8a84-1cc6eedc5a43,ifgsm,6351773844
507,good,bad,3bb6ecd3-6a48-4bd2-8a84-1cc6eedc5a43,good,v1
508,clear,clear,3bb6ecd3-6a48-4bd2-8a84-1cc6eedc5a43,ifgsm,9646776074
509,zhang,zhang,3bb6ecd3-6a48-4bd2-8a84-1cc6eedc5a43,korhonen,9646776074
510,zhang,zhang,3bb6ecd3-6a48-4bd2-8a84-1cc6eedc5a43,stadv,10740727595
511,ifgsm,stadv,3bb6ecd3-6a48-4bd2-8a84-1cc6eedc5a43,ifgsm,6351773844
512,zhang,zhang,3bb6ecd3-6a48-4bd2-8a84-1cc6eedc5a43,stadv,10740727595
513,fmgoat,fmgoat,3bb6ecd3-6a48-4bd2-8a84-1cc6eedc5a43,stadv,9646776074
514,korhonen,ifgsm,3bb6ecd3-6a48-4bd2-8a84-1cc6eedc5a43,korhonen,8639759293
515,ifgsm,ifgsm,3bb6ecd3-6a48-4bd2-8a84-1cc6eedc5a43,stadv,6351773844
516,ifgsm,stadv,3bb6ecd3-6a48-4bd2-8a84-1cc6eedc5a43,ifgsm,6351773844
517,ifgsm,ifgsm,3bb6ecd3-6a48-4bd2-8a84-1cc6eedc5a43,korhonen,8639759293
518,good,bad,3bb6ecd3-6a48-4bd2-8a84-1cc6eedc5a43,good,v3
519,ifgsm,ifgsm,3bb6ecd3-6a48-4bd2-8a84-1cc6eedc5a43,stadv,6351773844
520,korhonen,ifgsm,3bb6ecd3-6a48-4bd2-8a84-1cc6eedc5a43,korhonen,8639759293
521,korhonen,korhonen,3bb6ecd3-6a48-4bd2-8a84-1cc6eedc5a43,stadv,3697493807
522,korhonen,ifgsm,3bb6ecd3-6a48-4bd2-8a84-1cc6eedc5a43,korhonen,8639759293
523,korhonen,ifgsm,3bb6ecd3-6a48-4bd2-8a84-1cc6eedc5a43,korhonen,8639759293
524,korhonen,ifgsm,3bb6ecd3-6a48-4bd2-8a84-1cc6eedc5a43,korhonen,8639759293
525,korhonen,korhonen,bfa01b95-68c5-430b-838f-b080dd6f345d,ifgsm,8639759293
526,zhang,stadv,bfa01b95-68c5-430b-838f-b080dd6f345d,zhang,10740727595
527,good,bad,bfa01b95-68c5-430b-838f-b080dd6f345d,good,v3
528,korhonen,ifgsm,bfa01b95-68c5-430b-838f-b080dd6f345d,korhonen,8639759293
529,clear,clear,bfa01b95-68c5-430b-838f-b080dd6f345d,ifgsm,9646776074
530,good,bad,bfa01b95-68c5-430b-838f-b080dd6f345d,good,v1
531,korhonen,ifgsm,bfa01b95-68c5-430b-838f-b080dd6f345d,korhonen,8639759293
532,korhonen,ifgsm,bfa01b95-68c5-430b-838f-b080dd6f345d,korhonen,8639759293
533,zhang,zhang,bfa01b95-68c5-430b-838f-b080dd6f345d,stadv,10740727595
534,korhonen,ifgsm,bfa01b95-68c5-430b-838f-b080dd6f345d,korhonen,8639759293
535,ifgsm,stadv,bfa01b95-68c5-430b-838f-b080dd6f345d,ifgsm,6351773844
536,zhang,korhonen,bfa01b95-68c5-430b-838f-b080dd6f345d,zhang,9646776074
537,ifgsm,ifgsm,bfa01b95-68c5-430b-838f-b080dd6f345d,stadv,10740727595
538,ifgsm,ifgsm,bfa01b95-68c5-430b-838f-b080dd6f345d,stadv,6351773844
539,good,bad,bfa01b95-68c5-430b-838f-b080dd6f345d,good,v3
540,fmgoat,fmgoat,bfa01b95-68c5-430b-838f-b080dd6f345d,stadv,9646776074
541,korhonen,korhonen,bfa01b95-68c5-430b-838f-b080dd6f345d,ifgsm,8639759293
542,ifgsm,ifgsm,bfa01b95-68c5-430b-838f-b080dd6f345d,stadv,10740727595
543,korhonen,stadv,bfa01b95-68c5-430b-838f-b080dd6f345d,korhonen,3697493807
544,korhonen,ifgsm,bfa01b95-68c5-430b-838f-b080dd6f345d,korhonen,8639759293
545,korhonen,korhonen,bfa01b95-68c5-430b-838f-b080dd6f345d,stadv,3697493807
546,ifgsm,korhonen,bfa01b95-68c5-430b-838f-b080dd6f345d,ifgsm,8639759293
547,korhonen,stadv,bfa01b95-68c5-430b-838f-b080dd6f345d,korhonen,3697493807
548,ifgsm,ifgsm,bfa01b95-68c5-430b-838f-b080dd6f345d,korhonen,8639759293
549,korhonen,stadv,bfa01b95-68c5-430b-838f-b080dd6f345d,korhonen,3697493807
550,korhonen,ifgsm,59d5983e-aa67-445e-a2c8-3f5125257285,korhonen,8639759293
551,korhonen,ifgsm,59d5983e-aa67-445e-a2c8-3f5125257285,korhonen,8639759293
552,ifgsm,korhonen,59d5983e-aa67-445e-a2c8-3f5125257285,ifgsm,10740727595
553,ifgsm,ifgsm,59d5983e-aa67-445e-a2c8-3f5125257285,korhonen,10740727595
554,zhang,stadv,59d5983e-aa67-445e-a2c8-3f5125257285,zhang,6351773844
555,zhang,stadv,59d5983e-aa67-445e-a2c8-3f5125257285,zhang,6351773844
556,ifgsm,korhonen,59d5983e-aa67-445e-a2c8-3f5125257285,ifgsm,10740727595
557,fmgoat,korhonen,59d5983e-aa67-445e-a2c8-3f5125257285,fmgoat,8639759293
558,zhang,zhang,59d5983e-aa67-445e-a2c8-3f5125257285,stadv,6351773844
559,ifgsm,ifgsm,59d5983e-aa67-445e-a2c8-3f5125257285,korhonen,10740727595
560,ifgsm,ifgsm,59d5983e-aa67-445e-a2c8-3f5125257285,korhonen,8639759293
561,good,good,59d5983e-aa67-445e-a2c8-3f5125257285,bad,v4
562,zhang,zhang,59d5983e-aa67-445e-a2c8-3f5125257285,stadv,6351773844
563,ifgsm,ifgsm,59d5983e-aa67-445e-a2c8-3f5125257285,korhonen,10740727595
564,korhonen,korhonen,59d5983e-aa67-445e-a2c8-3f5125257285,ifgsm,8639759293
565,ifgsm,korhonen,59d5983e-aa67-445e-a2c8-3f5125257285,ifgsm,10740727595
566,ifgsm,ifgsm,59d5983e-aa67-445e-a2c8-3f5125257285,korhonen,10740727595
567,korhonen,korhonen,59d5983e-aa67-445e-a2c8-3f5125257285,ifgsm,8639759293
568,clear,korhonen,59d5983e-aa67-445e-a2c8-3f5125257285,clear,9646776074
569,fmgoat,stadv,59d5983e-aa67-445e-a2c8-3f5125257285,fmgoat,9646776074
570,zhang,zhang,59d5983e-aa67-445e-a2c8-3f5125257285,stadv,6351773844
571,good,good,59d5983e-aa67-445e-a2c8-3f5125257285,bad,v3
572,korhonen,ifgsm,59d5983e-aa67-445e-a2c8-3f5125257285,korhonen,3697493807
573,korhonen,ifgsm,59d5983e-aa67-445e-a2c8-3f5125257285,korhonen,3697493807
574,good,good,59d5983e-aa67-445e-a2c8-3f5125257285,bad,v6
575,fmgoat,stadv,f445541e-0a83-495d-a853-574df3fb706f,fmgoat,9646776074
576,korhonen,korhonen,f445541e-0a83-495d-a853-574df3fb706f,ifgsm,8639759293
577,zhang,stadv,f445541e-0a83-495d-a853-574df3fb706f,zhang,6351773844
578,ifgsm,ifgsm,f445541e-0a83-495d-a853-574df3fb706f,korhonen,10740727595
579,zhang,stadv,f445541e-0a83-495d-a853-574df3fb706f,zhang,6351773844
580,korhonen,korhonen,f445541e-0a83-495d-a853-574df3fb706f,fmgoat,8639759293
581,korhonen,korhonen,f445541e-0a83-495d-a853-574df3fb706f,ifgsm,10740727595
582,good,bad,f445541e-0a83-495d-a853-574df3fb706f,good,v5
583,good,bad,f445541e-0a83-495d-a853-574df3fb706f,good,v5
584,zhang,zhang,f445541e-0a83-495d-a853-574df3fb706f,stadv,6351773844
585,korhonen,ifgsm,f445541e-0a83-495d-a853-574df3fb706f,korhonen,10740727595
586,korhonen,korhonen,f445541e-0a83-495d-a853-574df3fb706f,fmgoat,8639759293
587,korhonen,korhonen,f445541e-0a83-495d-a853-574df3fb706f,fmgoat,8639759293
588,korhonen,clear,f445541e-0a83-495d-a853-574df3fb706f,korhonen,9646776074
589,fmgoat,stadv,f445541e-0a83-495d-a853-574df3fb706f,fmgoat,9646776074
590,korhonen,korhonen,f445541e-0a83-495d-a853-574df3fb706f,ifgsm,3697493807
591,zhang,stadv,f445541e-0a83-495d-a853-574df3fb706f,zhang,6351773844
592,fmgoat,fmgoat,f445541e-0a83-495d-a853-574df3fb706f,korhonen,8639759293
593,clear,korhonen,f445541e-0a83-495d-a853-574df3fb706f,clear,9646776074
594,zhang,stadv,f445541e-0a83-495d-a853-574df3fb706f,zhang,6351773844
595,good,bad,f445541e-0a83-495d-a853-574df3fb706f,good,v3
596,clear,clear,f445541e-0a83-495d-a853-574df3fb706f,korhonen,9646776074
597,zhang,zhang,f445541e-0a83-495d-a853-574df3fb706f,stadv,6351773844
598,korhonen,korhonen,f445541e-0a83-495d-a853-574df3fb706f,ifgsm,3697493807
599,clear,korhonen,f445541e-0a83-495d-a853-574df3fb706f,clear,9646776074
600,clear,clear,7130632f-3741-4b59-8e52-3f538b1876ef,fmgoat,10740727595
601,fmgoat,fmgoat,7130632f-3741-4b59-8e52-3f538b1876ef,zhang,6351773844
602,stadv,korhonen,7130632f-3741-4b59-8e52-3f538b1876ef,stadv,8639759293
603,clear,ifgsm,7130632f-3741-4b59-8e52-3f538b1876ef,clear,10740727595
604,fmgoat,korhonen,7130632f-3741-4b59-8e52-3f538b1876ef,fmgoat,6351773844
605,fmgoat,ifgsm,7130632f-3741-4b59-8e52-3f538b1876ef,fmgoat,9646776074
606,fmgoat,fmgoat,7130632f-3741-4b59-8e52-3f538b1876ef,stadv,8639759293
607,korhonen,zhang,7130632f-3741-4b59-8e52-3f538b1876ef,korhonen,3697493807
608,clear,clear,7130632f-3741-4b59-8e52-3f538b1876ef,zhang,8639759293
609,clear,zhang,7130632f-3741-4b59-8e52-3f538b1876ef,clear,3697493807
610,fmgoat,fmgoat,7130632f-3741-4b59-8e52-3f538b1876ef,zhang,3697493807
611,fmgoat,stadv,7130632f-3741-4b59-8e52-3f538b1876ef,fmgoat,3697493807
612,good,good,7130632f-3741-4b59-8e52-3f538b1876ef,bad,v4
613,zhang,zhang,7130632f-3741-4b59-8e52-3f538b1876ef,ifgsm,10740727595
614,fmgoat,korhonen,7130632f-3741-4b59-8e52-3f538b1876ef,fmgoat,10740727595
615,fmgoat,fmgoat,7130632f-3741-4b59-8e52-3f538b1876ef,stadv,10740727595
616,good,good,7130632f-3741-4b59-8e52-3f538b1876ef,bad,v2
617,clear,clear,7130632f-3741-4b59-8e52-3f538b1876ef,stadv,6351773844
618,fmgoat,ifgsm,7130632f-3741-4b59-8e52-3f538b1876ef,fmgoat,10740727595
619,fmgoat,fmgoat,7130632f-3741-4b59-8e52-3f538b1876ef,ifgsm,6351773844
620,good,good,7130632f-3741-4b59-8e52-3f538b1876ef,bad,v6
621,fmgoat,fmgoat,7130632f-3741-4b59-8e52-3f538b1876ef,ifgsm,10740727595
622,stadv,stadv,7130632f-3741-4b59-8e52-3f538b1876ef,clear,9646776074
623,fmgoat,stadv,7130632f-3741-4b59-8e52-3f538b1876ef,fmgoat,10740727595
624,fmgoat,fmgoat,7130632f-3741-4b59-8e52-3f538b1876ef,ifgsm,9646776074
625,good,good,ab46365d-37ee-4340-9cd3-e6e8d41501a4,bad,v6
626,ifgsm,ifgsm,ab46365d-37ee-4340-9cd3-e6e8d41501a4,stadv,9646776074
627,clear,clear,ab46365d-37ee-4340-9cd3-e6e8d41501a4,ifgsm,8639759293
628,ifgsm,stadv,ab46365d-37ee-4340-9cd3-e6e8d41501a4,ifgsm,10740727595
629,ifgsm,ifgsm,ab46365d-37ee-4340-9cd3-e6e8d41501a4,stadv,9646776074
630,,clear,ab46365d-37ee-4340-9cd3-e6e8d41501a4,fmgoat,3697493807
631,clear,zhang,ab46365d-37ee-4340-9cd3-e6e8d41501a4,clear,8639759293
632,zhang,zhang,ab46365d-37ee-4340-9cd3-e6e8d41501a4,stadv,10740727595
633,clear,clear,ab46365d-37ee-4340-9cd3-e6e8d41501a4,stadv,8639759293
634,fmgoat,fmgoat,ab46365d-37ee-4340-9cd3-e6e8d41501a4,korhonen,10740727595
635,good,bad,ab46365d-37ee-4340-9cd3-e6e8d41501a4,good,v6
636,stadv,ifgsm,ab46365d-37ee-4340-9cd3-e6e8d41501a4,stadv,8639759293
637,clear,clear,ab46365d-37ee-4340-9cd3-e6e8d41501a4,ifgsm,6351773844
638,korhonen,stadv,ab46365d-37ee-4340-9cd3-e6e8d41501a4,korhonen,9646776074
639,zhang,stadv,ab46365d-37ee-4340-9cd3-e6e8d41501a4,zhang,3697493807
640,zhang,ifgsm,ab46365d-37ee-4340-9cd3-e6e8d41501a4,zhang,10740727595
641,clear,ifgsm,ab46365d-37ee-4340-9cd3-e6e8d41501a4,clear,3697493807
642,good,bad,ab46365d-37ee-4340-9cd3-e6e8d41501a4,good,v5
643,ifgsm,stadv,ab46365d-37ee-4340-9cd3-e6e8d41501a4,ifgsm,9646776074
644,zhang,zhang,ab46365d-37ee-4340-9cd3-e6e8d41501a4,ifgsm,9646776074
645,clear,clear,ab46365d-37ee-4340-9cd3-e6e8d41501a4,korhonen,6351773844
646,zhang,zhang,ab46365d-37ee-4340-9cd3-e6e8d41501a4,ifgsm,6351773844
647,zhang,zhang,ab46365d-37ee-4340-9cd3-e6e8d41501a4,ifgsm,6351773844
648,fmgoat,ifgsm,ab46365d-37ee-4340-9cd3-e6e8d41501a4,fmgoat,10740727595
649,,fmgoat,ab46365d-37ee-4340-9cd3-e6e8d41501a4,clear,8639759293
650,zhang,stadv,6fa751a6-5a92-4398-bfa7-c530aa90dced,zhang,10740727595
651,zhang,zhang,6fa751a6-5a92-4398-bfa7-c530aa90dced,korhonen,10740727595
652,zhang,stadv,6fa751a6-5a92-4398-bfa7-c530aa90dced,zhang,3697493807
653,good,bad,6fa751a6-5a92-4398-bfa7-c530aa90dced,good,v4
654,clear,ifgsm,6fa751a6-5a92-4398-bfa7-c530aa90dced,clear,10740727595
655,clear,clear,6fa751a6-5a92-4398-bfa7-c530aa90dced,stadv,10740727595
656,zhang,zhang,6fa751a6-5a92-4398-bfa7-c530aa90dced,stadv,9646776074
657,clear,clear,6fa751a6-5a92-4398-bfa7-c530aa90dced,ifgsm,8639759293
658,clear,clear,6fa751a6-5a92-4398-bfa7-c530aa90dced,stadv,10740727595
659,clear,ifgsm,6fa751a6-5a92-4398-bfa7-c530aa90dced,clear,6351773844
660,,ifgsm,6fa751a6-5a92-4398-bfa7-c530aa90dced,zhang,6351773844
661,zhang,zhang,6fa751a6-5a92-4398-bfa7-c530aa90dced,fmgoat,9646776074
662,,korhonen,6fa751a6-5a92-4398-bfa7-c530aa90dced,ifgsm,10740727595
663,korhonen,korhonen,6fa751a6-5a92-4398-bfa7-c530aa90dced,zhang,9646776074
664,clear,korhonen,6fa751a6-5a92-4398-bfa7-c530aa90dced,clear,6351773844
665,clear,clear,6fa751a6-5a92-4398-bfa7-c530aa90dced,korhonen,6351773844
666,ifgsm,ifgsm,6fa751a6-5a92-4398-bfa7-c530aa90dced,zhang,9646776074
667,good,bad,6fa751a6-5a92-4398-bfa7-c530aa90dced,good,v6
668,clear,clear,6fa751a6-5a92-4398-bfa7-c530aa90dced,ifgsm,10740727595
669,zhang,zhang,6fa751a6-5a92-4398-bfa7-c530aa90dced,ifgsm,10740727595
670,good,good,6fa751a6-5a92-4398-bfa7-c530aa90dced,bad,v1
671,clear,clear,6fa751a6-5a92-4398-bfa7-c530aa90dced,korhonen,10740727595
672,fmgoat,fmgoat,6fa751a6-5a92-4398-bfa7-c530aa90dced,stadv,6351773844
673,clear,clear,6fa751a6-5a92-4398-bfa7-c530aa90dced,zhang,6351773844
674,,fmgoat,6fa751a6-5a92-4398-bfa7-c530aa90dced,ifgsm,6351773844
675,clear,stadv,c56b46be-81a7-4864-a6c6-3483df0389aa,clear,10740727595
676,clear,clear,c56b46be-81a7-4864-a6c6-3483df0389aa,zhang,9646776074
677,zhang,stadv,c56b46be-81a7-4864-a6c6-3483df0389aa,zhang,6351773844
678,fmgoat,fmgoat,c56b46be-81a7-4864-a6c6-3483df0389aa,stadv,10740727595
679,fmgoat,ifgsm,c56b46be-81a7-4864-a6c6-3483df0389aa,fmgoat,6351773844
680,clear,clear,c56b46be-81a7-4864-a6c6-3483df0389aa,ifgsm,10740727595
681,clear,clear,c56b46be-81a7-4864-a6c6-3483df0389aa,stadv,8639759293
682,ifgsm,stadv,c56b46be-81a7-4864-a6c6-3483df0389aa,ifgsm,3697493807
683,good,good,c56b46be-81a7-4864-a6c6-3483df0389aa,bad,v4
684,ifgsm,stadv,c56b46be-81a7-4864-a6c6-3483df0389aa,ifgsm,8639759293
685,good,good,c56b46be-81a7-4864-a6c6-3483df0389aa,bad,v4
686,korhonen,korhonen,c56b46be-81a7-4864-a6c6-3483df0389aa,stadv,9646776074
687,clear,zhang,c56b46be-81a7-4864-a6c6-3483df0389aa,clear,6351773844
688,fmgoat,zhang,c56b46be-81a7-4864-a6c6-3483df0389aa,fmgoat,10740727595
689,clear,zhang,c56b46be-81a7-4864-a6c6-3483df0389aa,clear,10740727595
690,clear,zhang,c56b46be-81a7-4864-a6c6-3483df0389aa,clear,6351773844
691,ifgsm,ifgsm,c56b46be-81a7-4864-a6c6-3483df0389aa,stadv,6351773844
692,good,bad,c56b46be-81a7-4864-a6c6-3483df0389aa,good,v2
693,fmgoat,fmgoat,c56b46be-81a7-4864-a6c6-3483df0389aa,ifgsm,9646776074
694,zhang,ifgsm,c56b46be-81a7-4864-a6c6-3483df0389aa,zhang,3697493807
695,fmgoat,ifgsm,c56b46be-81a7-4864-a6c6-3483df0389aa,fmgoat,3697493807
696,clear,fmgoat,c56b46be-81a7-4864-a6c6-3483df0389aa,clear,8639759293
697,fmgoat,ifgsm,c56b46be-81a7-4864-a6c6-3483df0389aa,fmgoat,10740727595
698,zhang,zhang,c56b46be-81a7-4864-a6c6-3483df0389aa,korhonen,8639759293
699,zhang,stadv,c56b46be-81a7-4864-a6c6-3483df0389aa,zhang,10740727595
700,korhonen,korhonen,362a6154-1f73-47c0-ae90-6224e7f5aaca,ifgsm,10740727595
701,fmgoat,fmgoat,362a6154-1f73-47c0-ae90-6224e7f5aaca,ifgsm,8639759293
702,fmgoat,korhonen,362a6154-1f73-47c0-ae90-6224e7f5aaca,fmgoat,10740727595
703,,clear,362a6154-1f73-47c0-ae90-6224e7f5aaca,fmgoat,9646776074
704,fmgoat,stadv,362a6154-1f73-47c0-ae90-6224e7f5aaca,fmgoat,8639759293
705,clear,clear,362a6154-1f73-47c0-ae90-6224e7f5aaca,stadv,10740727595
706,,zhang,362a6154-1f73-47c0-ae90-6224e7f5aaca,fmgoat,8639759293
707,good,bad,362a6154-1f73-47c0-ae90-6224e7f5aaca,good,v5
708,clear,fmgoat,362a6154-1f73-47c0-ae90-6224e7f5aaca,clear,6351773844
709,good,bad,362a6154-1f73-47c0-ae90-6224e7f5aaca,good,v2
710,clear,clear,362a6154-1f73-47c0-ae90-6224e7f5aaca,korhonen,8639759293
711,fmgoat,ifgsm,362a6154-1f73-47c0-ae90-6224e7f5aaca,fmgoat,9646776074
712,fmgoat,zhang,362a6154-1f73-47c0-ae90-6224e7f5aaca,fmgoat,9646776074
713,fmgoat,ifgsm,362a6154-1f73-47c0-ae90-6224e7f5aaca,fmgoat,3697493807
714,stadv,zhang,362a6154-1f73-47c0-ae90-6224e7f5aaca,stadv,3697493807
715,fmgoat,fmgoat,362a6154-1f73-47c0-ae90-6224e7f5aaca,ifgsm,3697493807
716,fmgoat,korhonen,362a6154-1f73-47c0-ae90-6224e7f5aaca,fmgoat,8639759293
717,fmgoat,fmgoat,362a6154-1f73-47c0-ae90-6224e7f5aaca,stadv,10740727595
718,stadv,zhang,362a6154-1f73-47c0-ae90-6224e7f5aaca,stadv,3697493807
719,ifgsm,ifgsm,362a6154-1f73-47c0-ae90-6224e7f5aaca,fmgoat,10740727595
720,zhang,zhang,362a6154-1f73-47c0-ae90-6224e7f5aaca,ifgsm,8639759293
721,,fmgoat,362a6154-1f73-47c0-ae90-6224e7f5aaca,clear,10740727595
722,good,good,362a6154-1f73-47c0-ae90-6224e7f5aaca,bad,v3
723,korhonen,korhonen,362a6154-1f73-47c0-ae90-6224e7f5aaca,clear,8639759293
724,ifgsm,fmgoat,362a6154-1f73-47c0-ae90-6224e7f5aaca,ifgsm,6351773844
725,clear,clear,60039279-b9f9-4d01-9e7d-8451cf8b4e0d,korhonen,10740727595
726,fmgoat,fmgoat,60039279-b9f9-4d01-9e7d-8451cf8b4e0d,stadv,9646776074
727,fmgoat,korhonen,60039279-b9f9-4d01-9e7d-8451cf8b4e0d,fmgoat,10740727595
728,korhonen,korhonen,60039279-b9f9-4d01-9e7d-8451cf8b4e0d,stadv,3697493807
729,good,good,60039279-b9f9-4d01-9e7d-8451cf8b4e0d,bad,v6
730,fmgoat,fmgoat,60039279-b9f9-4d01-9e7d-8451cf8b4e0d,stadv,8639759293
731,clear,stadv,60039279-b9f9-4d01-9e7d-8451cf8b4e0d,clear,9646776074
732,ifgsm,ifgsm,60039279-b9f9-4d01-9e7d-8451cf8b4e0d,stadv,3697493807
733,fmgoat,fmgoat,60039279-b9f9-4d01-9e7d-8451cf8b4e0d,zhang,8639759293
734,fmgoat,korhonen,60039279-b9f9-4d01-9e7d-8451cf8b4e0d,fmgoat,10740727595
735,fmgoat,fmgoat,60039279-b9f9-4d01-9e7d-8451cf8b4e0d,stadv,9646776074
736,fmgoat,zhang,60039279-b9f9-4d01-9e7d-8451cf8b4e0d,fmgoat,8639759293
737,good,bad,60039279-b9f9-4d01-9e7d-8451cf8b4e0d,good,v5
738,fmgoat,ifgsm,60039279-b9f9-4d01-9e7d-8451cf8b4e0d,fmgoat,8639759293
739,fmgoat,stadv,60039279-b9f9-4d01-9e7d-8451cf8b4e0d,fmgoat,9646776074
740,clear,clear,60039279-b9f9-4d01-9e7d-8451cf8b4e0d,korhonen,10740727595
741,fmgoat,stadv,60039279-b9f9-4d01-9e7d-8451cf8b4e0d,fmgoat,9646776074
742,zhang,ifgsm,60039279-b9f9-4d01-9e7d-8451cf8b4e0d,zhang,9646776074
743,good,good,60039279-b9f9-4d01-9e7d-8451cf8b4e0d,bad,v4
744,clear,clear,60039279-b9f9-4d01-9e7d-8451cf8b4e0d,zhang,6351773844
745,fmgoat,fmgoat,60039279-b9f9-4d01-9e7d-8451cf8b4e0d,korhonen,10740727595
746,korhonen,korhonen,60039279-b9f9-4d01-9e7d-8451cf8b4e0d,stadv,8639759293
747,fmgoat,zhang,60039279-b9f9-4d01-9e7d-8451cf8b4e0d,fmgoat,8639759293
748,zhang,stadv,60039279-b9f9-4d01-9e7d-8451cf8b4e0d,zhang,6351773844
749,clear,clear,60039279-b9f9-4d01-9e7d-8451cf8b4e0d,ifgsm,9646776074
750,fmgoat,stadv,4e0d1338-95a5-4850-a9fd-870328c5f440,fmgoat,6351773844
751,zhang,fmgoat,4e0d1338-95a5-4850-a9fd-870328c5f440,zhang,10740727595
752,korhonen,korhonen,4e0d1338-95a5-4850-a9fd-870328c5f440,zhang,6351773844
753,clear,stadv,4e0d1338-95a5-4850-a9fd-870328c5f440,clear,9646776074
754,clear,clear,4e0d1338-95a5-4850-a9fd-870328c5f440,ifgsm,8639759293
755,fmgoat,zhang,4e0d1338-95a5-4850-a9fd-870328c5f440,fmgoat,10740727595
756,zhang,zhang,4e0d1338-95a5-4850-a9fd-870328c5f440,korhonen,8639759293
757,fmgoat,stadv,4e0d1338-95a5-4850-a9fd-870328c5f440,fmgoat,8639759293
758,fmgoat,fmgoat,4e0d1338-95a5-4850-a9fd-870328c5f440,ifgsm,9646776074
759,clear,clear,4e0d1338-95a5-4850-a9fd-870328c5f440,stadv,9646776074
760,korhonen,korhonen,4e0d1338-95a5-4850-a9fd-870328c5f440,ifgsm,6351773844
761,clear,zhang,4e0d1338-95a5-4850-a9fd-870328c5f440,clear,10740727595
762,zhang,zhang,4e0d1338-95a5-4850-a9fd-870328c5f440,ifgsm,3697493807
763,fmgoat,stadv,4e0d1338-95a5-4850-a9fd-870328c5f440,fmgoat,8639759293
764,zhang,zhang,4e0d1338-95a5-4850-a9fd-870328c5f440,korhonen,10740727595
765,korhonen,korhonen,4e0d1338-95a5-4850-a9fd-870328c5f440,stadv,6351773844
766,good,good,4e0d1338-95a5-4850-a9fd-870328c5f440,bad,v4
767,zhang,stadv,4e0d1338-95a5-4850-a9fd-870328c5f440,zhang,3697493807
768,good,bad,4e0d1338-95a5-4850-a9fd-870328c5f440,good,v1
769,fmgoat,ifgsm,4e0d1338-95a5-4850-a9fd-870328c5f440,fmgoat,10740727595
770,clear,clear,4e0d1338-95a5-4850-a9fd-870328c5f440,ifgsm,8639759293
771,zhang,stadv,4e0d1338-95a5-4850-a9fd-870328c5f440,zhang,3697493807
772,zhang,zhang,4e0d1338-95a5-4850-a9fd-870328c5f440,clear,3697493807
773,fmgoat,korhonen,4e0d1338-95a5-4850-a9fd-870328c5f440,fmgoat,9646776074
774,good,bad,4e0d1338-95a5-4850-a9fd-870328c5f440,good,v6
775,zhang,ifgsm,74031013-5b83-4a36-a270-9470c0d23714,zhang,3697493807
776,clear,clear,74031013-5b83-4a36-a270-9470c0d23714,ifgsm,9646776074
777,korhonen,ifgsm,74031013-5b83-4a36-a270-9470c0d23714,korhonen,6351773844
778,zhang,stadv,74031013-5b83-4a36-a270-9470c0d23714,zhang,9646776074
779,good,bad,74031013-5b83-4a36-a270-9470c0d23714,good,v4
780,korhonen,stadv,74031013-5b83-4a36-a270-9470c0d23714,korhonen,3697493807
781,good,good,74031013-5b83-4a36-a270-9470c0d23714,bad,v6
782,clear,clear,74031013-5b83-4a36-a270-9470c0d23714,fmgoat,6351773844
783,zhang,zhang,74031013-5b83-4a36-a270-9470c0d23714,korhonen,3697493807
784,clear,clear,74031013-5b83-4a36-a270-9470c0d23714,zhang,10740727595
785,clear,clear,74031013-5b83-4a36-a270-9470c0d23714,fmgoat,6351773844
786,clear,clear,74031013-5b83-4a36-a270-9470c0d23714,stadv,10740727595
787,clear,korhonen,74031013-5b83-4a36-a270-9470c0d23714,clear,8639759293
788,fmgoat,ifgsm,74031013-5b83-4a36-a270-9470c0d23714,fmgoat,9646776074
789,zhang,korhonen,74031013-5b83-4a36-a270-9470c0d23714,zhang,10740727595
790,clear,korhonen,74031013-5b83-4a36-a270-9470c0d23714,clear,6351773844
791,clear,clear,74031013-5b83-4a36-a270-9470c0d23714,stadv,10740727595
792,clear,clear,74031013-5b83-4a36-a270-9470c0d23714,zhang,9646776074
793,clear,clear,74031013-5b83-4a36-a270-9470c0d23714,korhonen,6351773844
794,clear,fmgoat,74031013-5b83-4a36-a270-9470c0d23714,clear,8639759293
795,zhang,zhang,74031013-5b83-4a36-a270-9470c0d23714,korhonen,6351773844
796,good,good,74031013-5b83-4a36-a270-9470c0d23714,bad,v4
797,zhang,ifgsm,74031013-5b83-4a36-a270-9470c0d23714,zhang,3697493807
798,clear,fmgoat,74031013-5b83-4a36-a270-9470c0d23714,clear,9646776074
799,zhang,zhang,74031013-5b83-4a36-a270-9470c0d23714,korhonen,3697493807
800,fmgoat,fmgoat,e2c11216-8e07-44ab-bde6-7a95e4d7b4c9,zhang,3697493807
801,clear,korhonen,e2c11216-8e07-44ab-bde6-7a95e4d7b4c9,clear,3697493807
802,clear,korhonen,e2c11216-8e07-44ab-bde6-7a95e4d7b4c9,clear,6351773844
803,fmgoat,stadv,e2c11216-8e07-44ab-bde6-7a95e4d7b4c9,fmgoat,8639759293
804,clear,stadv,e2c11216-8e07-44ab-bde6-7a95e4d7b4c9,clear,10740727595
805,ifgsm,stadv,e2c11216-8e07-44ab-bde6-7a95e4d7b4c9,ifgsm,3697493807
806,korhonen,ifgsm,e2c11216-8e07-44ab-bde6-7a95e4d7b4c9,korhonen,10740727595
807,clear,clear,e2c11216-8e07-44ab-bde6-7a95e4d7b4c9,ifgsm,10740727595
808,good,bad,e2c11216-8e07-44ab-bde6-7a95e4d7b4c9,good,v3
809,fmgoat,fmgoat,e2c11216-8e07-44ab-bde6-7a95e4d7b4c9,korhonen,6351773844
810,clear,korhonen,e2c11216-8e07-44ab-bde6-7a95e4d7b4c9,clear,3697493807
811,zhang,korhonen,e2c11216-8e07-44ab-bde6-7a95e4d7b4c9,zhang,9646776074
812,clear,clear,e2c11216-8e07-44ab-bde6-7a95e4d7b4c9,ifgsm,10740727595
813,clear,clear,e2c11216-8e07-44ab-bde6-7a95e4d7b4c9,zhang,3697493807
814,ifgsm,stadv,e2c11216-8e07-44ab-bde6-7a95e4d7b4c9,ifgsm,3697493807
815,fmgoat,stadv,e2c11216-8e07-44ab-bde6-7a95e4d7b4c9,fmgoat,6351773844
816,,korhonen,e2c11216-8e07-44ab-bde6-7a95e4d7b4c9,zhang,3697493807
817,clear,clear,e2c11216-8e07-44ab-bde6-7a95e4d7b4c9,ifgsm,10740727595
818,fmgoat,zhang,e2c11216-8e07-44ab-bde6-7a95e4d7b4c9,fmgoat,10740727595
819,fmgoat,fmgoat,e2c11216-8e07-44ab-bde6-7a95e4d7b4c9,zhang,3697493807
820,clear,zhang,e2c11216-8e07-44ab-bde6-7a95e4d7b4c9,clear,6351773844
821,good,good,e2c11216-8e07-44ab-bde6-7a95e4d7b4c9,bad,v6
822,good,good,e2c11216-8e07-44ab-bde6-7a95e4d7b4c9,bad,v1
823,ifgsm,ifgsm,e2c11216-8e07-44ab-bde6-7a95e4d7b4c9,zhang,9646776074
824,fmgoat,fmgoat,e2c11216-8e07-44ab-bde6-7a95e4d7b4c9,zhang,9646776074
825,zhang,korhonen,6cfb7805-3799-4fec-9f32-c081d0fff6f0,zhang,3697493807
826,good,good,6cfb7805-3799-4fec-9f32-c081d0fff6f0,bad,v5
827,good,bad,6cfb7805-3799-4fec-9f32-c081d0fff6f0,good,v4
828,fmgoat,fmgoat,6cfb7805-3799-4fec-9f32-c081d0fff6f0,zhang,9646776074
829,clear,clear,6cfb7805-3799-4fec-9f32-c081d0fff6f0,zhang,10740727595
830,clear,clear,6cfb7805-3799-4fec-9f32-c081d0fff6f0,zhang,8639759293
831,fmgoat,fmgoat,6cfb7805-3799-4fec-9f32-c081d0fff6f0,zhang,3697493807
832,clear,zhang,6cfb7805-3799-4fec-9f32-c081d0fff6f0,clear,6351773844
833,zhang,zhang,6cfb7805-3799-4fec-9f32-c081d0fff6f0,ifgsm,3697493807
834,good,good,6cfb7805-3799-4fec-9f32-c081d0fff6f0,bad,v3
835,fmgoat,fmgoat,6cfb7805-3799-4fec-9f32-c081d0fff6f0,stadv,3697493807
836,,ifgsm,6cfb7805-3799-4fec-9f32-c081d0fff6f0,stadv,6351773844
837,zhang,ifgsm,6cfb7805-3799-4fec-9f32-c081d0fff6f0,zhang,9646776074
838,fmgoat,fmgoat,6cfb7805-3799-4fec-9f32-c081d0fff6f0,zhang,10740727595
839,fmgoat,stadv,6cfb7805-3799-4fec-9f32-c081d0fff6f0,fmgoat,10740727595
840,zhang,zhang,6cfb7805-3799-4fec-9f32-c081d0fff6f0,stadv,8639759293
841,ifgsm,stadv,6cfb7805-3799-4fec-9f32-c081d0fff6f0,ifgsm,8639759293
842,fmgoat,korhonen,6cfb7805-3799-4fec-9f32-c081d0fff6f0,fmgoat,8639759293
843,,ifgsm,6cfb7805-3799-4fec-9f32-c081d0fff6f0,stadv,3697493807
844,clear,clear,6cfb7805-3799-4fec-9f32-c081d0fff6f0,ifgsm,3697493807
845,clear,ifgsm,6cfb7805-3799-4fec-9f32-c081d0fff6f0,clear,3697493807
846,zhang,korhonen,6cfb7805-3799-4fec-9f32-c081d0fff6f0,zhang,9646776074
847,,ifgsm,6cfb7805-3799-4fec-9f32-c081d0fff6f0,zhang,6351773844
848,,korhonen,6cfb7805-3799-4fec-9f32-c081d0fff6f0,ifgsm,9646776074
849,,korhonen,6cfb7805-3799-4fec-9f32-c081d0fff6f0,zhang,6351773844
850,zhang,zhang,f0ad81dd-2b89-434d-adab-00b4323ba2b3,ifgsm,8639759293
851,,clear,f0ad81dd-2b89-434d-adab-00b4323ba2b3,zhang,9646776074
852,fmgoat,fmgoat,f0ad81dd-2b89-434d-adab-00b4323ba2b3,korhonen,8639759293
853,good,good,f0ad81dd-2b89-434d-adab-00b4323ba2b3,bad,v5
854,good,bad,f0ad81dd-2b89-434d-adab-00b4323ba2b3,good,v2
855,fmgoat,fmgoat,f0ad81dd-2b89-434d-adab-00b4323ba2b3,stadv,6351773844
856,fmgoat,fmgoat,f0ad81dd-2b89-434d-adab-00b4323ba2b3,stadv,6351773844
857,clear,clear,f0ad81dd-2b89-434d-adab-00b4323ba2b3,stadv,3697493807
858,good,good,f0ad81dd-2b89-434d-adab-00b4323ba2b3,bad,v5
859,clear,korhonen,f0ad81dd-2b89-434d-adab-00b4323ba2b3,clear,3697493807
860,fmgoat,korhonen,f0ad81dd-2b89-434d-adab-00b4323ba2b3,fmgoat,6351773844
861,zhang,stadv,f0ad81dd-2b89-434d-adab-00b4323ba2b3,zhang,9646776074
862,zhang,zhang,f0ad81dd-2b89-434d-adab-00b4323ba2b3,stadv,10740727595
863,zhang,fmgoat,f0ad81dd-2b89-434d-adab-00b4323ba2b3,zhang,8639759293
864,fmgoat,zhang,f0ad81dd-2b89-434d-adab-00b4323ba2b3,fmgoat,10740727595
865,clear,clear,f0ad81dd-2b89-434d-adab-00b4323ba2b3,ifgsm,8639759293
866,fmgoat,zhang,f0ad81dd-2b89-434d-adab-00b4323ba2b3,fmgoat,10740727595
867,clear,ifgsm,f0ad81dd-2b89-434d-adab-00b4323ba2b3,clear,3697493807
868,ifgsm,ifgsm,f0ad81dd-2b89-434d-adab-00b4323ba2b3,korhonen,10740727595
869,zhang,zhang,f0ad81dd-2b89-434d-adab-00b4323ba2b3,korhonen,3697493807
870,fmgoat,korhonen,f0ad81dd-2b89-434d-adab-00b4323ba2b3,fmgoat,3697493807
871,ifgsm,stadv,f0ad81dd-2b89-434d-adab-00b4323ba2b3,ifgsm,9646776074
872,fmgoat,fmgoat,f0ad81dd-2b89-434d-adab-00b4323ba2b3,stadv,10740727595
873,fmgoat,zhang,f0ad81dd-2b89-434d-adab-00b4323ba2b3,fmgoat,6351773844
874,fmgoat,fmgoat,f0ad81dd-2b89-434d-adab-00b4323ba2b3,clear,3697493807
875,fmgoat,fmgoat,ff13a937-585f-4b98-8027-5e915d1142ac,stadv,6351773844
876,ifgsm,ifgsm,ff13a937-585f-4b98-8027-5e915d1142ac,stadv,8639759293
877,fmgoat,ifgsm,ff13a937-585f-4b98-8027-5e915d1142ac,fmgoat,8639759293
878,stadv,ifgsm,ff13a937-585f-4b98-8027-5e915d1142ac,stadv,8639759293
879,fmgoat,fmgoat,ff13a937-585f-4b98-8027-5e915d1142ac,ifgsm,6351773844
880,zhang,zhang,ff13a937-585f-4b98-8027-5e915d1142ac,korhonen,8639759293
881,korhonen,ifgsm,ff13a937-585f-4b98-8027-5e915d1142ac,korhonen,10740727595
882,good,bad,ff13a937-585f-4b98-8027-5e915d1142ac,good,v5
883,clear,clear,ff13a937-585f-4b98-8027-5e915d1142ac,korhonen,8639759293
884,clear,clear,ff13a937-585f-4b98-8027-5e915d1142ac,ifgsm,8639759293
885,good,bad,ff13a937-585f-4b98-8027-5e915d1142ac,good,v5
886,good,good,ff13a937-585f-4b98-8027-5e915d1142ac,bad,v3
887,stadv,korhonen,ff13a937-585f-4b98-8027-5e915d1142ac,stadv,9646776074
888,clear,zhang,ff13a937-585f-4b98-8027-5e915d1142ac,clear,8639759293
889,fmgoat,fmgoat,ff13a937-585f-4b98-8027-5e915d1142ac,ifgsm,3697493807
890,clear,korhonen,ff13a937-585f-4b98-8027-5e915d1142ac,clear,3697493807
891,clear,clear,ff13a937-585f-4b98-8027-5e915d1142ac,ifgsm,3697493807
892,clear,zhang,ff13a937-585f-4b98-8027-5e915d1142ac,clear,8639759293
893,fmgoat,zhang,ff13a937-585f-4b98-8027-5e915d1142ac,fmgoat,6351773844
894,clear,clear,ff13a937-585f-4b98-8027-5e915d1142ac,stadv,8639759293
895,fmgoat,fmgoat,ff13a937-585f-4b98-8027-5e915d1142ac,zhang,9646776074
896,clear,korhonen,ff13a937-585f-4b98-8027-5e915d1142ac,clear,9646776074
897,clear,clear,ff13a937-585f-4b98-8027-5e915d1142ac,stadv,9646776074
898,fmgoat,zhang,ff13a937-585f-4b98-8027-5e915d1142ac,fmgoat,9646776074
899,fmgoat,fmgoat,ff13a937-585f-4b98-8027-5e915d1142ac,zhang,3697493807
900,good,bad,f2a07714-42c2-4c13-95ee-b6219f405056,good,v2
901,,zhang,f2a07714-42c2-4c13-95ee-b6219f405056,ifgsm,8639759293
902,zhang,zhang,f2a07714-42c2-4c13-95ee-b6219f405056,ifgsm,6351773844
903,clear,zhang,f2a07714-42c2-4c13-95ee-b6219f405056,clear,3697493807
904,ifgsm,stadv,f2a07714-42c2-4c13-95ee-b6219f405056,ifgsm,10740727595
905,good,good,f2a07714-42c2-4c13-95ee-b6219f405056,bad,v3
906,zhang,zhang,f2a07714-42c2-4c13-95ee-b6219f405056,korhonen,8639759293
907,clear,stadv,f2a07714-42c2-4c13-95ee-b6219f405056,clear,10740727595
908,clear,fmgoat,f2a07714-42c2-4c13-95ee-b6219f405056,clear,6351773844
909,clear,clear,f2a07714-42c2-4c13-95ee-b6219f405056,zhang,3697493807
910,fmgoat,korhonen,f2a07714-42c2-4c13-95ee-b6219f405056,fmgoat,8639759293
911,clear,clear,f2a07714-42c2-4c13-95ee-b6219f405056,korhonen,8639759293
912,clear,stadv,f2a07714-42c2-4c13-95ee-b6219f405056,clear,3697493807
913,clear,clear,f2a07714-42c2-4c13-95ee-b6219f405056,stadv,10740727595
914,zhang,stadv,f2a07714-42c2-4c13-95ee-b6219f405056,zhang,10740727595
915,korhonen,korhonen,f2a07714-42c2-4c13-95ee-b6219f405056,stadv,8639759293
916,clear,stadv,f2a07714-42c2-4c13-95ee-b6219f405056,clear,10740727595
917,good,bad,f2a07714-42c2-4c13-95ee-b6219f405056,good,v4
918,zhang,stadv,f2a07714-42c2-4c13-95ee-b6219f405056,zhang,3697493807
919,zhang,stadv,f2a07714-42c2-4c13-95ee-b6219f405056,zhang,9646776074
920,clear,clear,f2a07714-42c2-4c13-95ee-b6219f405056,stadv,10740727595
921,fmgoat,fmgoat,f2a07714-42c2-4c13-95ee-b6219f405056,stadv,6351773844
922,fmgoat,korhonen,f2a07714-42c2-4c13-95ee-b6219f405056,fmgoat,3697493807
923,,korhonen,f2a07714-42c2-4c13-95ee-b6219f405056,ifgsm,8639759293
924,,korhonen,f2a07714-42c2-4c13-95ee-b6219f405056,ifgsm,6351773844
925,fmgoat,fmgoat,6b1f0b4c-ce7b-40fc-ad63-07adf79db35f,clear,3697493807
926,zhang,zhang,6b1f0b4c-ce7b-40fc-ad63-07adf79db35f,stadv,6351773844
927,zhang,clear,6b1f0b4c-ce7b-40fc-ad63-07adf79db35f,zhang,8639759293
928,fmgoat,clear,6b1f0b4c-ce7b-40fc-ad63-07adf79db35f,fmgoat,6351773844
929,clear,clear,6b1f0b4c-ce7b-40fc-ad63-07adf79db35f,stadv,10740727595
930,zhang,zhang,6b1f0b4c-ce7b-40fc-ad63-07adf79db35f,stadv,8639759293
931,good,good,6b1f0b4c-ce7b-40fc-ad63-07adf79db35f,bad,v3
932,korhonen,korhonen,6b1f0b4c-ce7b-40fc-ad63-07adf79db35f,stadv,8639759293
933,ifgsm,ifgsm,6b1f0b4c-ce7b-40fc-ad63-07adf79db35f,stadv,9646776074
934,good,bad,6b1f0b4c-ce7b-40fc-ad63-07adf79db35f,good,v1
935,korhonen,zhang,6b1f0b4c-ce7b-40fc-ad63-07adf79db35f,korhonen,6351773844
936,zhang,fmgoat,6b1f0b4c-ce7b-40fc-ad63-07adf79db35f,zhang,3697493807
937,korhonen,korhonen,6b1f0b4c-ce7b-40fc-ad63-07adf79db35f,clear,9646776074
938,korhonen,korhonen,6b1f0b4c-ce7b-40fc-ad63-07adf79db35f,clear,8639759293
939,clear,clear,6b1f0b4c-ce7b-40fc-ad63-07adf79db35f,stadv,6351773844
940,korhonen,korhonen,6b1f0b4c-ce7b-40fc-ad63-07adf79db35f,stadv,8639759293
941,ifgsm,fmgoat,6b1f0b4c-ce7b-40fc-ad63-07adf79db35f,ifgsm,8639759293
942,zhang,stadv,6b1f0b4c-ce7b-40fc-ad63-07adf79db35f,zhang,8639759293
943,fmgoat,fmgoat,6b1f0b4c-ce7b-40fc-ad63-07adf79db35f,clear,6351773844
944,zhang,zhang,6b1f0b4c-ce7b-40fc-ad63-07adf79db35f,clear,10740727595
945,good,bad,6b1f0b4c-ce7b-40fc-ad63-07adf79db35f,good,v7
946,ifgsm,zhang,6b1f0b4c-ce7b-40fc-ad63-07adf79db35f,ifgsm,8639759293
947,clear,stadv,6b1f0b4c-ce7b-40fc-ad63-07adf79db35f,clear,10740727595
948,korhonen,zhang,6b1f0b4c-ce7b-40fc-ad63-07adf79db35f,korhonen,10740727595
949,clear,clear,6b1f0b4c-ce7b-40fc-ad63-07adf79db35f,stadv,10740727595
950,fmgoat,ifgsm,b3113da5-83c8-4bbb-9d27-2ed206a42dcb,fmgoat,6351773844
951,good,good,b3113da5-83c8-4bbb-9d27-2ed206a42dcb,bad,v6
952,fmgoat,ifgsm,b3113da5-83c8-4bbb-9d27-2ed206a42dcb,fmgoat,3697493807
953,zhang,zhang,b3113da5-83c8-4bbb-9d27-2ed206a42dcb,ifgsm,6351773844
954,ifgsm,stadv,b3113da5-83c8-4bbb-9d27-2ed206a42dcb,ifgsm,8639759293
955,clear,fmgoat,b3113da5-83c8-4bbb-9d27-2ed206a42dcb,clear,8639759293
956,korhonen,korhonen,b3113da5-83c8-4bbb-9d27-2ed206a42dcb,stadv,10740727595
957,clear,clear,b3113da5-83c8-4bbb-9d27-2ed206a42dcb,zhang,10740727595
958,korhonen,stadv,b3113da5-83c8-4bbb-9d27-2ed206a42dcb,korhonen,6351773844
959,fmgoat,fmgoat,b3113da5-83c8-4bbb-9d27-2ed206a42dcb,ifgsm,3697493807
960,zhang,stadv,b3113da5-83c8-4bbb-9d27-2ed206a42dcb,zhang,10740727595
961,good,good,b3113da5-83c8-4bbb-9d27-2ed206a42dcb,bad,v4
962,clear,clear,b3113da5-83c8-4bbb-9d27-2ed206a42dcb,stadv,6351773844
963,zhang,ifgsm,b3113da5-83c8-4bbb-9d27-2ed206a42dcb,zhang,6351773844
964,fmgoat,fmgoat,b3113da5-83c8-4bbb-9d27-2ed206a42dcb,ifgsm,10740727595
965,ifgsm,stadv,b3113da5-83c8-4bbb-9d27-2ed206a42dcb,ifgsm,10740727595
966,korhonen,korhonen,b3113da5-83c8-4bbb-9d27-2ed206a42dcb,ifgsm,9646776074
967,,fmgoat,b3113da5-83c8-4bbb-9d27-2ed206a42dcb,clear,8639759293
968,korhonen,ifgsm,b3113da5-83c8-4bbb-9d27-2ed206a42dcb,korhonen,8639759293
969,zhang,korhonen,b3113da5-83c8-4bbb-9d27-2ed206a42dcb,zhang,9646776074
970,good,good,b3113da5-83c8-4bbb-9d27-2ed206a42dcb,bad,v2
971,korhonen,korhonen,b3113da5-83c8-4bbb-9d27-2ed206a42dcb,stadv,10740727595
972,zhang,stadv,b3113da5-83c8-4bbb-9d27-2ed206a42dcb,zhang,8639759293
973,clear,clear,b3113da5-83c8-4bbb-9d27-2ed206a42dcb,ifgsm,10740727595
974,clear,clear,b3113da5-83c8-4bbb-9d27-2ed206a42dcb,fmgoat,9646776074
975,good,good,c749add6-9486-42e9-a995-00dfa65bc3aa,bad,v4
976,clear,clear,c749add6-9486-42e9-a995-00dfa65bc3aa,zhang,3697493807
977,korhonen,stadv,c749add6-9486-42e9-a995-00dfa65bc3aa,korhonen,9646776074
978,good,good,c749add6-9486-42e9-a995-00dfa65bc3aa,bad,v7
979,stadv,stadv,c749add6-9486-42e9-a995-00dfa65bc3aa,ifgsm,9646776074
980,fmgoat,stadv,c749add6-9486-42e9-a995-00dfa65bc3aa,fmgoat,3697493807
981,clear,ifgsm,c749add6-9486-42e9-a995-00dfa65bc3aa,clear,10740727595
982,clear,zhang,c749add6-9486-42e9-a995-00dfa65bc3aa,clear,6351773844
983,clear,clear,c749add6-9486-42e9-a995-00dfa65bc3aa,korhonen,6351773844
984,clear,fmgoat,c749add6-9486-42e9-a995-00dfa65bc3aa,clear,6351773844
985,zhang,korhonen,c749add6-9486-42e9-a995-00dfa65bc3aa,zhang,10740727595
986,fmgoat,ifgsm,c749add6-9486-42e9-a995-00dfa65bc3aa,fmgoat,8639759293
987,korhonen,stadv,c749add6-9486-42e9-a995-00dfa65bc3aa,korhonen,3697493807
988,fmgoat,korhonen,c749add6-9486-42e9-a995-00dfa65bc3aa,fmgoat,8639759293
989,fmgoat,fmgoat,c749add6-9486-42e9-a995-00dfa65bc3aa,clear,9646776074
990,clear,clear,c749add6-9486-42e9-a995-00dfa65bc3aa,fmgoat,3697493807
991,fmgoat,zhang,c749add6-9486-42e9-a995-00dfa65bc3aa,fmgoat,6351773844
992,fmgoat,fmgoat,c749add6-9486-42e9-a995-00dfa65bc3aa,ifgsm,9646776074
993,zhang,ifgsm,c749add6-9486-42e9-a995-00dfa65bc3aa,zhang,9646776074
994,fmgoat,zhang,c749add6-9486-42e9-a995-00dfa65bc3aa,fmgoat,10740727595
995,fmgoat,korhonen,c749add6-9486-42e9-a995-00dfa65bc3aa,fmgoat,9646776074
996,fmgoat,stadv,c749add6-9486-42e9-a995-00dfa65bc3aa,fmgoat,6351773844
997,good,good,c749add6-9486-42e9-a995-00dfa65bc3aa,bad,v1
998,clear,clear,c749add6-9486-42e9-a995-00dfa65bc3aa,fmgoat,9646776074
999,fmgoat,zhang,c749add6-9486-42e9-a995-00dfa65bc3aa,fmgoat,6351773844
1000,fmgoat,fmgoat,5b4c38c5-8014-453b-816d-c25e623c98ba,zhang,9646776074
1001,fmgoat,fmgoat,5b4c38c5-8014-453b-816d-c25e623c98ba,ifgsm,9646776074
1002,ifgsm,ifgsm,5b4c38c5-8014-453b-816d-c25e623c98ba,stadv,3697493807
1003,,zhang,5b4c38c5-8014-453b-816d-c25e623c98ba,korhonen,6351773844
1004,clear,clear,5b4c38c5-8014-453b-816d-c25e623c98ba,korhonen,3697493807
1005,korhonen,ifgsm,5b4c38c5-8014-453b-816d-c25e623c98ba,korhonen,6351773844
1006,good,good,5b4c38c5-8014-453b-816d-c25e623c98ba,bad,v4
1007,korhonen,stadv,5b4c38c5-8014-453b-816d-c25e623c98ba,korhonen,10740727595
1008,zhang,ifgsm,5b4c38c5-8014-453b-816d-c25e623c98ba,zhang,8639759293
1009,fmgoat,korhonen,5b4c38c5-8014-453b-816d-c25e623c98ba,fmgoat,9646776074
1010,zhang,zhang,5b4c38c5-8014-453b-816d-c25e623c98ba,stadv,8639759293
1011,fmgoat,korhonen,5b4c38c5-8014-453b-816d-c25e623c98ba,fmgoat,3697493807
1012,,zhang,5b4c38c5-8014-453b-816d-c25e623c98ba,korhonen,6351773844
1013,zhang,zhang,5b4c38c5-8014-453b-816d-c25e623c98ba,ifgsm,9646776074
1014,good,bad,5b4c38c5-8014-453b-816d-c25e623c98ba,good,v5
1015,,korhonen,5b4c38c5-8014-453b-816d-c25e623c98ba,ifgsm,6351773844
1016,good,good,5b4c38c5-8014-453b-816d-c25e623c98ba,bad,v2
1017,korhonen,korhonen,5b4c38c5-8014-453b-816d-c25e623c98ba,ifgsm,3697493807
1018,clear,clear,5b4c38c5-8014-453b-816d-c25e623c98ba,zhang,8639759293
1019,fmgoat,fmgoat,5b4c38c5-8014-453b-816d-c25e623c98ba,stadv,10740727595
1020,clear,clear,5b4c38c5-8014-453b-816d-c25e623c98ba,ifgsm,9646776074
1021,,korhonen,5b4c38c5-8014-453b-816d-c25e623c98ba,zhang,6351773844
1022,,zhang,5b4c38c5-8014-453b-816d-c25e623c98ba,korhonen,10740727595
1023,,clear,5b4c38c5-8014-453b-816d-c25e623c98ba,fmgoat,10740727595
1024,,fmgoat,5b4c38c5-8014-453b-816d-c25e623c98ba,zhang,6351773844
1025,clear,ifgsm,d47779fb-f30a-4954-82e7-8fb575852da9,clear,6351773844
1026,fmgoat,zhang,d47779fb-f30a-4954-82e7-8fb575852da9,fmgoat,6351773844
1027,clear,clear,d47779fb-f30a-4954-82e7-8fb575852da9,korhonen,6351773844
1028,fmgoat,fmgoat,d47779fb-f30a-4954-82e7-8fb575852da9,ifgsm,6351773844
1029,good,bad,d47779fb-f30a-4954-82e7-8fb575852da9,good,v4
1030,zhang,stadv,d47779fb-f30a-4954-82e7-8fb575852da9,zhang,10740727595
1031,clear,clear,d47779fb-f30a-4954-82e7-8fb575852da9,stadv,3697493807
1032,fmgoat,stadv,d47779fb-f30a-4954-82e7-8fb575852da9,fmgoat,8639759293
1033,good,bad,d47779fb-f30a-4954-82e7-8fb575852da9,good,v4
1034,zhang,zhang,d47779fb-f30a-4954-82e7-8fb575852da9,korhonen,6351773844
1035,clear,stadv,d47779fb-f30a-4954-82e7-8fb575852da9,clear,9646776074
1036,zhang,stadv,d47779fb-f30a-4954-82e7-8fb575852da9,zhang,8639759293
1037,zhang,zhang,d47779fb-f30a-4954-82e7-8fb575852da9,stadv,9646776074
1038,fmgoat,fmgoat,d47779fb-f30a-4954-82e7-8fb575852da9,korhonen,3697493807
1039,good,bad,d47779fb-f30a-4954-82e7-8fb575852da9,good,v5
1040,fmgoat,fmgoat,d47779fb-f30a-4954-82e7-8fb575852da9,korhonen,3697493807
1041,clear,korhonen,d47779fb-f30a-4954-82e7-8fb575852da9,clear,8639759293
1042,fmgoat,fmgoat,d47779fb-f30a-4954-82e7-8fb575852da9,korhonen,3697493807
1043,korhonen,korhonen,d47779fb-f30a-4954-82e7-8fb575852da9,ifgsm,9646776074
1044,fmgoat,fmgoat,d47779fb-f30a-4954-82e7-8fb575852da9,stadv,6351773844
1045,zhang,clear,d47779fb-f30a-4954-82e7-8fb575852da9,zhang,9646776074
1046,zhang,korhonen,d47779fb-f30a-4954-82e7-8fb575852da9,zhang,6351773844
1047,fmgoat,ifgsm,d47779fb-f30a-4954-82e7-8fb575852da9,fmgoat,8639759293
1048,ifgsm,zhang,d47779fb-f30a-4954-82e7-8fb575852da9,ifgsm,8639759293
1049,korhonen,zhang,d47779fb-f30a-4954-82e7-8fb575852da9,korhonen,10740727595
1050,clear,ifgsm,f6d142a4-354b-4206-ad76-7f77af1c89b5,clear,6351773844
1051,fmgoat,fmgoat,f6d142a4-354b-4206-ad76-7f77af1c89b5,ifgsm,6351773844
1052,korhonen,korhonen,f6d142a4-354b-4206-ad76-7f77af1c89b5,stadv,6351773844
1053,clear,clear,f6d142a4-354b-4206-ad76-7f77af1c89b5,zhang,3697493807
1054,clear,clear,f6d142a4-354b-4206-ad76-7f77af1c89b5,stadv,9646776074
1055,zhang,zhang,f6d142a4-354b-4206-ad76-7f77af1c89b5,stadv,3697493807
1056,clear,clear,f6d142a4-354b-4206-ad76-7f77af1c89b5,zhang,10740727595
1057,korhonen,stadv,f6d142a4-354b-4206-ad76-7f77af1c89b5,korhonen,10740727595
1058,,clear,f6d142a4-354b-4206-ad76-7f77af1c89b5,fmgoat,8639759293
1059,good,bad,f6d142a4-354b-4206-ad76-7f77af1c89b5,good,v4
1060,clear,stadv,f6d142a4-354b-4206-ad76-7f77af1c89b5,clear,8639759293
1061,korhonen,zhang,f6d142a4-354b-4206-ad76-7f77af1c89b5,korhonen,3697493807
1062,fmgoat,fmgoat,f6d142a4-354b-4206-ad76-7f77af1c89b5,ifgsm,3697493807
1063,korhonen,korhonen,f6d142a4-354b-4206-ad76-7f77af1c89b5,ifgsm,9646776074
1064,,zhang,f6d142a4-354b-4206-ad76-7f77af1c89b5,ifgsm,8639759293
1065,fmgoat,fmgoat,f6d142a4-354b-4206-ad76-7f77af1c89b5,stadv,10740727595
1066,fmgoat,fmgoat,f6d142a4-354b-4206-ad76-7f77af1c89b5,ifgsm,6351773844
1067,clear,clear,f6d142a4-354b-4206-ad76-7f77af1c89b5,korhonen,9646776074
1068,zhang,ifgsm,f6d142a4-354b-4206-ad76-7f77af1c89b5,zhang,6351773844
1069,fmgoat,fmgoat,f6d142a4-354b-4206-ad76-7f77af1c89b5,zhang,10740727595
1070,good,bad,f6d142a4-354b-4206-ad76-7f77af1c89b5,good,v7
1071,good,good,f6d142a4-354b-4206-ad76-7f77af1c89b5,bad,v1
1072,stadv,stadv,f6d142a4-354b-4206-ad76-7f77af1c89b5,korhonen,6351773844
1073,clear,clear,f6d142a4-354b-4206-ad76-7f77af1c89b5,fmgoat,6351773844
1074,korhonen,stadv,f6d142a4-354b-4206-ad76-7f77af1c89b5,korhonen,6351773844
1075,clear,clear,03fcbe45-0d2d-4de8-910e-328d042c79fe,korhonen,10740727595
1076,clear,korhonen,03fcbe45-0d2d-4de8-910e-328d042c79fe,clear,8639759293
1077,clear,clear,03fcbe45-0d2d-4de8-910e-328d042c79fe,zhang,9646776074
1078,fmgoat,stadv,03fcbe45-0d2d-4de8-910e-328d042c79fe,fmgoat,8639759293
1079,ifgsm,stadv,03fcbe45-0d2d-4de8-910e-328d042c79fe,ifgsm,6351773844
1080,fmgoat,fmgoat,03fcbe45-0d2d-4de8-910e-328d042c79fe,ifgsm,8639759293
1081,good,bad,03fcbe45-0d2d-4de8-910e-328d042c79fe,good,v4
1082,zhang,korhonen,03fcbe45-0d2d-4de8-910e-328d042c79fe,zhang,3697493807
1083,zhang,zhang,03fcbe45-0d2d-4de8-910e-328d042c79fe,ifgsm,10740727595
1084,good,bad,03fcbe45-0d2d-4de8-910e-328d042c79fe,good,v4
1085,good,bad,03fcbe45-0d2d-4de8-910e-328d042c79fe,good,v4
1086,zhang,korhonen,03fcbe45-0d2d-4de8-910e-328d042c79fe,zhang,10740727595
1087,fmgoat,zhang,03fcbe45-0d2d-4de8-910e-328d042c79fe,fmgoat,8639759293
1088,clear,ifgsm,03fcbe45-0d2d-4de8-910e-328d042c79fe,clear,10740727595
1089,korhonen,stadv,03fcbe45-0d2d-4de8-910e-328d042c79fe,korhonen,9646776074
1090,clear,ifgsm,03fcbe45-0d2d-4de8-910e-328d042c79fe,clear,8639759293
1091,zhang,korhonen,03fcbe45-0d2d-4de8-910e-328d042c79fe,zhang,6351773844
1092,zhang,zhang,03fcbe45-0d2d-4de8-910e-328d042c79fe,ifgsm,6351773844
1093,fmgoat,fmgoat,03fcbe45-0d2d-4de8-910e-328d042c79fe,ifgsm,3697493807
1094,ifgsm,ifgsm,03fcbe45-0d2d-4de8-910e-328d042c79fe,korhonen,9646776074
1095,fmgoat,fmgoat,03fcbe45-0d2d-4de8-910e-328d042c79fe,clear,3697493807
1096,korhonen,korhonen,03fcbe45-0d2d-4de8-910e-328d042c79fe,ifgsm,9646776074
1097,korhonen,ifgsm,03fcbe45-0d2d-4de8-910e-328d042c79fe,korhonen,6351773844
1098,stadv,stadv,03fcbe45-0d2d-4de8-910e-328d042c79fe,ifgsm,10740727595
1099,clear,clear,03fcbe45-0d2d-4de8-910e-328d042c79fe,stadv,6351773844
1100,fmgoat,zhang,7610215f-ec63-41df-a257-59efe206abbc,fmgoat,6351773844
1101,clear,clear,7610215f-ec63-41df-a257-59efe206abbc,korhonen,9646776074
1102,good,bad,7610215f-ec63-41df-a257-59efe206abbc,good,v3
1103,fmgoat,fmgoat,7610215f-ec63-41df-a257-59efe206abbc,stadv,8639759293
1104,good,bad,7610215f-ec63-41df-a257-59efe206abbc,good,v2
1105,,fmgoat,7610215f-ec63-41df-a257-59efe206abbc,clear,10740727595
1106,fmgoat,zhang,7610215f-ec63-41df-a257-59efe206abbc,fmgoat,3697493807
1107,fmgoat,ifgsm,7610215f-ec63-41df-a257-59efe206abbc,fmgoat,8639759293
1108,fmgoat,fmgoat,7610215f-ec63-41df-a257-59efe206abbc,korhonen,9646776074
1109,clear,clear,7610215f-ec63-41df-a257-59efe206abbc,zhang,6351773844
1110,clear,clear,7610215f-ec63-41df-a257-59efe206abbc,stadv,3697493807
1111,fmgoat,fmgoat,7610215f-ec63-41df-a257-59efe206abbc,stadv,3697493807
1112,zhang,korhonen,7610215f-ec63-41df-a257-59efe206abbc,zhang,10740727595
1113,fmgoat,fmgoat,7610215f-ec63-41df-a257-59efe206abbc,stadv,3697493807
1114,korhonen,ifgsm,7610215f-ec63-41df-a257-59efe206abbc,korhonen,8639759293
1115,clear,clear,7610215f-ec63-41df-a257-59efe206abbc,zhang,6351773844
1116,korhonen,korhonen,7610215f-ec63-41df-a257-59efe206abbc,stadv,10740727595
1117,korhonen,korhonen,7610215f-ec63-41df-a257-59efe206abbc,ifgsm,9646776074
1118,zhang,zhang,7610215f-ec63-41df-a257-59efe206abbc,korhonen,8639759293
1119,good,bad,7610215f-ec63-41df-a257-59efe206abbc,good,v2
1120,ifgsm,ifgsm,7610215f-ec63-41df-a257-59efe206abbc,stadv,8639759293
1121,fmgoat,fmgoat,7610215f-ec63-41df-a257-59efe206abbc,korhonen,9646776074
1122,clear,clear,7610215f-ec63-41df-a257-59efe206abbc,ifgsm,6351773844
1123,zhang,zhang,7610215f-ec63-41df-a257-59efe206abbc,ifgsm,10740727595
1124,clear,clear,7610215f-ec63-41df-a257-59efe206abbc,zhang,3697493807
1125,zhang,stadv,c2de043f-b839-4d66-b536-c6ec48922682,zhang,3697493807
1126,fmgoat,fmgoat,c2de043f-b839-4d66-b536-c6ec48922682,ifgsm,3697493807
1127,zhang,ifgsm,c2de043f-b839-4d66-b536-c6ec48922682,zhang,6351773844
1128,fmgoat,fmgoat,c2de043f-b839-4d66-b536-c6ec48922682,ifgsm,3697493807
1129,clear,clear,c2de043f-b839-4d66-b536-c6ec48922682,stadv,9646776074
1130,clear,korhonen,c2de043f-b839-4d66-b536-c6ec48922682,clear,6351773844
1131,zhang,stadv,c2de043f-b839-4d66-b536-c6ec48922682,zhang,3697493807
1132,zhang,zhang,c2de043f-b839-4d66-b536-c6ec48922682,fmgoat,9646776074
1133,fmgoat,korhonen,c2de043f-b839-4d66-b536-c6ec48922682,fmgoat,10740727595
1134,zhang,fmgoat,c2de043f-b839-4d66-b536-c6ec48922682,zhang,8639759293
1135,korhonen,korhonen,c2de043f-b839-4d66-b536-c6ec48922682,ifgsm,8639759293
1136,clear,fmgoat,c2de043f-b839-4d66-b536-c6ec48922682,clear,9646776074
1137,fmgoat,fmgoat,c2de043f-b839-4d66-b536-c6ec48922682,zhang,8639759293
1138,fmgoat,korhonen,c2de043f-b839-4d66-b536-c6ec48922682,fmgoat,3697493807
1139,ifgsm,korhonen,c2de043f-b839-4d66-b536-c6ec48922682,ifgsm,9646776074
1140,fmgoat,fmgoat,c2de043f-b839-4d66-b536-c6ec48922682,zhang,9646776074
1141,zhang,zhang,c2de043f-b839-4d66-b536-c6ec48922682,stadv,9646776074
1142,clear,clear,c2de043f-b839-4d66-b536-c6ec48922682,fmgoat,8639759293
1143,ifgsm,stadv,c2de043f-b839-4d66-b536-c6ec48922682,ifgsm,3697493807
1144,good,good,c2de043f-b839-4d66-b536-c6ec48922682,bad,v5
1145,good,good,c2de043f-b839-4d66-b536-c6ec48922682,bad,v5
1146,good,bad,c2de043f-b839-4d66-b536-c6ec48922682,good,v3
1147,korhonen,ifgsm,c2de043f-b839-4d66-b536-c6ec48922682,korhonen,6351773844
1148,zhang,zhang,c2de043f-b839-4d66-b536-c6ec48922682,korhonen,8639759293
1149,clear,zhang,c2de043f-b839-4d66-b536-c6ec48922682,clear,9646776074
1150,fmgoat,fmgoat,f2240de2-7d80-442d-9233-d5d73904455a,ifgsm,6351773844
1151,zhang,korhonen,f2240de2-7d80-442d-9233-d5d73904455a,zhang,9646776074
1152,korhonen,stadv,f2240de2-7d80-442d-9233-d5d73904455a,korhonen,8639759293
1153,fmgoat,fmgoat,f2240de2-7d80-442d-9233-d5d73904455a,stadv,8639759293
1154,fmgoat,fmgoat,f2240de2-7d80-442d-9233-d5d73904455a,korhonen,3697493807
1155,,clear,f2240de2-7d80-442d-9233-d5d73904455a,fmgoat,3697493807
1156,fmgoat,zhang,f2240de2-7d80-442d-9233-d5d73904455a,fmgoat,9646776074
1157,zhang,zhang,f2240de2-7d80-442d-9233-d5d73904455a,stadv,9646776074
1158,zhang,zhang,f2240de2-7d80-442d-9233-d5d73904455a,stadv,9646776074
1159,clear,stadv,f2240de2-7d80-442d-9233-d5d73904455a,clear,3697493807
1160,korhonen,korhonen,f2240de2-7d80-442d-9233-d5d73904455a,stadv,9646776074
1161,fmgoat,fmgoat,f2240de2-7d80-442d-9233-d5d73904455a,zhang,10740727595
1162,good,bad,f2240de2-7d80-442d-9233-d5d73904455a,good,v3
1163,clear,clear,f2240de2-7d80-442d-9233-d5d73904455a,korhonen,6351773844
1164,clear,clear,f2240de2-7d80-442d-9233-d5d73904455a,zhang,10740727595
1165,fmgoat,stadv,f2240de2-7d80-442d-9233-d5d73904455a,fmgoat,10740727595
1166,good,bad,f2240de2-7d80-442d-9233-d5d73904455a,good,v4
1167,,zhang,f2240de2-7d80-442d-9233-d5d73904455a,korhonen,3697493807
1168,clear,clear,f2240de2-7d80-442d-9233-d5d73904455a,stadv,8639759293
1169,clear,ifgsm,f2240de2-7d80-442d-9233-d5d73904455a,clear,9646776074
1170,clear,korhonen,f2240de2-7d80-442d-9233-d5d73904455a,clear,10740727595
1171,good,bad,f2240de2-7d80-442d-9233-d5d73904455a,good,v6
1172,zhang,ifgsm,f2240de2-7d80-442d-9233-d5d73904455a,zhang,6351773844
1173,,korhonen,f2240de2-7d80-442d-9233-d5d73904455a,zhang,8639759293
1174,,fmgoat,f2240de2-7d80-442d-9233-d5d73904455a,clear,8639759293
1175,clear,clear,c809a715-25ed-4072-835f-48f2f528bcf7,zhang,6351773844
1176,,fmgoat,c809a715-25ed-4072-835f-48f2f528bcf7,clear,9646776074
1177,clear,fmgoat,c809a715-25ed-4072-835f-48f2f528bcf7,clear,8639759293
1178,,fmgoat,c809a715-25ed-4072-835f-48f2f528bcf7,clear,9646776074
1179,clear,clear,c809a715-25ed-4072-835f-48f2f528bcf7,korhonen,3697493807
1180,fmgoat,clear,c809a715-25ed-4072-835f-48f2f528bcf7,fmgoat,6351773844
1181,zhang,ifgsm,c809a715-25ed-4072-835f-48f2f528bcf7,zhang,10740727595
1182,fmgoat,fmgoat,c809a715-25ed-4072-835f-48f2f528bcf7,korhonen,6351773844
1183,fmgoat,fmgoat,c809a715-25ed-4072-835f-48f2f528bcf7,korhonen,6351773844
1184,clear,stadv,c809a715-25ed-4072-835f-48f2f528bcf7,clear,10740727595
1185,korhonen,korhonen,c809a715-25ed-4072-835f-48f2f528bcf7,zhang,6351773844
1186,good,good,c809a715-25ed-4072-835f-48f2f528bcf7,bad,v7
1187,clear,clear,c809a715-25ed-4072-835f-48f2f528bcf7,stadv,10740727595
1188,zhang,zhang,c809a715-25ed-4072-835f-48f2f528bcf7,stadv,6351773844
1189,ifgsm,ifgsm,c809a715-25ed-4072-835f-48f2f528bcf7,stadv,8639759293
1190,clear,clear,c809a715-25ed-4072-835f-48f2f528bcf7,korhonen,10740727595
1191,fmgoat,fmgoat,c809a715-25ed-4072-835f-48f2f528bcf7,clear,6351773844
1192,korhonen,korhonen,c809a715-25ed-4072-835f-48f2f528bcf7,stadv,10740727595
1193,stadv,zhang,c809a715-25ed-4072-835f-48f2f528bcf7,stadv,9646776074
1194,good,good,c809a715-25ed-4072-835f-48f2f528bcf7,bad,v2
1195,ifgsm,ifgsm,c809a715-25ed-4072-835f-48f2f528bcf7,stadv,8639759293
1196,fmgoat,ifgsm,c809a715-25ed-4072-835f-48f2f528bcf7,fmgoat,10740727595
1197,fmgoat,zhang,c809a715-25ed-4072-835f-48f2f528bcf7,fmgoat,9646776074
1198,good,good,c809a715-25ed-4072-835f-48f2f528bcf7,bad,v6
1199,korhonen,korhonen,c809a715-25ed-4072-835f-48f2f528bcf7,zhang,6351773844
1200,ifgsm,ifgsm,064dd1b6-2078-4541-946e-310c0c5a3960,stadv,8639759293
1201,clear,clear,064dd1b6-2078-4541-946e-310c0c5a3960,ifgsm,9646776074
1202,clear,clear,064dd1b6-2078-4541-946e-310c0c5a3960,stadv,3697493807
1203,ifgsm,stadv,064dd1b6-2078-4541-946e-310c0c5a3960,ifgsm,9646776074
1204,clear,stadv,064dd1b6-2078-4541-946e-310c0c5a3960,clear,6351773844
1205,fmgoat,zhang,064dd1b6-2078-4541-946e-310c0c5a3960,fmgoat,9646776074
1206,,korhonen,064dd1b6-2078-4541-946e-310c0c5a3960,stadv,6351773844
1207,zhang,zhang,064dd1b6-2078-4541-946e-310c0c5a3960,ifgsm,3697493807
1208,fmgoat,ifgsm,064dd1b6-2078-4541-946e-310c0c5a3960,fmgoat,8639759293
1209,,ifgsm,064dd1b6-2078-4541-946e-310c0c5a3960,korhonen,6351773844
1210,,ifgsm,064dd1b6-2078-4541-946e-310c0c5a3960,korhonen,6351773844
1211,,fmgoat,064dd1b6-2078-4541-946e-310c0c5a3960,clear,3697493807
1212,fmgoat,ifgsm,064dd1b6-2078-4541-946e-310c0c5a3960,fmgoat,8639759293
1213,ifgsm,ifgsm,064dd1b6-2078-4541-946e-310c0c5a3960,stadv,6351773844
1214,zhang,ifgsm,064dd1b6-2078-4541-946e-310c0c5a3960,zhang,9646776074
1215,good,bad,064dd1b6-2078-4541-946e-310c0c5a3960,good,v6
1216,fmgoat,zhang,064dd1b6-2078-4541-946e-310c0c5a3960,fmgoat,10740727595
1217,good,bad,064dd1b6-2078-4541-946e-310c0c5a3960,good,v2
1218,korhonen,korhonen,064dd1b6-2078-4541-946e-310c0c5a3960,stadv,8639759293
1219,zhang,ifgsm,064dd1b6-2078-4541-946e-310c0c5a3960,zhang,10740727595
1220,zhang,korhonen,064dd1b6-2078-4541-946e-310c0c5a3960,zhang,8639759293
1221,clear,clear,064dd1b6-2078-4541-946e-310c0c5a3960,korhonen,6351773844
1222,good,good,064dd1b6-2078-4541-946e-310c0c5a3960,bad,v5
1223,zhang,zhang,064dd1b6-2078-4541-946e-310c0c5a3960,stadv,8639759293
1224,zhang,ifgsm,064dd1b6-2078-4541-946e-310c0c5a3960,zhang,6351773844
1225,zhang,zhang,19b7c2c5-dd41-42e9-bc58-8189eb20c0b4,korhonen,6351773844
1226,fmgoat,fmgoat,19b7c2c5-dd41-42e9-bc58-8189eb20c0b4,korhonen,6351773844
1227,ifgsm,stadv,19b7c2c5-dd41-42e9-bc58-8189eb20c0b4,ifgsm,9646776074
1228,korhonen,stadv,19b7c2c5-dd41-42e9-bc58-8189eb20c0b4,korhonen,6351773844
1229,clear,clear,19b7c2c5-dd41-42e9-bc58-8189eb20c0b4,zhang,3697493807
1230,ifgsm,ifgsm,19b7c2c5-dd41-42e9-bc58-8189eb20c0b4,stadv,3697493807
1231,fmgoat,ifgsm,19b7c2c5-dd41-42e9-bc58-8189eb20c0b4,fmgoat,10740727595
1232,good,bad,19b7c2c5-dd41-42e9-bc58-8189eb20c0b4,good,v4
1233,clear,clear,19b7c2c5-dd41-42e9-bc58-8189eb20c0b4,korhonen,10740727595
1234,fmgoat,fmgoat,19b7c2c5-dd41-42e9-bc58-8189eb20c0b4,stadv,8639759293
1235,clear,clear,19b7c2c5-dd41-42e9-bc58-8189eb20c0b4,stadv,10740727595
1236,fmgoat,korhonen,19b7c2c5-dd41-42e9-bc58-8189eb20c0b4,fmgoat,6351773844
1237,clear,clear,19b7c2c5-dd41-42e9-bc58-8189eb20c0b4,zhang,6351773844
1238,clear,korhonen,19b7c2c5-dd41-42e9-bc58-8189eb20c0b4,clear,6351773844
1239,zhang,zhang,19b7c2c5-dd41-42e9-bc58-8189eb20c0b4,korhonen,3697493807
1240,fmgoat,korhonen,19b7c2c5-dd41-42e9-bc58-8189eb20c0b4,fmgoat,6351773844
1241,zhang,zhang,19b7c2c5-dd41-42e9-bc58-8189eb20c0b4,korhonen,8639759293
1242,good,good,19b7c2c5-dd41-42e9-bc58-8189eb20c0b4,bad,v1
1243,fmgoat,fmgoat,19b7c2c5-dd41-42e9-bc58-8189eb20c0b4,zhang,9646776074
1244,good,good,19b7c2c5-dd41-42e9-bc58-8189eb20c0b4,bad,v5
1245,fmgoat,stadv,19b7c2c5-dd41-42e9-bc58-8189eb20c0b4,fmgoat,9646776074
1246,ifgsm,stadv,19b7c2c5-dd41-42e9-bc58-8189eb20c0b4,ifgsm,10740727595
1247,korhonen,stadv,19b7c2c5-dd41-42e9-bc58-8189eb20c0b4,korhonen,9646776074
1248,korhonen,ifgsm,19b7c2c5-dd41-42e9-bc58-8189eb20c0b4,korhonen,10740727595
1249,,korhonen,19b7c2c5-dd41-42e9-bc58-8189eb20c0b4,ifgsm,8639759293
1250,clear,fmgoat,80dfbcf4-1c60-4abc-acd3-661af306a8d8,clear,10740727595
1251,zhang,korhonen,80dfbcf4-1c60-4abc-acd3-661af306a8d8,zhang,6351773844
1252,good,bad,80dfbcf4-1c60-4abc-acd3-661af306a8d8,good,v1
1253,ifgsm,stadv,80dfbcf4-1c60-4abc-acd3-661af306a8d8,ifgsm,9646776074
1254,fmgoat,fmgoat,80dfbcf4-1c60-4abc-acd3-661af306a8d8,ifgsm,10740727595
1255,ifgsm,korhonen,80dfbcf4-1c60-4abc-acd3-661af306a8d8,ifgsm,6351773844
1256,clear,ifgsm,80dfbcf4-1c60-4abc-acd3-661af306a8d8,clear,8639759293
1257,zhang,zhang,80dfbcf4-1c60-4abc-acd3-661af306a8d8,ifgsm,10740727595
1258,fmgoat,korhonen,80dfbcf4-1c60-4abc-acd3-661af306a8d8,fmgoat,9646776074
1259,zhang,zhang,80dfbcf4-1c60-4abc-acd3-661af306a8d8,korhonen,3697493807
1260,korhonen,korhonen,80dfbcf4-1c60-4abc-acd3-661af306a8d8,ifgsm,10740727595
1261,fmgoat,ifgsm,80dfbcf4-1c60-4abc-acd3-661af306a8d8,fmgoat,3697493807
1262,good,bad,80dfbcf4-1c60-4abc-acd3-661af306a8d8,good,v3
1263,clear,clear,80dfbcf4-1c60-4abc-acd3-661af306a8d8,korhonen,6351773844
1264,ifgsm,clear,80dfbcf4-1c60-4abc-acd3-661af306a8d8,ifgsm,6351773844
1265,zhang,zhang,80dfbcf4-1c60-4abc-acd3-661af306a8d8,ifgsm,9646776074
1266,clear,korhonen,80dfbcf4-1c60-4abc-acd3-661af306a8d8,clear,9646776074
1267,fmgoat,fmgoat,80dfbcf4-1c60-4abc-acd3-661af306a8d8,zhang,10740727595
1268,fmgoat,fmgoat,80dfbcf4-1c60-4abc-acd3-661af306a8d8,ifgsm,9646776074
1269,korhonen,stadv,80dfbcf4-1c60-4abc-acd3-661af306a8d8,korhonen,6351773844
1270,fmgoat,fmgoat,80dfbcf4-1c60-4abc-acd3-661af306a8d8,ifgsm,9646776074
1271,fmgoat,clear,80dfbcf4-1c60-4abc-acd3-661af306a8d8,fmgoat,8639759293
1272,good,bad,80dfbcf4-1c60-4abc-acd3-661af306a8d8,good,v3
1273,ifgsm,ifgsm,80dfbcf4-1c60-4abc-acd3-661af306a8d8,fmgoat,6351773844
1274,clear,zhang,80dfbcf4-1c60-4abc-acd3-661af306a8d8,clear,10740727595
1275,clear,stadv,acaff2d9-aad4-43ee-a023-c0caceec92f3,clear,3697493807
1276,clear,ifgsm,acaff2d9-aad4-43ee-a023-c0caceec92f3,clear,6351773844
1277,clear,clear,acaff2d9-aad4-43ee-a023-c0caceec92f3,ifgsm,3697493807
1278,fmgoat,fmgoat,acaff2d9-aad4-43ee-a023-c0caceec92f3,ifgsm,9646776074
1279,clear,ifgsm,acaff2d9-aad4-43ee-a023-c0caceec92f3,clear,10740727595
1280,ifgsm,stadv,acaff2d9-aad4-43ee-a023-c0caceec92f3,ifgsm,9646776074
1281,clear,clear,acaff2d9-aad4-43ee-a023-c0caceec92f3,ifgsm,3697493807
1282,zhang,zhang,acaff2d9-aad4-43ee-a023-c0caceec92f3,ifgsm,8639759293
1283,ifgsm,stadv,acaff2d9-aad4-43ee-a023-c0caceec92f3,ifgsm,8639759293
1284,clear,stadv,acaff2d9-aad4-43ee-a023-c0caceec92f3,clear,3697493807
1285,korhonen,korhonen,acaff2d9-aad4-43ee-a023-c0caceec92f3,stadv,10740727595
1286,fmgoat,fmgoat,acaff2d9-aad4-43ee-a023-c0caceec92f3,ifgsm,9646776074
1287,fmgoat,zhang,acaff2d9-aad4-43ee-a023-c0caceec92f3,fmgoat,9646776074
1288,good,good,acaff2d9-aad4-43ee-a023-c0caceec92f3,bad,v3
1289,clear,stadv,acaff2d9-aad4-43ee-a023-c0caceec92f3,clear,8639759293
1290,zhang,zhang,acaff2d9-aad4-43ee-a023-c0caceec92f3,korhonen,6351773844
1291,good,bad,acaff2d9-aad4-43ee-a023-c0caceec92f3,good,v2
1292,zhang,zhang,acaff2d9-aad4-43ee-a023-c0caceec92f3,stadv,9646776074
1293,fmgoat,fmgoat,acaff2d9-aad4-43ee-a023-c0caceec92f3,stadv,10740727595
1294,korhonen,korhonen,acaff2d9-aad4-43ee-a023-c0caceec92f3,stadv,6351773844
1295,clear,clear,acaff2d9-aad4-43ee-a023-c0caceec92f3,zhang,9646776074
1296,clear,stadv,acaff2d9-aad4-43ee-a023-c0caceec92f3,clear,8639759293
1297,fmgoat,fmgoat,acaff2d9-aad4-43ee-a023-c0caceec92f3,zhang,10740727595
1298,good,good,acaff2d9-aad4-43ee-a023-c0caceec92f3,bad,v2
1299,fmgoat,korhonen,acaff2d9-aad4-43ee-a023-c0caceec92f3,fmgoat,9646776074
1300,clear,zhang,d86297e2-ea62-44d2-8488-1ab605f1f8ca,clear,6351773844
1301,stadv,ifgsm,d86297e2-ea62-44d2-8488-1ab605f1f8ca,stadv,9646776074
1302,good,good,d86297e2-ea62-44d2-8488-1ab605f1f8ca,bad,v5
1303,stadv,korhonen,d86297e2-ea62-44d2-8488-1ab605f1f8ca,stadv,8639759293
1304,good,good,d86297e2-ea62-44d2-8488-1ab605f1f8ca,bad,v1
1305,korhonen,korhonen,d86297e2-ea62-44d2-8488-1ab605f1f8ca,stadv,6351773844
1306,korhonen,korhonen,d86297e2-ea62-44d2-8488-1ab605f1f8ca,ifgsm,6351773844
1307,korhonen,ifgsm,d86297e2-ea62-44d2-8488-1ab605f1f8ca,korhonen,3697493807
1308,fmgoat,ifgsm,d86297e2-ea62-44d2-8488-1ab605f1f8ca,fmgoat,9646776074
1309,clear,stadv,d86297e2-ea62-44d2-8488-1ab605f1f8ca,clear,10740727595
1310,korhonen,ifgsm,d86297e2-ea62-44d2-8488-1ab605f1f8ca,korhonen,8639759293
1311,clear,clear,d86297e2-ea62-44d2-8488-1ab605f1f8ca,zhang,3697493807
1312,clear,clear,d86297e2-ea62-44d2-8488-1ab605f1f8ca,ifgsm,6351773844
1313,korhonen,korhonen,d86297e2-ea62-44d2-8488-1ab605f1f8ca,zhang,10740727595
1314,clear,clear,d86297e2-ea62-44d2-8488-1ab605f1f8ca,stadv,10740727595
1315,stadv,ifgsm,d86297e2-ea62-44d2-8488-1ab605f1f8ca,stadv,6351773844
1316,clear,clear,d86297e2-ea62-44d2-8488-1ab605f1f8ca,zhang,8639759293
1317,fmgoat,clear,d86297e2-ea62-44d2-8488-1ab605f1f8ca,fmgoat,9646776074
1318,clear,ifgsm,d86297e2-ea62-44d2-8488-1ab605f1f8ca,clear,9646776074
1319,good,good,d86297e2-ea62-44d2-8488-1ab605f1f8ca,bad,v1
1320,korhonen,korhonen,d86297e2-ea62-44d2-8488-1ab605f1f8ca,ifgsm,6351773844
1321,ifgsm,ifgsm,d86297e2-ea62-44d2-8488-1ab605f1f8ca,stadv,8639759293
1322,clear,zhang,d86297e2-ea62-44d2-8488-1ab605f1f8ca,clear,9646776074
1323,korhonen,stadv,d86297e2-ea62-44d2-8488-1ab605f1f8ca,korhonen,6351773844
1324,clear,zhang,d86297e2-ea62-44d2-8488-1ab605f1f8ca,clear,8639759293
1325,good,good,d4511155-5698-4827-b393-d12e7bd6434c,bad,v6
1326,fmgoat,fmgoat,d4511155-5698-4827-b393-d12e7bd6434c,clear,3697493807
1327,zhang,zhang,d4511155-5698-4827-b393-d12e7bd6434c,korhonen,10740727595
1328,clear,clear,d4511155-5698-4827-b393-d12e7bd6434c,fmgoat,6351773844
1329,clear,clear,d4511155-5698-4827-b393-d12e7bd6434c,zhang,8639759293
1330,zhang,zhang,d4511155-5698-4827-b393-d12e7bd6434c,ifgsm,10740727595
1331,clear,stadv,d4511155-5698-4827-b393-d12e7bd6434c,clear,6351773844
1332,clear,stadv,d4511155-5698-4827-b393-d12e7bd6434c,clear,9646776074
1333,clear,clear,d4511155-5698-4827-b393-d12e7bd6434c,ifgsm,8639759293
1334,fmgoat,ifgsm,d4511155-5698-4827-b393-d12e7bd6434c,fmgoat,9646776074
1335,clear,zhang,d4511155-5698-4827-b393-d12e7bd6434c,clear,8639759293
1336,clear,stadv,d4511155-5698-4827-b393-d12e7bd6434c,clear,6351773844
1337,zhang,zhang,d4511155-5698-4827-b393-d12e7bd6434c,korhonen,10740727595
1338,clear,clear,d4511155-5698-4827-b393-d12e7bd6434c,ifgsm,10740727595
1339,good,bad,d4511155-5698-4827-b393-d12e7bd6434c,good,v5
1340,good,good,d4511155-5698-4827-b393-d12e7bd6434c,bad,v6
1341,fmgoat,fmgoat,d4511155-5698-4827-b393-d12e7bd6434c,ifgsm,3697493807
1342,clear,ifgsm,d4511155-5698-4827-b393-d12e7bd6434c,clear,9646776074
1343,fmgoat,fmgoat,d4511155-5698-4827-b393-d12e7bd6434c,zhang,10740727595
1344,clear,korhonen,d4511155-5698-4827-b393-d12e7bd6434c,clear,10740727595
1345,clear,clear,d4511155-5698-4827-b393-d12e7bd6434c,fmgoat,6351773844
1346,fmgoat,clear,d4511155-5698-4827-b393-d12e7bd6434c,fmgoat,3697493807
1347,clear,clear,d4511155-5698-4827-b393-d12e7bd6434c,stadv,3697493807
1348,ifgsm,ifgsm,d4511155-5698-4827-b393-d12e7bd6434c,stadv,9646776074
1349,zhang,zhang,d4511155-5698-4827-b393-d12e7bd6434c,korhonen,8639759293
1350,good,bad,4208eead-34a7-4fda-a285-030d6b4fbdf1,good,v3
1351,zhang,ifgsm,4208eead-34a7-4fda-a285-030d6b4fbdf1,zhang,10740727595
1352,fmgoat,zhang,4208eead-34a7-4fda-a285-030d6b4fbdf1,fmgoat,3697493807
1353,fmgoat,fmgoat,4208eead-34a7-4fda-a285-030d6b4fbdf1,clear,10740727595
1354,korhonen,clear,4208eead-34a7-4fda-a285-030d6b4fbdf1,korhonen,9646776074
1355,fmgoat,fmgoat,4208eead-34a7-4fda-a285-030d6b4fbdf1,korhonen,8639759293
1356,clear,fmgoat,4208eead-34a7-4fda-a285-030d6b4fbdf1,clear,3697493807
1357,fmgoat,korhonen,4208eead-34a7-4fda-a285-030d6b4fbdf1,fmgoat,3697493807
1358,good,good,4208eead-34a7-4fda-a285-030d6b4fbdf1,bad,v2
1359,fmgoat,fmgoat,4208eead-34a7-4fda-a285-030d6b4fbdf1,stadv,3697493807
1360,ifgsm,ifgsm,4208eead-34a7-4fda-a285-030d6b4fbdf1,stadv,10740727595
1361,fmgoat,clear,4208eead-34a7-4fda-a285-030d6b4fbdf1,fmgoat,3697493807
1362,korhonen,korhonen,4208eead-34a7-4fda-a285-030d6b4fbdf1,stadv,6351773844
1363,korhonen,ifgsm,4208eead-34a7-4fda-a285-030d6b4fbdf1,korhonen,3697493807
1364,zhang,zhang,4208eead-34a7-4fda-a285-030d6b4fbdf1,ifgsm,10740727595
1365,zhang,zhang,4208eead-34a7-4fda-a285-030d6b4fbdf1,stadv,3697493807
1366,ifgsm,stadv,4208eead-34a7-4fda-a285-030d6b4fbdf1,ifgsm,10740727595
1367,ifgsm,ifgsm,4208eead-34a7-4fda-a285-030d6b4fbdf1,stadv,6351773844
1368,zhang,stadv,4208eead-34a7-4fda-a285-030d6b4fbdf1,zhang,8639759293
1369,zhang,korhonen,4208eead-34a7-4fda-a285-030d6b4fbdf1,zhang,9646776074
1370,good,good,4208eead-34a7-4fda-a285-030d6b4fbdf1,bad,v4
1371,zhang,ifgsm,4208eead-34a7-4fda-a285-030d6b4fbdf1,zhang,10740727595
1372,zhang,stadv,4208eead-34a7-4fda-a285-030d6b4fbdf1,zhang,3697493807
1373,zhang,ifgsm,4208eead-34a7-4fda-a285-030d6b4fbdf1,zhang,6351773844
1374,clear,korhonen,4208eead-34a7-4fda-a285-030d6b4fbdf1,clear,6351773844
1375,zhang,zhang,fc51d235-df33-4d97-94bc-0c366cf83b74,stadv,8639759293
1376,clear,korhonen,fc51d235-df33-4d97-94bc-0c366cf83b74,clear,6351773844
1377,stadv,korhonen,fc51d235-df33-4d97-94bc-0c366cf83b74,stadv,9646776074
1378,fmgoat,fmgoat,fc51d235-df33-4d97-94bc-0c366cf83b74,korhonen,10740727595
1379,good,bad,fc51d235-df33-4d97-94bc-0c366cf83b74,good,v1
1380,good,bad,fc51d235-df33-4d97-94bc-0c366cf83b74,good,v2
1381,clear,clear,fc51d235-df33-4d97-94bc-0c366cf83b74,ifgsm,3697493807
1382,clear,clear,fc51d235-df33-4d97-94bc-0c366cf83b74,ifgsm,10740727595
1383,korhonen,korhonen,fc51d235-df33-4d97-94bc-0c366cf83b74,zhang,3697493807
1384,fmgoat,stadv,fc51d235-df33-4d97-94bc-0c366cf83b74,fmgoat,8639759293
1385,clear,clear,fc51d235-df33-4d97-94bc-0c366cf83b74,ifgsm,10740727595
1386,clear,clear,fc51d235-df33-4d97-94bc-0c366cf83b74,korhonen,6351773844
1387,clear,fmgoat,fc51d235-df33-4d97-94bc-0c366cf83b74,clear,3697493807
1388,,fmgoat,fc51d235-df33-4d97-94bc-0c366cf83b74,clear,10740727595
1389,clear,clear,fc51d235-df33-4d97-94bc-0c366cf83b74,zhang,9646776074
1390,clear,clear,fc51d235-df33-4d97-94bc-0c366cf83b74,ifgsm,10740727595
1391,ifgsm,ifgsm,fc51d235-df33-4d97-94bc-0c366cf83b74,zhang,3697493807
1392,fmgoat,zhang,fc51d235-df33-4d97-94bc-0c366cf83b74,fmgoat,6351773844
1393,good,bad,fc51d235-df33-4d97-94bc-0c366cf83b74,good,v1
1394,zhang,zhang,fc51d235-df33-4d97-94bc-0c366cf83b74,stadv,6351773844
1395,korhonen,stadv,fc51d235-df33-4d97-94bc-0c366cf83b74,korhonen,10740727595
1396,clear,ifgsm,fc51d235-df33-4d97-94bc-0c366cf83b74,clear,9646776074
1397,fmgoat,fmgoat,fc51d235-df33-4d97-94bc-0c366cf83b74,zhang,3697493807
1398,zhang,korhonen,fc51d235-df33-4d97-94bc-0c366cf83b74,zhang,9646776074
1399,ifgsm,stadv,fc51d235-df33-4d97-94bc-0c366cf83b74,ifgsm,6351773844
1400,clear,clear,429bd86b-21cf-4b7c-b203-1610aa68befd,zhang,6351773844
1401,clear,clear,429bd86b-21cf-4b7c-b203-1610aa68befd,stadv,3697493807
1402,clear,clear,429bd86b-21cf-4b7c-b203-1610aa68befd,stadv,6351773844
1403,korhonen,korhonen,429bd86b-21cf-4b7c-b203-1610aa68befd,stadv,6351773844
1404,clear,clear,429bd86b-21cf-4b7c-b203-1610aa68befd,stadv,6351773844
1405,fmgoat,korhonen,429bd86b-21cf-4b7c-b203-1610aa68befd,fmgoat,10740727595
1406,zhang,korhonen,429bd86b-21cf-4b7c-b203-1610aa68befd,zhang,6351773844
1407,clear,clear,429bd86b-21cf-4b7c-b203-1610aa68befd,stadv,3697493807
1408,good,good,429bd86b-21cf-4b7c-b203-1610aa68befd,bad,v2
1409,clear,clear,429bd86b-21cf-4b7c-b203-1610aa68befd,ifgsm,10740727595
1410,fmgoat,korhonen,429bd86b-21cf-4b7c-b203-1610aa68befd,fmgoat,9646776074
1411,fmgoat,fmgoat,429bd86b-21cf-4b7c-b203-1610aa68befd,zhang,8639759293
1412,fmgoat,fmgoat,429bd86b-21cf-4b7c-b203-1610aa68befd,zhang,9646776074
1413,zhang,zhang,429bd86b-21cf-4b7c-b203-1610aa68befd,stadv,3697493807
1414,good,good,429bd86b-21cf-4b7c-b203-1610aa68befd,bad,v6
1415,korhonen,korhonen,429bd86b-21cf-4b7c-b203-1610aa68befd,stadv,6351773844
1416,fmgoat,korhonen,429bd86b-21cf-4b7c-b203-1610aa68befd,fmgoat,6351773844
1417,zhang,korhonen,429bd86b-21cf-4b7c-b203-1610aa68befd,zhang,8639759293
1418,good,good,429bd86b-21cf-4b7c-b203-1610aa68befd,bad,v5
1419,zhang,zhang,429bd86b-21cf-4b7c-b203-1610aa68befd,ifgsm,9646776074
1420,zhang,ifgsm,429bd86b-21cf-4b7c-b203-1610aa68befd,zhang,9646776074
1421,clear,ifgsm,429bd86b-21cf-4b7c-b203-1610aa68befd,clear,3697493807
1422,clear,clear,429bd86b-21cf-4b7c-b203-1610aa68befd,stadv,3697493807
1423,clear,clear,429bd86b-21cf-4b7c-b203-1610aa68befd,fmgoat,9646776074
1424,zhang,ifgsm,429bd86b-21cf-4b7c-b203-1610aa68befd,zhang,8639759293
1425,ifgsm,ifgsm,c43338ef-65ca-44f2-b09e-a2793c86b348,stadv,10740727595
1426,clear,zhang,c43338ef-65ca-44f2-b09e-a2793c86b348,clear,8639759293
1427,fmgoat,stadv,c43338ef-65ca-44f2-b09e-a2793c86b348,fmgoat,6351773844
1428,korhonen,korhonen,c43338ef-65ca-44f2-b09e-a2793c86b348,ifgsm,6351773844
1429,clear,stadv,c43338ef-65ca-44f2-b09e-a2793c86b348,clear,10740727595
1430,ifgsm,ifgsm,c43338ef-65ca-44f2-b09e-a2793c86b348,stadv,9646776074
1431,clear,clear,c43338ef-65ca-44f2-b09e-a2793c86b348,stadv,8639759293
1432,zhang,zhang,c43338ef-65ca-44f2-b09e-a2793c86b348,stadv,3697493807
1433,good,good,c43338ef-65ca-44f2-b09e-a2793c86b348,bad,v6
1434,good,bad,c43338ef-65ca-44f2-b09e-a2793c86b348,good,v1
1435,zhang,zhang,c43338ef-65ca-44f2-b09e-a2793c86b348,stadv,10740727595
1436,fmgoat,ifgsm,c43338ef-65ca-44f2-b09e-a2793c86b348,fmgoat,10740727595
1437,korhonen,korhonen,c43338ef-65ca-44f2-b09e-a2793c86b348,stadv,9646776074
1438,clear,clear,c43338ef-65ca-44f2-b09e-a2793c86b348,zhang,9646776074
1439,,korhonen,c43338ef-65ca-44f2-b09e-a2793c86b348,ifgsm,9646776074
1440,zhang,korhonen,c43338ef-65ca-44f2-b09e-a2793c86b348,zhang,9646776074
1441,korhonen,stadv,c43338ef-65ca-44f2-b09e-a2793c86b348,korhonen,10740727595
1442,clear,clear,c43338ef-65ca-44f2-b09e-a2793c86b348,ifgsm,3697493807
1443,clear,stadv,c43338ef-65ca-44f2-b09e-a2793c86b348,clear,3697493807
1444,zhang,ifgsm,c43338ef-65ca-44f2-b09e-a2793c86b348,zhang,3697493807
1445,good,bad,c43338ef-65ca-44f2-b09e-a2793c86b348,good,v2
1446,clear,korhonen,c43338ef-65ca-44f2-b09e-a2793c86b348,clear,3697493807
1447,fmgoat,stadv,c43338ef-65ca-44f2-b09e-a2793c86b348,fmgoat,10740727595
1448,fmgoat,fmgoat,c43338ef-65ca-44f2-b09e-a2793c86b348,stadv,9646776074
1449,korhonen,stadv,c43338ef-65ca-44f2-b09e-a2793c86b348,korhonen,9646776074
1450,clear,clear,db542b0f-ebd7-4df4-978a-7b350e895bc5,fmgoat,8639759293
1451,good,bad,db542b0f-ebd7-4df4-978a-7b350e895bc5,good,v3
1452,clear,clear,db542b0f-ebd7-4df4-978a-7b350e895bc5,fmgoat,10740727595
1453,clear,clear,db542b0f-ebd7-4df4-978a-7b350e895bc5,stadv,8639759293
1454,zhang,zhang,db542b0f-ebd7-4df4-978a-7b350e895bc5,korhonen,8639759293
1455,ifgsm,stadv,db542b0f-ebd7-4df4-978a-7b350e895bc5,ifgsm,9646776074
1456,zhang,zhang,db542b0f-ebd7-4df4-978a-7b350e895bc5,korhonen,10740727595
1457,fmgoat,korhonen,db542b0f-ebd7-4df4-978a-7b350e895bc5,fmgoat,9646776074
1458,zhang,stadv,db542b0f-ebd7-4df4-978a-7b350e895bc5,zhang,8639759293
1459,korhonen,korhonen,db542b0f-ebd7-4df4-978a-7b350e895bc5,ifgsm,9646776074
1460,clear,ifgsm,db542b0f-ebd7-4df4-978a-7b350e895bc5,clear,3697493807
1461,clear,zhang,db542b0f-ebd7-4df4-978a-7b350e895bc5,clear,8639759293
1462,korhonen,zhang,db542b0f-ebd7-4df4-978a-7b350e895bc5,korhonen,6351773844
1463,zhang,ifgsm,db542b0f-ebd7-4df4-978a-7b350e895bc5,zhang,6351773844
1464,clear,korhonen,db542b0f-ebd7-4df4-978a-7b350e895bc5,clear,10740727595
1465,clear,clear,db542b0f-ebd7-4df4-978a-7b350e895bc5,ifgsm,6351773844
1466,clear,korhonen,db542b0f-ebd7-4df4-978a-7b350e895bc5,clear,6351773844
1467,good,good,db542b0f-ebd7-4df4-978a-7b350e895bc5,bad,v2
1468,zhang,zhang,db542b0f-ebd7-4df4-978a-7b350e895bc5,ifgsm,3697493807
1469,zhang,zhang,db542b0f-ebd7-4df4-978a-7b350e895bc5,korhonen,6351773844
1470,good,bad,db542b0f-ebd7-4df4-978a-7b350e895bc5,good,v5
1471,zhang,zhang,db542b0f-ebd7-4df4-978a-7b350e895bc5,korhonen,3697493807
1472,korhonen,stadv,db542b0f-ebd7-4df4-978a-7b350e895bc5,korhonen,3697493807
1473,fmgoat,fmgoat,db542b0f-ebd7-4df4-978a-7b350e895bc5,clear,8639759293
1474,clear,fmgoat,db542b0f-ebd7-4df4-978a-7b350e895bc5,clear,10740727595
1475,korhonen,zhang,b9d18100-51ae-4688-9e3f-06a72ff7eac6,korhonen,9469622762
1476,good,bad,b9d18100-51ae-4688-9e3f-06a72ff7eac6,good,v1
1477,clear,fmgoat,b9d18100-51ae-4688-9e3f-06a72ff7eac6,clear,4424481742
1478,clear,clear,b9d18100-51ae-4688-9e3f-06a72ff7eac6,zhang,4424481742
1479,korhonen,zhang,b9d18100-51ae-4688-9e3f-06a72ff7eac6,korhonen,9469622762
1480,korhonen,zhang,b9d18100-51ae-4688-9e3f-06a72ff7eac6,korhonen,9469622762
1481,clear,zhang,b9d18100-51ae-4688-9e3f-06a72ff7eac6,clear,4424481742
1482,good,good,b9d18100-51ae-4688-9e3f-06a72ff7eac6,bad,v5
1483,good,bad,b9d18100-51ae-4688-9e3f-06a72ff7eac6,good,v5
1484,clear,clear,b9d18100-51ae-4688-9e3f-06a72ff7eac6,zhang,4424481742
1485,korhonen,korhonen,b9d18100-51ae-4688-9e3f-06a72ff7eac6,zhang,9469622762
1486,clear,clear,b9d18100-51ae-4688-9e3f-06a72ff7eac6,zhang,4424481742
1487,zhang,zhang,b9d18100-51ae-4688-9e3f-06a72ff7eac6,korhonen,9469622762
1488,clear,clear,b9d18100-51ae-4688-9e3f-06a72ff7eac6,zhang,4424481742
1489,,clear,b9d18100-51ae-4688-9e3f-06a72ff7eac6,fmgoat,4424481742
1490,clear,clear,d3dc012e-7379-48b0-917b-e60f559fbe2c,korhonen,4424481742
1491,clear,clear,d3dc012e-7379-48b0-917b-e60f559fbe2c,korhonen,4424481742
1492,zhang,fmgoat,d3dc012e-7379-48b0-917b-e60f559fbe2c,zhang,9469622762
1493,zhang,zhang,d3dc012e-7379-48b0-917b-e60f559fbe2c,fmgoat,9469622762
1494,good,bad,d3dc012e-7379-48b0-917b-e60f559fbe2c,good,v1
1495,clear,clear,d3dc012e-7379-48b0-917b-e60f559fbe2c,korhonen,4424481742
1496,clear,korhonen,d3dc012e-7379-48b0-917b-e60f559fbe2c,clear,4424481742
1497,zhang,zhang,d3dc012e-7379-48b0-917b-e60f559fbe2c,fmgoat,9469622762
1498,clear,clear,d3dc012e-7379-48b0-917b-e60f559fbe2c,fmgoat,9469622762
1499,clear,clear,d3dc012e-7379-48b0-917b-e60f559fbe2c,zhang,9469622762
1500,clear,clear,d3dc012e-7379-48b0-917b-e60f559fbe2c,korhonen,4424481742
1501,zhang,zhang,d3dc012e-7379-48b0-917b-e60f559fbe2c,fmgoat,9469622762
1502,good,bad,d3dc012e-7379-48b0-917b-e60f559fbe2c,good,v7
1503,clear,clear,d3dc012e-7379-48b0-917b-e60f559fbe2c,zhang,9469622762
1504,good,good,d3dc012e-7379-48b0-917b-e60f559fbe2c,bad,v3
1505,zhang,zhang,d3dc012e-7379-48b0-917b-e60f559fbe2c,fmgoat,9469622762
1506,clear,clear,d3dc012e-7379-48b0-917b-e60f559fbe2c,fmgoat,9469622762
1507,clear,clear,d3dc012e-7379-48b0-917b-e60f559fbe2c,korhonen,4424481742
1508,clear,korhonen,d3dc012e-7379-48b0-917b-e60f559fbe2c,clear,4424481742
1509,clear,korhonen,d3dc012e-7379-48b0-917b-e60f559fbe2c,clear,4424481742
1510,clear,clear,d3dc012e-7379-48b0-917b-e60f559fbe2c,zhang,9469622762
1511,zhang,fmgoat,d3dc012e-7379-48b0-917b-e60f559fbe2c,zhang,9469622762
1512,clear,clear,d3dc012e-7379-48b0-917b-e60f559fbe2c,fmgoat,9469622762
1513,clear,fmgoat,d3dc012e-7379-48b0-917b-e60f559fbe2c,clear,9469622762
1514,zhang,zhang,7a1caff6-a1b7-4214-97c4-42caab154dcc,fmgoat,9469622762
1515,clear,korhonen,7a1caff6-a1b7-4214-97c4-42caab154dcc,clear,4424481742
1516,clear,korhonen,7a1caff6-a1b7-4214-97c4-42caab154dcc,clear,4424481742
1517,clear,clear,7a1caff6-a1b7-4214-97c4-42caab154dcc,korhonen,4424481742
1518,clear,clear,7a1caff6-a1b7-4214-97c4-42caab154dcc,zhang,9469622762
1519,clear,clear,7a1caff6-a1b7-4214-97c4-42caab154dcc,zhang,9469622762
1520,clear,zhang,7a1caff6-a1b7-4214-97c4-42caab154dcc,clear,9469622762
1521,clear,clear,7a1caff6-a1b7-4214-97c4-42caab154dcc,korhonen,4424481742
1522,clear,fmgoat,7a1caff6-a1b7-4214-97c4-42caab154dcc,clear,9469622762
1523,clear,clear,7a1caff6-a1b7-4214-97c4-42caab154dcc,korhonen,4424481742
1524,clear,clear,7a1caff6-a1b7-4214-97c4-42caab154dcc,korhonen,4424481742
1525,clear,clear,7a1caff6-a1b7-4214-97c4-42caab154dcc,korhonen,4424481742
1526,clear,clear,7a1caff6-a1b7-4214-97c4-42caab154dcc,korhonen,4424481742
1527,zhang,fmgoat,7a1caff6-a1b7-4214-97c4-42caab154dcc,zhang,9469622762
1528,clear,zhang,7a1caff6-a1b7-4214-97c4-42caab154dcc,clear,9469622762
1529,good,good,7a1caff6-a1b7-4214-97c4-42caab154dcc,bad,v3
1530,clear,clear,7a1caff6-a1b7-4214-97c4-42caab154dcc,fmgoat,9469622762
1531,zhang,zhang,7a1caff6-a1b7-4214-97c4-42caab154dcc,fmgoat,9469622762
1532,clear,clear,7a1caff6-a1b7-4214-97c4-42caab154dcc,korhonen,4424481742
1533,clear,zhang,7a1caff6-a1b7-4214-97c4-42caab154dcc,clear,9469622762
1534,clear,fmgoat,7a1caff6-a1b7-4214-97c4-42caab154dcc,clear,9469622762
1535,good,good,7a1caff6-a1b7-4214-97c4-42caab154dcc,bad,v6
1536,good,bad,7a1caff6-a1b7-4214-97c4-42caab154dcc,good,v6
1537,clear,clear,7a1caff6-a1b7-4214-97c4-42caab154dcc,zhang,9469622762
1538,clear,zhang,7a1caff6-a1b7-4214-97c4-42caab154dcc,clear,9469622762
1539,good,bad,b0a63b1a-0c60-4292-bba5-6c20e984d9e2,good,v5
1540,clear,clear,b0a63b1a-0c60-4292-bba5-6c20e984d9e2,fmgoat,9469622762
1541,zhang,zhang,b0a63b1a-0c60-4292-bba5-6c20e984d9e2,fmgoat,9469622762
1542,good,bad,b0a63b1a-0c60-4292-bba5-6c20e984d9e2,good,v7
1543,clear,zhang,b0a63b1a-0c60-4292-bba5-6c20e984d9e2,clear,9469622762
1544,clear,clear,b0a63b1a-0c60-4292-bba5-6c20e984d9e2,fmgoat,9469622762
1545,zhang,zhang,b0a63b1a-0c60-4292-bba5-6c20e984d9e2,fmgoat,9469622762
1546,clear,korhonen,b0a63b1a-0c60-4292-bba5-6c20e984d9e2,clear,4424481742
1547,clear,korhonen,b0a63b1a-0c60-4292-bba5-6c20e984d9e2,clear,4424481742
1548,zhang,fmgoat,b0a63b1a-0c60-4292-bba5-6c20e984d9e2,zhang,9469622762
1549,good,good,b0a63b1a-0c60-4292-bba5-6c20e984d9e2,bad,v4
1550,clear,zhang,b0a63b1a-0c60-4292-bba5-6c20e984d9e2,clear,9469622762
1551,clear,clear,b0a63b1a-0c60-4292-bba5-6c20e984d9e2,korhonen,4424481742
1552,clear,clear,b0a63b1a-0c60-4292-bba5-6c20e984d9e2,fmgoat,9469622762
1553,clear,clear,b0a63b1a-0c60-4292-bba5-6c20e984d9e2,zhang,9469622762
1554,clear,clear,b0a63b1a-0c60-4292-bba5-6c20e984d9e2,korhonen,4424481742
1555,korhonen,korhonen,b0a63b1a-0c60-4292-bba5-6c20e984d9e2,clear,4424481742
1556,clear,fmgoat,b0a63b1a-0c60-4292-bba5-6c20e984d9e2,clear,9469622762
1557,clear,clear,b0a63b1a-0c60-4292-bba5-6c20e984d9e2,zhang,9469622762
1558,clear,fmgoat,b0a63b1a-0c60-4292-bba5-6c20e984d9e2,clear,9469622762
1559,clear,fmgoat,b0a63b1a-0c60-4292-bba5-6c20e984d9e2,clear,9469622762
1560,clear,zhang,b0a63b1a-0c60-4292-bba5-6c20e984d9e2,clear,9469622762
1561,clear,clear,b0a63b1a-0c60-4292-bba5-6c20e984d9e2,zhang,9469622762
1562,korhonen,fmgoat,f5b9a938-10f1-4f51-87f5-fa1a1c042ae5,korhonen,8597381500
1563,zhang,stadv,f5b9a938-10f1-4f51-87f5-fa1a1c042ae5,zhang,6077930890
1564,korhonen,korhonen,f5b9a938-10f1-4f51-87f5-fa1a1c042ae5,zhang,9716988368
1565,fmgoat,fmgoat,f5b9a938-10f1-4f51-87f5-fa1a1c042ae5,stadv,9716988368
1566,zhang,stadv,f5b9a938-10f1-4f51-87f5-fa1a1c042ae5,zhang,6077930890
1567,good,bad,f5b9a938-10f1-4f51-87f5-fa1a1c042ae5,good,v7
1568,good,bad,f5b9a938-10f1-4f51-87f5-fa1a1c042ae5,good,v5
1569,korhonen,fmgoat,f5b9a938-10f1-4f51-87f5-fa1a1c042ae5,korhonen,8597381500
1570,fmgoat,fmgoat,f5b9a938-10f1-4f51-87f5-fa1a1c042ae5,zhang,8348001072
1571,fmgoat,fmgoat,f5b9a938-10f1-4f51-87f5-fa1a1c042ae5,stadv,9716988368
1572,zhang,zhang,f5b9a938-10f1-4f51-87f5-fa1a1c042ae5,stadv,6077930890
1573,good,bad,f5b9a938-10f1-4f51-87f5-fa1a1c042ae5,good,v2
1574,korhonen,korhonen,f5b9a938-10f1-4f51-87f5-fa1a1c042ae5,fmgoat,8597381500
1575,good,bad,6ab38369-1b4b-4674-9389-00c59f863d42,good,v4
1576,zhang,zhang,6ab38369-1b4b-4674-9389-00c59f863d42,fmgoat,6077930890
1577,good,bad,6ab38369-1b4b-4674-9389-00c59f863d42,good,v3
1578,zhang,zhang,6ab38369-1b4b-4674-9389-00c59f863d42,stadv,6077930890
1579,clear,korhonen,6ab38369-1b4b-4674-9389-00c59f863d42,clear,2580252988
1580,zhang,stadv,6ab38369-1b4b-4674-9389-00c59f863d42,zhang,8597381500
1581,clear,clear,6ab38369-1b4b-4674-9389-00c59f863d42,korhonen,6077930890
1582,zhang,zhang,6ab38369-1b4b-4674-9389-00c59f863d42,stadv,6077930890
1583,fmgoat,stadv,6ab38369-1b4b-4674-9389-00c59f863d42,fmgoat,3567613299
1584,good,good,6ab38369-1b4b-4674-9389-00c59f863d42,bad,v6
1585,fmgoat,fmgoat,6ab38369-1b4b-4674-9389-00c59f863d42,zhang,8348001072
1586,clear,clear,6ab38369-1b4b-4674-9389-00c59f863d42,stadv,5906203942
1587,fmgoat,fmgoat,6ab38369-1b4b-4674-9389-00c59f863d42,stadv,9716988368
1588,fmgoat,zhang,6ab38369-1b4b-4674-9389-00c59f863d42,fmgoat,8348001072
1589,,korhonen,6ab38369-1b4b-4674-9389-00c59f863d42,zhang,9716988368
1590,,zhang,d4f989c4-bed2-40f3-9827-cd9bd372bf76,korhonen,9716988368
1591,stadv,stadv,d4f989c4-bed2-40f3-9827-cd9bd372bf76,zhang,6077930890
1592,good,bad,d4f989c4-bed2-40f3-9827-cd9bd372bf76,good,v5
1593,zhang,zhang,d4f989c4-bed2-40f3-9827-cd9bd372bf76,stadv,9716988368
1594,good,good,d4f989c4-bed2-40f3-9827-cd9bd372bf76,bad,v7
1595,korhonen,korhonen,d4f989c4-bed2-40f3-9827-cd9bd372bf76,fmgoat,8597381500
1596,good,bad,d4f989c4-bed2-40f3-9827-cd9bd372bf76,good,v1
1597,clear,clear,d4f989c4-bed2-40f3-9827-cd9bd372bf76,stadv,2580252988
1598,fmgoat,fmgoat,d4f989c4-bed2-40f3-9827-cd9bd372bf76,stadv,6027104916
1599,clear,clear,d4f989c4-bed2-40f3-9827-cd9bd372bf76,korhonen,2580252988
1600,korhonen,korhonen,d4f989c4-bed2-40f3-9827-cd9bd372bf76,fmgoat,8597381500
1601,fmgoat,zhang,d4f989c4-bed2-40f3-9827-cd9bd372bf76,fmgoat,8348001072
1602,clear,clear,d4f989c4-bed2-40f3-9827-cd9bd372bf76,korhonen,6077930890
1603,fmgoat,fmgoat,d4f989c4-bed2-40f3-9827-cd9bd372bf76,stadv,6027104916
1604,fmgoat,fmgoat,d4f989c4-bed2-40f3-9827-cd9bd372bf76,zhang,6077930890
1605,fmgoat,zhang,d4f989c4-bed2-40f3-9827-cd9bd372bf76,fmgoat,6077930890
1606,korhonen,korhonen,d4f989c4-bed2-40f3-9827-cd9bd372bf76,fmgoat,8597381500
1607,fmgoat,fmgoat,d4f989c4-bed2-40f3-9827-cd9bd372bf76,stadv,6027104916
1608,clear,stadv,d4f989c4-bed2-40f3-9827-cd9bd372bf76,clear,2580252988
1609,clear,stadv,817af2ff-f05f-4f37-9de5-062a0c19e6dc,clear,5906203942
1610,stadv,zhang,817af2ff-f05f-4f37-9de5-062a0c19e6dc,stadv,9716988368
1611,fmgoat,fmgoat,817af2ff-f05f-4f37-9de5-062a0c19e6dc,stadv,3567613299
1612,clear,clear,817af2ff-f05f-4f37-9de5-062a0c19e6dc,korhonen,6077930890
1613,clear,korhonen,817af2ff-f05f-4f37-9de5-062a0c19e6dc,clear,2580252988
1614,clear,zhang,817af2ff-f05f-4f37-9de5-062a0c19e6dc,clear,6027104916
1615,clear,stadv,817af2ff-f05f-4f37-9de5-062a0c19e6dc,clear,5906203942
1616,fmgoat,stadv,817af2ff-f05f-4f37-9de5-062a0c19e6dc,fmgoat,3567613299
1617,fmgoat,stadv,817af2ff-f05f-4f37-9de5-062a0c19e6dc,fmgoat,6027104916
1618,good,good,817af2ff-f05f-4f37-9de5-062a0c19e6dc,bad,v6
1619,good,bad,817af2ff-f05f-4f37-9de5-062a0c19e6dc,good,v4
1620,clear,korhonen,817af2ff-f05f-4f37-9de5-062a0c19e6dc,clear,2580252988
1621,clear,korhonen,817af2ff-f05f-4f37-9de5-062a0c19e6dc,clear,2580252988
1622,fmgoat,stadv,817af2ff-f05f-4f37-9de5-062a0c19e6dc,fmgoat,6027104916
1623,clear,korhonen,817af2ff-f05f-4f37-9de5-062a0c19e6dc,clear,9716988368
1624,clear,zhang,817af2ff-f05f-4f37-9de5-062a0c19e6dc,clear,6027104916
1625,clear,clear,817af2ff-f05f-4f37-9de5-062a0c19e6dc,stadv,2580252988
1626,clear,clear,817af2ff-f05f-4f37-9de5-062a0c19e6dc,korhonen,2580252988
1627,good,good,817af2ff-f05f-4f37-9de5-062a0c19e6dc,bad,v3
1628,good,good,6dc76616-a430-4d23-9596-37d6ae847768,bad,v2
1629,zhang,stadv,6dc76616-a430-4d23-9596-37d6ae847768,zhang,8597381500
1630,zhang,stadv,6dc76616-a430-4d23-9596-37d6ae847768,zhang,9716988368
1631,korhonen,korhonen,6dc76616-a430-4d23-9596-37d6ae847768,fmgoat,8597381500
1632,clear,korhonen,6dc76616-a430-4d23-9596-37d6ae847768,clear,6077930890
1633,clear,korhonen,6dc76616-a430-4d23-9596-37d6ae847768,clear,6077930890
1634,fmgoat,stadv,6dc76616-a430-4d23-9596-37d6ae847768,fmgoat,6027104916
1635,good,bad,6dc76616-a430-4d23-9596-37d6ae847768,good,v3
1636,zhang,zhang,6dc76616-a430-4d23-9596-37d6ae847768,stadv,6077930890
1637,fmgoat,fmgoat,6dc76616-a430-4d23-9596-37d6ae847768,zhang,6077930890
1638,clear,korhonen,6dc76616-a430-4d23-9596-37d6ae847768,clear,6077930890
1639,good,bad,6dc76616-a430-4d23-9596-37d6ae847768,good,v7
1640,clear,clear,6dc76616-a430-4d23-9596-37d6ae847768,korhonen,2580252988
1641,fmgoat,stadv,6dc76616-a430-4d23-9596-37d6ae847768,fmgoat,9716988368
1642,clear,korhonen,6dc76616-a430-4d23-9596-37d6ae847768,clear,6077930890
1643,,clear,6dc76616-a430-4d23-9596-37d6ae847768,zhang,6027104916
1644,zhang,zhang,0cdee9d8-ebdc-4e84-b784-a04618cc0d5b,stadv,8179375247
1645,clear,clear,0cdee9d8-ebdc-4e84-b784-a04618cc0d5b,fmgoat,8348001072
1646,good,bad,0cdee9d8-ebdc-4e84-b784-a04618cc0d5b,good,v7
1647,korhonen,stadv,0cdee9d8-ebdc-4e84-b784-a04618cc0d5b,korhonen,9214795039
1648,zhang,zhang,0cdee9d8-ebdc-4e84-b784-a04618cc0d5b,fmgoat,8351568109
1649,clear,zhang,0cdee9d8-ebdc-4e84-b784-a04618cc0d5b,clear,9716988368
1650,clear,clear,0cdee9d8-ebdc-4e84-b784-a04618cc0d5b,zhang,9716988368
1651,korhonen,korhonen,0cdee9d8-ebdc-4e84-b784-a04618cc0d5b,stadv,4424481742
1652,zhang,zhang,0cdee9d8-ebdc-4e84-b784-a04618cc0d5b,fmgoat,8351568109
1653,clear,stadv,0cdee9d8-ebdc-4e84-b784-a04618cc0d5b,clear,6077930890
1654,fmgoat,zhang,0cdee9d8-ebdc-4e84-b784-a04618cc0d5b,fmgoat,2909358760
1655,zhang,zhang,0cdee9d8-ebdc-4e84-b784-a04618cc0d5b,stadv,8351568109
1656,good,bad,0cdee9d8-ebdc-4e84-b784-a04618cc0d5b,good,v7
1657,clear,clear,0cdee9d8-ebdc-4e84-b784-a04618cc0d5b,fmgoat,8348001072
1658,clear,fmgoat,0cdee9d8-ebdc-4e84-b784-a04618cc0d5b,clear,8348001072
1659,clear,clear,0cdee9d8-ebdc-4e84-b784-a04618cc0d5b,fmgoat,3567613299
1660,clear,clear,0cdee9d8-ebdc-4e84-b784-a04618cc0d5b,fmgoat,8348001072
1661,good,good,0cdee9d8-ebdc-4e84-b784-a04618cc0d5b,bad,v1
1662,clear,fmgoat,0cdee9d8-ebdc-4e84-b784-a04618cc0d5b,clear,8348001072
1663,,fmgoat,0cdee9d8-ebdc-4e84-b784-a04618cc0d5b,clear,5906203942
1664,,fmgoat,0cdee9d8-ebdc-4e84-b784-a04618cc0d5b,clear,5906203942
1665,fmgoat,fmgoat,9342b0f3-61be-4e26-a284-9dadb79e00a5,zhang,4598385226
1666,fmgoat,fmgoat,9342b0f3-61be-4e26-a284-9dadb79e00a5,zhang,6077930890
1667,good,good,9342b0f3-61be-4e26-a284-9dadb79e00a5,bad,v4
1668,good,good,9342b0f3-61be-4e26-a284-9dadb79e00a5,bad,v4
1669,korhonen,korhonen,9342b0f3-61be-4e26-a284-9dadb79e00a5,stadv,4424481742
1670,clear,clear,9342b0f3-61be-4e26-a284-9dadb79e00a5,zhang,5906203942
1671,good,bad,9342b0f3-61be-4e26-a284-9dadb79e00a5,good,v6
1672,zhang,stadv,9342b0f3-61be-4e26-a284-9dadb79e00a5,zhang,8351568109
1673,clear,clear,9342b0f3-61be-4e26-a284-9dadb79e00a5,stadv,6077930890
1674,fmgoat,fmgoat,9342b0f3-61be-4e26-a284-9dadb79e00a5,stadv,4107566763
1675,fmgoat,fmgoat,9342b0f3-61be-4e26-a284-9dadb79e00a5,zhang,4598385226
1676,,fmgoat,9342b0f3-61be-4e26-a284-9dadb79e00a5,zhang,2909358760
1677,good,good,cdd56a8c-5d32-4583-a0c4-5b8b219e6c48,bad,v7
1678,fmgoat,stadv,cdd56a8c-5d32-4583-a0c4-5b8b219e6c48,fmgoat,4107566763
1679,fmgoat,fmgoat,cdd56a8c-5d32-4583-a0c4-5b8b219e6c48,zhang,2909358760
1680,fmgoat,stadv,cdd56a8c-5d32-4583-a0c4-5b8b219e6c48,fmgoat,8348001072
1681,fmgoat,fmgoat,cdd56a8c-5d32-4583-a0c4-5b8b219e6c48,zhang,4598385226
1682,clear,stadv,cdd56a8c-5d32-4583-a0c4-5b8b219e6c48,clear,6077930890
1683,korhonen,korhonen,cdd56a8c-5d32-4583-a0c4-5b8b219e6c48,stadv,9716988368
1684,good,good,cdd56a8c-5d32-4583-a0c4-5b8b219e6c48,bad,v4
1685,korhonen,stadv,cdd56a8c-5d32-4583-a0c4-5b8b219e6c48,korhonen,4519546786
1686,zhang,zhang,cdd56a8c-5d32-4583-a0c4-5b8b219e6c48,stadv,3567613299
1687,good,bad,cdd56a8c-5d32-4583-a0c4-5b8b219e6c48,good,v5
1688,clear,zhang,cdd56a8c-5d32-4583-a0c4-5b8b219e6c48,clear,2580252988
1689,clear,fmgoat,cdd56a8c-5d32-4583-a0c4-5b8b219e6c48,clear,9214795039
1690,,zhang,cdd56a8c-5d32-4583-a0c4-5b8b219e6c48,korhonen,6027104916
1691,clear,korhonen,cdd56a8c-5d32-4583-a0c4-5b8b219e6c48,clear,5130906829
1692,,korhonen,cdd56a8c-5d32-4583-a0c4-5b8b219e6c48,fmgoat,5906203942
1693,zhang,fmgoat,ba6cf363-e53b-497b-8c27-f468311da453,zhang,2580252988
1694,zhang,zhang,ba6cf363-e53b-497b-8c27-f468311da453,stadv,8179375247
1695,clear,korhonen,ba6cf363-e53b-497b-8c27-f468311da453,clear,6027104916
1696,korhonen,korhonen,ba6cf363-e53b-497b-8c27-f468311da453,stadv,9214795039
1697,korhonen,korhonen,ba6cf363-e53b-497b-8c27-f468311da453,zhang,4598385226
1698,clear,clear,ba6cf363-e53b-497b-8c27-f468311da453,korhonen,9716988368
1699,korhonen,stadv,ba6cf363-e53b-497b-8c27-f468311da453,korhonen,5906203942
1700,korhonen,stadv,ba6cf363-e53b-497b-8c27-f468311da453,korhonen,4519546786
1701,zhang,zhang,ba6cf363-e53b-497b-8c27-f468311da453,stadv,9463363154
1702,fmgoat,stadv,ba6cf363-e53b-497b-8c27-f468311da453,fmgoat,8348001072
1703,zhang,fmgoat,ba6cf363-e53b-497b-8c27-f468311da453,zhang,2909358760
1704,good,bad,ba6cf363-e53b-497b-8c27-f468311da453,good,v2
1705,good,good,ba6cf363-e53b-497b-8c27-f468311da453,bad,v2
1706,korhonen,korhonen,ba6cf363-e53b-497b-8c27-f468311da453,zhang,8597381500
1707,korhonen,korhonen,ba6cf363-e53b-497b-8c27-f468311da453,stadv,4424481742
1708,zhang,zhang,ba6cf363-e53b-497b-8c27-f468311da453,stadv,4107566763
1709,clear,korhonen,ba6cf363-e53b-497b-8c27-f468311da453,clear,4842717407
1710,clear,korhonen,ba6cf363-e53b-497b-8c27-f468311da453,clear,5130906829
1711,good,good,ba6cf363-e53b-497b-8c27-f468311da453,bad,v6
1712,zhang,zhang,996ef6ff-cc76-4c8a-893a-068537287123,fmgoat,9469622762
1713,zhang,stadv,996ef6ff-cc76-4c8a-893a-068537287123,zhang,3567613299
1714,clear,clear,996ef6ff-cc76-4c8a-893a-068537287123,stadv,8351568109
1715,clear,clear,996ef6ff-cc76-4c8a-893a-068537287123,fmgoat,6077930890
1716,clear,korhonen,996ef6ff-cc76-4c8a-893a-068537287123,clear,4796228876
1717,good,bad,996ef6ff-cc76-4c8a-893a-068537287123,good,v7
1718,zhang,zhang,996ef6ff-cc76-4c8a-893a-068537287123,stadv,4598385226
1719,good,bad,996ef6ff-cc76-4c8a-893a-068537287123,good,v7
1720,good,good,996ef6ff-cc76-4c8a-893a-068537287123,bad,v7
1721,clear,fmgoat,996ef6ff-cc76-4c8a-893a-068537287123,clear,9214795039
1722,zhang,zhang,996ef6ff-cc76-4c8a-893a-068537287123,stadv,8597381500
1723,clear,clear,996ef6ff-cc76-4c8a-893a-068537287123,zhang,2580252988
1724,korhonen,stadv,996ef6ff-cc76-4c8a-893a-068537287123,korhonen,9463363154
1725,clear,fmgoat,996ef6ff-cc76-4c8a-893a-068537287123,clear,4107566763
1726,korhonen,korhonen,996ef6ff-cc76-4c8a-893a-068537287123,stadv,5130906829
1727,fmgoat,korhonen,996ef6ff-cc76-4c8a-893a-068537287123,fmgoat,4519546786
1728,zhang,korhonen,996ef6ff-cc76-4c8a-893a-068537287123,zhang,6027104916
1729,fmgoat,korhonen,996ef6ff-cc76-4c8a-893a-068537287123,fmgoat,5906203942
1730,korhonen,korhonen,996ef6ff-cc76-4c8a-893a-068537287123,stadv,9716988368
1731,clear,clear,1e4c5653-01f5-4af1-8cf2-63cb028cf1b3,korhonen,6077930890
1732,clear,clear,1e4c5653-01f5-4af1-8cf2-63cb028cf1b3,korhonen,4842717407
1733,zhang,stadv,1e4c5653-01f5-4af1-8cf2-63cb028cf1b3,zhang,4598385226
1734,clear,clear,1e4c5653-01f5-4af1-8cf2-63cb028cf1b3,korhonen,4796228876
1735,fmgoat,fmgoat,1e4c5653-01f5-4af1-8cf2-63cb028cf1b3,stadv,9463363154
1736,fmgoat,korhonen,1e4c5653-01f5-4af1-8cf2-63cb028cf1b3,fmgoat,5906203942
1737,good,good,1e4c5653-01f5-4af1-8cf2-63cb028cf1b3,bad,v4
1738,korhonen,zhang,1e4c5653-01f5-4af1-8cf2-63cb028cf1b3,korhonen,8597381500
1739,good,bad,1e4c5653-01f5-4af1-8cf2-63cb028cf1b3,good,v4
1740,korhonen,clear,1e4c5653-01f5-4af1-8cf2-63cb028cf1b3,korhonen,6027104916
1741,korhonen,korhonen,1e4c5653-01f5-4af1-8cf2-63cb028cf1b3,zhang,8179375247
1742,clear,clear,1e4c5653-01f5-4af1-8cf2-63cb028cf1b3,stadv,8348001072
1743,good,bad,1e4c5653-01f5-4af1-8cf2-63cb028cf1b3,good,v6
1744,clear,clear,1e4c5653-01f5-4af1-8cf2-63cb028cf1b3,zhang,2580252988
1745,korhonen,fmgoat,1e4c5653-01f5-4af1-8cf2-63cb028cf1b3,korhonen,5130906829
1746,clear,clear,1e4c5653-01f5-4af1-8cf2-63cb028cf1b3,stadv,8351568109
1747,fmgoat,korhonen,1e4c5653-01f5-4af1-8cf2-63cb028cf1b3,fmgoat,4519546786
1748,clear,fmgoat,7aae491a-4c50-43df-852e-34a516fd0480,clear,9214795039
1749,clear,clear,7aae491a-4c50-43df-852e-34a516fd0480,fmgoat,4107566763
1750,good,bad,7aae491a-4c50-43df-852e-34a516fd0480,good,v7
1751,fmgoat,fmgoat,7aae491a-4c50-43df-852e-34a516fd0480,korhonen,3567613299
1752,clear,korhonen,7aae491a-4c50-43df-852e-34a516fd0480,clear,5130906829
1753,clear,fmgoat,7aae491a-4c50-43df-852e-34a516fd0480,clear,6077930890
1754,clear,clear,7aae491a-4c50-43df-852e-34a516fd0480,stadv,8348001072
1755,good,bad,7aae491a-4c50-43df-852e-34a516fd0480,good,v3
1756,korhonen,stadv,7aae491a-4c50-43df-852e-34a516fd0480,korhonen,5906203942
1757,,korhonen,7aae491a-4c50-43df-852e-34a516fd0480,zhang,6027104916
1758,good,bad,7aae491a-4c50-43df-852e-34a516fd0480,good,v6
1759,fmgoat,stadv,7aae491a-4c50-43df-852e-34a516fd0480,fmgoat,4598385226
1760,korhonen,zhang,7aae491a-4c50-43df-852e-34a516fd0480,korhonen,8597381500
1761,clear,stadv,7aae491a-4c50-43df-852e-34a516fd0480,clear,8351568109
1762,fmgoat,korhonen,7aae491a-4c50-43df-852e-34a516fd0480,fmgoat,9463363154
1763,fmgoat,korhonen,7aae491a-4c50-43df-852e-34a516fd0480,fmgoat,4519546786
1764,good,good,41d09e0c-efc3-42d3-bc81-0671450cb6de,bad,v5
1765,clear,clear,41d09e0c-efc3-42d3-bc81-0671450cb6de,zhang,9469622762
1766,clear,fmgoat,41d09e0c-efc3-42d3-bc81-0671450cb6de,clear,9463363154
1767,fmgoat,fmgoat,41d09e0c-efc3-42d3-bc81-0671450cb6de,stadv,9716988368
1768,clear,zhang,41d09e0c-efc3-42d3-bc81-0671450cb6de,clear,4796228876
1769,clear,clear,41d09e0c-efc3-42d3-bc81-0671450cb6de,stadv,4519546786
1770,fmgoat,fmgoat,41d09e0c-efc3-42d3-bc81-0671450cb6de,korhonen,8597381500
1771,fmgoat,fmgoat,41d09e0c-efc3-42d3-bc81-0671450cb6de,zhang,3567613299
1772,fmgoat,stadv,41d09e0c-efc3-42d3-bc81-0671450cb6de,fmgoat,5130906829
1773,good,good,41d09e0c-efc3-42d3-bc81-0671450cb6de,bad,v6
1774,zhang,zhang,41d09e0c-efc3-42d3-bc81-0671450cb6de,stadv,6077930890
1775,clear,clear,41d09e0c-efc3-42d3-bc81-0671450cb6de,korhonen,8179375247
1776,zhang,clear,41d09e0c-efc3-42d3-bc81-0671450cb6de,zhang,6027104916
1777,clear,clear,41d09e0c-efc3-42d3-bc81-0671450cb6de,stadv,5906203942
1778,korhonen,korhonen,41d09e0c-efc3-42d3-bc81-0671450cb6de,stadv,6285601097
1779,fmgoat,fmgoat,41d09e0c-efc3-42d3-bc81-0671450cb6de,zhang,8348001072
1780,zhang,zhang,41d09e0c-efc3-42d3-bc81-0671450cb6de,stadv,9214795039
1781,fmgoat,fmgoat,41d09e0c-efc3-42d3-bc81-0671450cb6de,zhang,8351568109
1782,good,good,41d09e0c-efc3-42d3-bc81-0671450cb6de,bad,v6
1783,clear,fmgoat,a4b7522c-8c1d-4662-b01f-d05536e0d6e6,clear,3567613299
1784,clear,fmgoat,a4b7522c-8c1d-4662-b01f-d05536e0d6e6,clear,8348001072
1785,fmgoat,fmgoat,a4b7522c-8c1d-4662-b01f-d05536e0d6e6,zhang,2580252988
1786,korhonen,korhonen,a4b7522c-8c1d-4662-b01f-d05536e0d6e6,fmgoat,9463363154
1787,fmgoat,korhonen,a4b7522c-8c1d-4662-b01f-d05536e0d6e6,fmgoat,2909358760
1788,good,good,a4b7522c-8c1d-4662-b01f-d05536e0d6e6,bad,v1
1789,clear,clear,a4b7522c-8c1d-4662-b01f-d05536e0d6e6,fmgoat,5906203942
1790,clear,stadv,a4b7522c-8c1d-4662-b01f-d05536e0d6e6,clear,4107566763
1791,korhonen,stadv,a4b7522c-8c1d-4662-b01f-d05536e0d6e6,korhonen,4598385226
1792,clear,fmgoat,a4b7522c-8c1d-4662-b01f-d05536e0d6e6,clear,4519546786
1793,zhang,stadv,a4b7522c-8c1d-4662-b01f-d05536e0d6e6,zhang,8351568109
1794,clear,clear,a4b7522c-8c1d-4662-b01f-d05536e0d6e6,fmgoat,9469622762
1795,good,bad,a4b7522c-8c1d-4662-b01f-d05536e0d6e6,good,v5
1796,clear,stadv,a4b7522c-8c1d-4662-b01f-d05536e0d6e6,clear,6285601097
1797,clear,clear,a4b7522c-8c1d-4662-b01f-d05536e0d6e6,fmgoat,6077930890
1798,good,good,a4b7522c-8c1d-4662-b01f-d05536e0d6e6,bad,v4
1799,korhonen,korhonen,a4b7522c-8c1d-4662-b01f-d05536e0d6e6,stadv,4842717407
1800,korhonen,korhonen,a4b7522c-8c1d-4662-b01f-d05536e0d6e6,stadv,3309384812
1801,korhonen,korhonen,a4b7522c-8c1d-4662-b01f-d05536e0d6e6,zhang,9716988368
1802,zhang,stadv,5c3b64a5-2b50-4c6e-b2cd-906b8718bb63,zhang,8179375247
1803,zhang,stadv,5c3b64a5-2b50-4c6e-b2cd-906b8718bb63,zhang,8597381500
1804,clear,clear,5c3b64a5-2b50-4c6e-b2cd-906b8718bb63,fmgoat,6285601097
1805,clear,clear,5c3b64a5-2b50-4c6e-b2cd-906b8718bb63,korhonen,6077930890
1806,zhang,stadv,5c3b64a5-2b50-4c6e-b2cd-906b8718bb63,zhang,8351568109
1807,fmgoat,zhang,5c3b64a5-2b50-4c6e-b2cd-906b8718bb63,fmgoat,2909358760
1808,clear,zhang,5c3b64a5-2b50-4c6e-b2cd-906b8718bb63,clear,9469622762
1809,good,good,5c3b64a5-2b50-4c6e-b2cd-906b8718bb63,bad,v3
1810,good,bad,5c3b64a5-2b50-4c6e-b2cd-906b8718bb63,good,v4
1811,zhang,stadv,5c3b64a5-2b50-4c6e-b2cd-906b8718bb63,zhang,9463363154
1812,clear,stadv,5c3b64a5-2b50-4c6e-b2cd-906b8718bb63,clear,2580252988
1813,clear,zhang,5c3b64a5-2b50-4c6e-b2cd-906b8718bb63,clear,3309384812
1814,fmgoat,fmgoat,5c3b64a5-2b50-4c6e-b2cd-906b8718bb63,stadv,4796228876
1815,clear,clear,5c3b64a5-2b50-4c6e-b2cd-906b8718bb63,zhang,4107566763
1816,korhonen,stadv,5c3b64a5-2b50-4c6e-b2cd-906b8718bb63,korhonen,4842717407
1817,good,bad,5c3b64a5-2b50-4c6e-b2cd-906b8718bb63,good,v5
1818,zhang,fmgoat,5c3b64a5-2b50-4c6e-b2cd-906b8718bb63,zhang,9214795039
1819,fmgoat,fmgoat,5c3b64a5-2b50-4c6e-b2cd-906b8718bb63,stadv,8348001072
1820,,korhonen,5c3b64a5-2b50-4c6e-b2cd-906b8718bb63,fmgoat,5130906829
1821,,zhang,5c3b64a5-2b50-4c6e-b2cd-906b8718bb63,clear,5906203942
1822,clear,clear,6f68af43-9286-4eb6-a23f-bdc43886d043,fmgoat,4633306112
1823,fmgoat,fmgoat,6f68af43-9286-4eb6-a23f-bdc43886d043,zhang,8348001072
1824,good,good,6f68af43-9286-4eb6-a23f-bdc43886d043,bad,v6
1825,zhang,zhang,6f68af43-9286-4eb6-a23f-bdc43886d043,stadv,5130906829
1826,stadv,zhang,6f68af43-9286-4eb6-a23f-bdc43886d043,stadv,4598385226
1827,korhonen,zhang,6f68af43-9286-4eb6-a23f-bdc43886d043,korhonen,9469622762
1828,clear,clear,6f68af43-9286-4eb6-a23f-bdc43886d043,zhang,4107566763
1829,good,bad,6f68af43-9286-4eb6-a23f-bdc43886d043,good,v2
1830,clear,korhonen,6f68af43-9286-4eb6-a23f-bdc43886d043,clear,2580252988
1831,good,bad,6f68af43-9286-4eb6-a23f-bdc43886d043,good,v7
1832,korhonen,korhonen,6f68af43-9286-4eb6-a23f-bdc43886d043,fmgoat,8597381500
1833,zhang,zhang,6f68af43-9286-4eb6-a23f-bdc43886d043,stadv,9214795039
1834,clear,clear,64a852fa-ba65-42e5-93ef-ca963b2918e8,korhonen,4842717407
1835,good,bad,64a852fa-ba65-42e5-93ef-ca963b2918e8,good,v4
1836,good,good,64a852fa-ba65-42e5-93ef-ca963b2918e8,bad,v2
1837,clear,clear,64a852fa-ba65-42e5-93ef-ca963b2918e8,fmgoat,4107566763
1838,zhang,zhang,64a852fa-ba65-42e5-93ef-ca963b2918e8,clear,4519546786
1839,good,good,64a852fa-ba65-42e5-93ef-ca963b2918e8,bad,v5
1840,fmgoat,fmgoat,64a852fa-ba65-42e5-93ef-ca963b2918e8,zhang,9214795039
1841,stadv,zhang,64a852fa-ba65-42e5-93ef-ca963b2918e8,stadv,6077930890
1842,clear,clear,64a852fa-ba65-42e5-93ef-ca963b2918e8,korhonen,9716988368
1843,fmgoat,fmgoat,64a852fa-ba65-42e5-93ef-ca963b2918e8,stadv,3567613299
1844,clear,clear,64a852fa-ba65-42e5-93ef-ca963b2918e8,zhang,4796228876
1845,korhonen,korhonen,64a852fa-ba65-42e5-93ef-ca963b2918e8,stadv,4633306112
1846,stadv,zhang,64a852fa-ba65-42e5-93ef-ca963b2918e8,stadv,5130906829
1847,zhang,zhang,64a852fa-ba65-42e5-93ef-ca963b2918e8,korhonen,9469622762
1848,zhang,korhonen,3570c65d-8260-4eba-b263-5e1145ec0e33,zhang,6285601097
1849,fmgoat,fmgoat,3570c65d-8260-4eba-b263-5e1145ec0e33,korhonen,6077930890
1850,zhang,fmgoat,3570c65d-8260-4eba-b263-5e1145ec0e33,zhang,5130906829
1851,fmgoat,fmgoat,3570c65d-8260-4eba-b263-5e1145ec0e33,stadv,5906203942
1852,fmgoat,zhang,3570c65d-8260-4eba-b263-5e1145ec0e33,fmgoat,9716988368
1853,good,bad,3570c65d-8260-4eba-b263-5e1145ec0e33,good,v2
1854,zhang,fmgoat,3570c65d-8260-4eba-b263-5e1145ec0e33,zhang,4107566763
1855,korhonen,korhonen,3570c65d-8260-4eba-b263-5e1145ec0e33,zhang,3567613299
1856,good,bad,3570c65d-8260-4eba-b263-5e1145ec0e33,good,v7
1857,clear,zhang,3570c65d-8260-4eba-b263-5e1145ec0e33,clear,8179375247
1858,zhang,fmgoat,3570c65d-8260-4eba-b263-5e1145ec0e33,zhang,8597381500
1859,clear,clear,3570c65d-8260-4eba-b263-5e1145ec0e33,zhang,8351568109
1860,fmgoat,stadv,3570c65d-8260-4eba-b263-5e1145ec0e33,fmgoat,7160553409
1861,clear,stadv,3570c65d-8260-4eba-b263-5e1145ec0e33,clear,4424481742
1862,good,bad,3570c65d-8260-4eba-b263-5e1145ec0e33,good,v5
1863,fmgoat,fmgoat,3570c65d-8260-4eba-b263-5e1145ec0e33,stadv,9214795039
1864,clear,clear,3570c65d-8260-4eba-b263-5e1145ec0e33,korhonen,9469622762
1865,clear,zhang,3570c65d-8260-4eba-b263-5e1145ec0e33,clear,4842717407
1866,good,bad,752c907a-33bf-443a-8acc-cd6a278f548c,good,v6
1867,good,bad,752c907a-33bf-443a-8acc-cd6a278f548c,good,v5
1868,zhang,stadv,752c907a-33bf-443a-8acc-cd6a278f548c,zhang,2909358760
1869,korhonen,korhonen,752c907a-33bf-443a-8acc-cd6a278f548c,zhang,8179375247
1870,clear,clear,752c907a-33bf-443a-8acc-cd6a278f548c,stadv,3567613299
1871,fmgoat,fmgoat,752c907a-33bf-443a-8acc-cd6a278f548c,zhang,9716988368
1872,clear,korhonen,752c907a-33bf-443a-8acc-cd6a278f548c,clear,4107566763
1873,good,good,752c907a-33bf-443a-8acc-cd6a278f548c,bad,v5
1874,korhonen,korhonen,752c907a-33bf-443a-8acc-cd6a278f548c,zhang,6285601097
1875,clear,zhang,752c907a-33bf-443a-8acc-cd6a278f548c,clear,6027104916
1876,stadv,stadv,752c907a-33bf-443a-8acc-cd6a278f548c,zhang,9214795039
1877,korhonen,stadv,752c907a-33bf-443a-8acc-cd6a278f548c,korhonen,8351568109
1878,korhonen,zhang,752c907a-33bf-443a-8acc-cd6a278f548c,korhonen,4598385226
1879,clear,clear,752c907a-33bf-443a-8acc-cd6a278f548c,fmgoat,3309384812
1880,zhang,zhang,752c907a-33bf-443a-8acc-cd6a278f548c,fmgoat,8597381500
1881,clear,clear,752c907a-33bf-443a-8acc-cd6a278f548c,fmgoat,8348001072
1882,fmgoat,stadv,edb268dc-1bca-4561-a3e5-326afee59076,fmgoat,4519546786
1883,clear,stadv,edb268dc-1bca-4561-a3e5-326afee59076,clear,9716988368
1884,korhonen,fmgoat,edb268dc-1bca-4561-a3e5-326afee59076,korhonen,8179375247
1885,clear,clear,edb268dc-1bca-4561-a3e5-326afee59076,stadv,7160553409
1886,good,bad,edb268dc-1bca-4561-a3e5-326afee59076,good,v4
1887,korhonen,korhonen,edb268dc-1bca-4561-a3e5-326afee59076,zhang,5130906829
1888,fmgoat,fmgoat,edb268dc-1bca-4561-a3e5-326afee59076,zhang,3567613299
1889,zhang,zhang,edb268dc-1bca-4561-a3e5-326afee59076,stadv,4796228876
1890,good,bad,edb268dc-1bca-4561-a3e5-326afee59076,good,v2
1891,korhonen,korhonen,edb268dc-1bca-4561-a3e5-326afee59076,stadv,2909358760
1892,korhonen,korhonen,edb268dc-1bca-4561-a3e5-326afee59076,stadv,9469622762
1893,clear,clear,edb268dc-1bca-4561-a3e5-326afee59076,stadv,4633306112
1894,zhang,zhang,edb268dc-1bca-4561-a3e5-326afee59076,stadv,6077930890
1895,clear,stadv,edb268dc-1bca-4561-a3e5-326afee59076,clear,3309384812
1896,korhonen,korhonen,edb268dc-1bca-4561-a3e5-326afee59076,fmgoat,2580252988
1897,fmgoat,fmgoat,edb268dc-1bca-4561-a3e5-326afee59076,zhang,8348001072
1898,good,good,edb268dc-1bca-4561-a3e5-326afee59076,bad,v4
1899,,fmgoat,edb268dc-1bca-4561-a3e5-326afee59076,stadv,9214795039
1900,good,good,93a2ed49-0548-45e9-8390-d8dd970b241e,bad,v7
1901,good,good,93a2ed49-0548-45e9-8390-d8dd970b241e,bad,v4
1902,fmgoat,fmgoat,93a2ed49-0548-45e9-8390-d8dd970b241e,stadv,6077930890
1903,good,bad,93a2ed49-0548-45e9-8390-d8dd970b241e,good,v1
1904,korhonen,zhang,93a2ed49-0548-45e9-8390-d8dd970b241e,korhonen,7160553409
1905,fmgoat,stadv,93a2ed49-0548-45e9-8390-d8dd970b241e,fmgoat,4519546786
1906,clear,stadv,93a2ed49-0548-45e9-8390-d8dd970b241e,clear,6027104916
1907,clear,korhonen,93a2ed49-0548-45e9-8390-d8dd970b241e,clear,4796228876
1908,fmgoat,fmgoat,93a2ed49-0548-45e9-8390-d8dd970b241e,stadv,9716988368
1909,korhonen,zhang,93a2ed49-0548-45e9-8390-d8dd970b241e,korhonen,8597381500
1910,fmgoat,stadv,93a2ed49-0548-45e9-8390-d8dd970b241e,fmgoat,2580252988
1911,fmgoat,zhang,93a2ed49-0548-45e9-8390-d8dd970b241e,fmgoat,3567613299
1912,korhonen,korhonen,93a2ed49-0548-45e9-8390-d8dd970b241e,stadv,4842717407
1913,korhonen,fmgoat,93a2ed49-0548-45e9-8390-d8dd970b241e,korhonen,5906203942
1914,zhang,zhang,93a2ed49-0548-45e9-8390-d8dd970b241e,stadv,5130906829
1915,zhang,fmgoat,93a2ed49-0548-45e9-8390-d8dd970b241e,zhang,3309384812
1916,fmgoat,korhonen,93a2ed49-0548-45e9-8390-d8dd970b241e,fmgoat,4424481742
1917,clear,fmgoat,93a2ed49-0548-45e9-8390-d8dd970b241e,clear,8348001072
1918,stadv,clear,93a2ed49-0548-45e9-8390-d8dd970b241e,stadv,4107566763
1919,korhonen,clear,93a2ed49-0548-45e9-8390-d8dd970b241e,korhonen,8179375247
1920,,zhang,93a2ed49-0548-45e9-8390-d8dd970b241e,korhonen,9469622762
1921,good,good,c491d688-97d3-4cd9-8a60-be8d392e0703,bad,v3
1922,clear,stadv,c491d688-97d3-4cd9-8a60-be8d392e0703,clear,8597381500
1923,good,good,c491d688-97d3-4cd9-8a60-be8d392e0703,bad,v1
1924,korhonen,stadv,c491d688-97d3-4cd9-8a60-be8d392e0703,korhonen,4842717407
1925,zhang,stadv,c491d688-97d3-4cd9-8a60-be8d392e0703,zhang,5130906829
1926,fmgoat,zhang,c491d688-97d3-4cd9-8a60-be8d392e0703,fmgoat,4796228876
1927,fmgoat,korhonen,c491d688-97d3-4cd9-8a60-be8d392e0703,fmgoat,4424481742
1928,fmgoat,fmgoat,c491d688-97d3-4cd9-8a60-be8d392e0703,stadv,6077930890
1929,korhonen,korhonen,c491d688-97d3-4cd9-8a60-be8d392e0703,stadv,4107566763
1930,fmgoat,fmgoat,c491d688-97d3-4cd9-8a60-be8d392e0703,zhang,4519546786
1931,zhang,zhang,c491d688-97d3-4cd9-8a60-be8d392e0703,stadv,8348001072
1932,clear,clear,c491d688-97d3-4cd9-8a60-be8d392e0703,korhonen,4598385226
1933,clear,clear,c491d688-97d3-4cd9-8a60-be8d392e0703,korhonen,5906203942
1934,good,bad,c491d688-97d3-4cd9-8a60-be8d392e0703,good,v7
1935,,clear,c491d688-97d3-4cd9-8a60-be8d392e0703,fmgoat,6027104916
1936,fmgoat,fmgoat,c491d688-97d3-4cd9-8a60-be8d392e0703,stadv,8351568109
1937,clear,clear,c491d688-97d3-4cd9-8a60-be8d392e0703,zhang,9214795039
1938,zhang,korhonen,c491d688-97d3-4cd9-8a60-be8d392e0703,zhang,9469622762
1939,,korhonen,c491d688-97d3-4cd9-8a60-be8d392e0703,zhang,2580252988
1940,clear,fmgoat,332a0517-390b-4ac8-b09b-4f51b1e42ac4,clear,8179375247
1941,good,bad,332a0517-390b-4ac8-b09b-4f51b1e42ac4,good,v1
1942,clear,stadv,332a0517-390b-4ac8-b09b-4f51b1e42ac4,clear,6027104916
1943,clear,stadv,332a0517-390b-4ac8-b09b-4f51b1e42ac4,clear,8597381500
1944,zhang,zhang,332a0517-390b-4ac8-b09b-4f51b1e42ac4,stadv,5130906829
1945,fmgoat,stadv,332a0517-390b-4ac8-b09b-4f51b1e42ac4,fmgoat,8351568109
1946,fmgoat,fmgoat,332a0517-390b-4ac8-b09b-4f51b1e42ac4,stadv,4842717407
1947,fmgoat,stadv,332a0517-390b-4ac8-b09b-4f51b1e42ac4,fmgoat,2580252988
1948,zhang,zhang,332a0517-390b-4ac8-b09b-4f51b1e42ac4,korhonen,7160553409
1949,korhonen,clear,332a0517-390b-4ac8-b09b-4f51b1e42ac4,korhonen,5906203942
1950,clear,clear,332a0517-390b-4ac8-b09b-4f51b1e42ac4,korhonen,4598385226
1951,good,good,332a0517-390b-4ac8-b09b-4f51b1e42ac4,bad,v5
1952,zhang,zhang,332a0517-390b-4ac8-b09b-4f51b1e42ac4,stadv,3309384812
1953,fmgoat,zhang,332a0517-390b-4ac8-b09b-4f51b1e42ac4,fmgoat,4796228876
1954,fmgoat,stadv,332a0517-390b-4ac8-b09b-4f51b1e42ac4,fmgoat,9469622762
1955,korhonen,korhonen,332a0517-390b-4ac8-b09b-4f51b1e42ac4,stadv,4107566763
1956,fmgoat,stadv,332a0517-390b-4ac8-b09b-4f51b1e42ac4,fmgoat,6077930890
1957,korhonen,korhonen,332a0517-390b-4ac8-b09b-4f51b1e42ac4,fmgoat,4424481742
1958,good,good,332a0517-390b-4ac8-b09b-4f51b1e42ac4,bad,v1
1959,fmgoat,fmgoat,c61b216c-606c-4398-a3fb-cf93abf36c77,zhang,4519546786
1960,clear,korhonen,c61b216c-606c-4398-a3fb-cf93abf36c77,clear,4842717407
1961,clear,clear,c61b216c-606c-4398-a3fb-cf93abf36c77,stadv,2580252988
1962,fmgoat,fmgoat,c61b216c-606c-4398-a3fb-cf93abf36c77,korhonen,4424481742
1963,good,bad,c61b216c-606c-4398-a3fb-cf93abf36c77,good,v4
1964,clear,zhang,c61b216c-606c-4398-a3fb-cf93abf36c77,clear,9214795039
1965,good,bad,c61b216c-606c-4398-a3fb-cf93abf36c77,good,v1
1966,clear,fmgoat,c61b216c-606c-4398-a3fb-cf93abf36c77,clear,6027104916
1967,good,bad,c61b216c-606c-4398-a3fb-cf93abf36c77,good,v6
1968,fmgoat,fmgoat,c61b216c-606c-4398-a3fb-cf93abf36c77,stadv,9469622762
1969,fmgoat,fmgoat,c61b216c-606c-4398-a3fb-cf93abf36c77,zhang,4796228876
1970,zhang,zhang,c61b216c-606c-4398-a3fb-cf93abf36c77,stadv,8179375247
1971,stadv,stadv,c61b216c-606c-4398-a3fb-cf93abf36c77,zhang,8348001072
1972,clear,korhonen,c61b216c-606c-4398-a3fb-cf93abf36c77,clear,5906203942
1973,korhonen,stadv,c61b216c-606c-4398-a3fb-cf93abf36c77,korhonen,4107566763
1974,fmgoat,stadv,c61b216c-606c-4398-a3fb-cf93abf36c77,fmgoat,8351568109
1975,clear,stadv,c61b216c-606c-4398-a3fb-cf93abf36c77,clear,8597381500
1976,fmgoat,clear,15710852-8969-4a6b-a3d9-8092a4df87db,fmgoat,6027104916
1977,good,bad,15710852-8969-4a6b-a3d9-8092a4df87db,good,v6
1978,clear,clear,15710852-8969-4a6b-a3d9-8092a4df87db,fmgoat,8179375247
1979,korhonen,korhonen,15710852-8969-4a6b-a3d9-8092a4df87db,stadv,4107566763
1980,good,bad,15710852-8969-4a6b-a3d9-8092a4df87db,good,v5
1981,fmgoat,fmgoat,15710852-8969-4a6b-a3d9-8092a4df87db,zhang,4796228876
1982,,korhonen,15710852-8969-4a6b-a3d9-8092a4df87db,zhang,2580252988
1983,clear,zhang,15710852-8969-4a6b-a3d9-8092a4df87db,clear,9214795039
1984,clear,clear,15710852-8969-4a6b-a3d9-8092a4df87db,korhonen,5906203942
1985,clear,clear,15710852-8969-4a6b-a3d9-8092a4df87db,stadv,8597381500
1986,fmgoat,fmgoat,15710852-8969-4a6b-a3d9-8092a4df87db,stadv,8351568109
1987,korhonen,korhonen,15710852-8969-4a6b-a3d9-8092a4df87db,clear,4598385226
1988,korhonen,korhonen,15710852-8969-4a6b-a3d9-8092a4df87db,stadv,9463363154
1989,zhang,zhang,15710852-8969-4a6b-a3d9-8092a4df87db,stadv,8348001072
1990,zhang,fmgoat,15710852-8969-4a6b-a3d9-8092a4df87db,zhang,4519546786
1991,zhang,fmgoat,15710852-8969-4a6b-a3d9-8092a4df87db,zhang,3309384812
1992,good,bad,15710852-8969-4a6b-a3d9-8092a4df87db,good,v2
1993,stadv,stadv,0628af88-28d9-40c7-85ba-96bb9a7c554a,korhonen,4424481742
1994,good,bad,0628af88-28d9-40c7-85ba-96bb9a7c554a,good,v2
1995,good,bad,0628af88-28d9-40c7-85ba-96bb9a7c554a,good,v6
1996,korhonen,korhonen,0628af88-28d9-40c7-85ba-96bb9a7c554a,stadv,9463363154
1997,zhang,fmgoat,0628af88-28d9-40c7-85ba-96bb9a7c554a,zhang,4519546786
1998,fmgoat,fmgoat,0628af88-28d9-40c7-85ba-96bb9a7c554a,zhang,4796228876
1999,clear,clear,0628af88-28d9-40c7-85ba-96bb9a7c554a,korhonen,5906203942
2000,fmgoat,fmgoat,0628af88-28d9-40c7-85ba-96bb9a7c554a,stadv,8351568109
2001,clear,zhang,0628af88-28d9-40c7-85ba-96bb9a7c554a,clear,9214795039
2002,stadv,zhang,0628af88-28d9-40c7-85ba-96bb9a7c554a,stadv,3309384812
2003,fmgoat,fmgoat,0628af88-28d9-40c7-85ba-96bb9a7c554a,korhonen,7160553409
2004,korhonen,stadv,0628af88-28d9-40c7-85ba-96bb9a7c554a,korhonen,4107566763
2005,stadv,zhang,0628af88-28d9-40c7-85ba-96bb9a7c554a,stadv,8348001072
2006,korhonen,korhonen,0628af88-28d9-40c7-85ba-96bb9a7c554a,clear,4598385226
2007,good,bad,0628af88-28d9-40c7-85ba-96bb9a7c554a,good,v7
2008,fmgoat,stadv,0628af88-28d9-40c7-85ba-96bb9a7c554a,fmgoat,4842717407
2009,korhonen,stadv,0628af88-28d9-40c7-85ba-96bb9a7c554a,korhonen,6285601097
2010,clear,stadv,0628af88-28d9-40c7-85ba-96bb9a7c554a,clear,6027104916
2011,fmgoat,zhang,0628af88-28d9-40c7-85ba-96bb9a7c554a,fmgoat,4633306112
2012,,zhang,0628af88-28d9-40c7-85ba-96bb9a7c554a,korhonen,2580252988
2013,good,bad,e959179c-15e3-4b51-b600-5a49c1953188,good,v1
2014,fmgoat,stadv,e959179c-15e3-4b51-b600-5a49c1953188,fmgoat,9469622762
2015,good,good,e959179c-15e3-4b51-b600-5a49c1953188,bad,v4
2016,fmgoat,stadv,e959179c-15e3-4b51-b600-5a49c1953188,fmgoat,8351568109
2017,fmgoat,stadv,e959179c-15e3-4b51-b600-5a49c1953188,fmgoat,2580252988
2018,fmgoat,korhonen,e959179c-15e3-4b51-b600-5a49c1953188,fmgoat,9463363154
2019,fmgoat,fmgoat,e959179c-15e3-4b51-b600-5a49c1953188,zhang,4519546786
2020,fmgoat,stadv,e959179c-15e3-4b51-b600-5a49c1953188,fmgoat,6077930890
2021,clear,stadv,e959179c-15e3-4b51-b600-5a49c1953188,clear,8597381500
2022,stadv,stadv,e959179c-15e3-4b51-b600-5a49c1953188,zhang,8348001072
2023,stadv,clear,e959179c-15e3-4b51-b600-5a49c1953188,stadv,6027104916
2024,clear,clear,e959179c-15e3-4b51-b600-5a49c1953188,korhonen,5906203942
2025,korhonen,korhonen,e959179c-15e3-4b51-b600-5a49c1953188,stadv,4107566763
2026,good,bad,e959179c-15e3-4b51-b600-5a49c1953188,good,v7
2027,fmgoat,fmgoat,e959179c-15e3-4b51-b600-5a49c1953188,zhang,4796228876
2028,fmgoat,korhonen,e959179c-15e3-4b51-b600-5a49c1953188,fmgoat,7160553409
2029,clear,clear,1b854a07-a085-4537-bfbb-d5489ed151b0,korhonen,5906203942
2030,good,bad,1b854a07-a085-4537-bfbb-d5489ed151b0,good,v4
2031,korhonen,fmgoat,1b854a07-a085-4537-bfbb-d5489ed151b0,korhonen,7160553409
2032,,stadv,1b854a07-a085-4537-bfbb-d5489ed151b0,fmgoat,9469622762
2033,fmgoat,stadv,1b854a07-a085-4537-bfbb-d5489ed151b0,fmgoat,8351568109
2034,zhang,zhang,1b854a07-a085-4537-bfbb-d5489ed151b0,fmgoat,4519546786
2035,clear,clear,1b854a07-a085-4537-bfbb-d5489ed151b0,stadv,8597381500
2036,zhang,fmgoat,1b854a07-a085-4537-bfbb-d5489ed151b0,zhang,4633306112
2037,korhonen,stadv,1b854a07-a085-4537-bfbb-d5489ed151b0,korhonen,4107566763
2038,korhonen,korhonen,1b854a07-a085-4537-bfbb-d5489ed151b0,stadv,6285601097
2039,clear,fmgoat,1b854a07-a085-4537-bfbb-d5489ed151b0,clear,6027104916
2040,clear,zhang,1b854a07-a085-4537-bfbb-d5489ed151b0,clear,9214795039
2041,good,bad,1b854a07-a085-4537-bfbb-d5489ed151b0,good,v2
2042,korhonen,stadv,1b854a07-a085-4537-bfbb-d5489ed151b0,korhonen,4598385226
2043,clear,fmgoat,1b854a07-a085-4537-bfbb-d5489ed151b0,clear,8179375247
2044,stadv,stadv,1b854a07-a085-4537-bfbb-d5489ed151b0,zhang,8348001072
2045,zhang,stadv,1b854a07-a085-4537-bfbb-d5489ed151b0,zhang,3309384812
2046,good,bad,1b854a07-a085-4537-bfbb-d5489ed151b0,good,v3
2047,,korhonen,1b854a07-a085-4537-bfbb-d5489ed151b0,zhang,2580252988
2048,good,bad,f56900d5-df37-4792-b526-614ae8e37c37,good,v7
2049,good,good,f56900d5-df37-4792-b526-614ae8e37c37,bad,v5
2050,,stadv,f56900d5-df37-4792-b526-614ae8e37c37,korhonen,4107566763
2051,clear,zhang,f56900d5-df37-4792-b526-614ae8e37c37,clear,9214795039
2052,fmgoat,fmgoat,f56900d5-df37-4792-b526-614ae8e37c37,korhonen,7160553409
2053,fmgoat,fmgoat,f56900d5-df37-4792-b526-614ae8e37c37,stadv,4842717407
2054,fmgoat,fmgoat,f56900d5-df37-4792-b526-614ae8e37c37,stadv,8351568109
2055,clear,korhonen,f56900d5-df37-4792-b526-614ae8e37c37,clear,8179375247
2056,fmgoat,fmgoat,f56900d5-df37-4792-b526-614ae8e37c37,stadv,2580252988
2057,good,good,f56900d5-df37-4792-b526-614ae8e37c37,bad,v3
2058,korhonen,korhonen,f56900d5-df37-4792-b526-614ae8e37c37,stadv,4424481742
2059,clear,clear,f56900d5-df37-4792-b526-614ae8e37c37,stadv,8597381500
2060,fmgoat,zhang,f56900d5-df37-4792-b526-614ae8e37c37,fmgoat,4796228876
2061,korhonen,korhonen,f56900d5-df37-4792-b526-614ae8e37c37,stadv,4598385226
2062,zhang,zhang,f56900d5-df37-4792-b526-614ae8e37c37,stadv,3309384812
2063,,stadv,f56900d5-df37-4792-b526-614ae8e37c37,fmgoat,9469622762
2064,,stadv,f56900d5-df37-4792-b526-614ae8e37c37,clear,6027104916
2065,,zhang,f56900d5-df37-4792-b526-614ae8e37c37,stadv,8348001072
2066,clear,stadv,91b107fa-3962-4c63-ae9a-6f50d094a8e5,clear,8351568109
2067,clear,fmgoat,91b107fa-3962-4c63-ae9a-6f50d094a8e5,clear,9214795039
2068,fmgoat,zhang,91b107fa-3962-4c63-ae9a-6f50d094a8e5,fmgoat,7160553409
2069,fmgoat,fmgoat,91b107fa-3962-4c63-ae9a-6f50d094a8e5,zhang,8348001072
2070,good,bad,91b107fa-3962-4c63-ae9a-6f50d094a8e5,good,v5
2071,korhonen,korhonen,91b107fa-3962-4c63-ae9a-6f50d094a8e5,fmgoat,8597381500
2072,korhonen,fmgoat,91b107fa-3962-4c63-ae9a-6f50d094a8e5,korhonen,5130906829
2073,good,good,91b107fa-3962-4c63-ae9a-6f50d094a8e5,bad,v4
2074,stadv,stadv,91b107fa-3962-4c63-ae9a-6f50d094a8e5,fmgoat,9463363154
2075,clear,clear,91b107fa-3962-4c63-ae9a-6f50d094a8e5,fmgoat,6285601097
2076,clear,fmgoat,91b107fa-3962-4c63-ae9a-6f50d094a8e5,clear,6077930890
2077,clear,clear,91b107fa-3962-4c63-ae9a-6f50d094a8e5,zhang,9716988368
2078,good,good,91b107fa-3962-4c63-ae9a-6f50d094a8e5,bad,v1
2079,clear,clear,91b107fa-3962-4c63-ae9a-6f50d094a8e5,fmgoat,9469622762
2080,fmgoat,stadv,91b107fa-3962-4c63-ae9a-6f50d094a8e5,fmgoat,4598385226
2081,clear,clear,91b107fa-3962-4c63-ae9a-6f50d094a8e5,zhang,4842717407
2082,korhonen,stadv,91b107fa-3962-4c63-ae9a-6f50d094a8e5,korhonen,5906203942
2083,zhang,stadv,91b107fa-3962-4c63-ae9a-6f50d094a8e5,zhang,4107566763
2084,clear,clear,91b107fa-3962-4c63-ae9a-6f50d094a8e5,stadv,3309384812
2085,zhang,zhang,eff3bbc0-be29-473b-9b03-5ede0a6e39bb,ifgsm,6077930890
2086,stadv,ifgsm,eff3bbc0-be29-473b-9b03-5ede0a6e39bb,stadv,4633306112
2087,korhonen,ifgsm,eff3bbc0-be29-473b-9b03-5ede0a6e39bb,korhonen,2909358760
2088,good,good,eff3bbc0-be29-473b-9b03-5ede0a6e39bb,bad,v7
2089,korhonen,ifgsm,eff3bbc0-be29-473b-9b03-5ede0a6e39bb,korhonen,3567613299
2090,ifgsm,ifgsm,eff3bbc0-be29-473b-9b03-5ede0a6e39bb,stadv,6995068299
2091,ifgsm,stadv,eff3bbc0-be29-473b-9b03-5ede0a6e39bb,ifgsm,4424481742
2092,zhang,ifgsm,eff3bbc0-be29-473b-9b03-5ede0a6e39bb,zhang,4842717407
2093,korhonen,korhonen,eff3bbc0-be29-473b-9b03-5ede0a6e39bb,ifgsm,8597381500
2094,ifgsm,ifgsm,eff3bbc0-be29-473b-9b03-5ede0a6e39bb,stadv,8179375247
2095,clear,ifgsm,eff3bbc0-be29-473b-9b03-5ede0a6e39bb,clear,2640025600
2096,fmgoat,ifgsm,eff3bbc0-be29-473b-9b03-5ede0a6e39bb,fmgoat,4796228876
2097,korhonen,ifgsm,eff3bbc0-be29-473b-9b03-5ede0a6e39bb,korhonen,2580252988
2098,fmgoat,ifgsm,eff3bbc0-be29-473b-9b03-5ede0a6e39bb,fmgoat,7160553409
2099,ifgsm,ifgsm,eff3bbc0-be29-473b-9b03-5ede0a6e39bb,stadv,10880314705
2100,clear,zhang,eff3bbc0-be29-473b-9b03-5ede0a6e39bb,clear,5494503911
2101,korhonen,ifgsm,eff3bbc0-be29-473b-9b03-5ede0a6e39bb,korhonen,9716988368
2102,zhang,ifgsm,eff3bbc0-be29-473b-9b03-5ede0a6e39bb,zhang,9469622762
2103,korhonen,korhonen,eff3bbc0-be29-473b-9b03-5ede0a6e39bb,ifgsm,5906203942
2104,ifgsm,fmgoat,eff3bbc0-be29-473b-9b03-5ede0a6e39bb,ifgsm,6027104916
2105,clear,ifgsm,eff3bbc0-be29-473b-9b03-5ede0a6e39bb,clear,8351568109
2106,korhonen,stadv,eff3bbc0-be29-473b-9b03-5ede0a6e39bb,korhonen,2612353606
2107,korhonen,ifgsm,eff3bbc0-be29-473b-9b03-5ede0a6e39bb,korhonen,8348001072
2108,good,bad,eff3bbc0-be29-473b-9b03-5ede0a6e39bb,good,v4
2109,good,bad,eff3bbc0-be29-473b-9b03-5ede0a6e39bb,good,v6
2110,fmgoat,fmgoat,450935a5-3074-4bce-b377-b7c0716fd70f,ifgsm,4796228876
2111,clear,clear,450935a5-3074-4bce-b377-b7c0716fd70f,zhang,6995068299
2112,fmgoat,stadv,450935a5-3074-4bce-b377-b7c0716fd70f,fmgoat,10880314705
2113,stadv,ifgsm,450935a5-3074-4bce-b377-b7c0716fd70f,stadv,8348001072
2114,good,bad,450935a5-3074-4bce-b377-b7c0716fd70f,good,v5
2115,zhang,zhang,450935a5-3074-4bce-b377-b7c0716fd70f,ifgsm,4633306112
2116,good,bad,450935a5-3074-4bce-b377-b7c0716fd70f,good,v1
2117,ifgsm,ifgsm,450935a5-3074-4bce-b377-b7c0716fd70f,korhonen,6077930890
2118,fmgoat,ifgsm,450935a5-3074-4bce-b377-b7c0716fd70f,fmgoat,4598385226
2119,korhonen,korhonen,450935a5-3074-4bce-b377-b7c0716fd70f,ifgsm,2580252988
2120,zhang,zhang,450935a5-3074-4bce-b377-b7c0716fd70f,ifgsm,6027104916
2121,fmgoat,fmgoat,450935a5-3074-4bce-b377-b7c0716fd70f,ifgsm,8351568109
2122,ifgsm,fmgoat,450935a5-3074-4bce-b377-b7c0716fd70f,ifgsm,4107566763
2123,zhang,ifgsm,450935a5-3074-4bce-b377-b7c0716fd70f,zhang,3567613299
2124,clear,clear,450935a5-3074-4bce-b377-b7c0716fd70f,ifgsm,6285601097
2125,ifgsm,stadv,450935a5-3074-4bce-b377-b7c0716fd70f,ifgsm,9214795039
2126,ifgsm,ifgsm,450935a5-3074-4bce-b377-b7c0716fd70f,stadv,2909358760
2127,good,bad,450935a5-3074-4bce-b377-b7c0716fd70f,good,v7
2128,ifgsm,ifgsm,450935a5-3074-4bce-b377-b7c0716fd70f,fmgoat,8597381500
2129,stadv,korhonen,450935a5-3074-4bce-b377-b7c0716fd70f,stadv,2640025600
2130,clear,ifgsm,450935a5-3074-4bce-b377-b7c0716fd70f,clear,8179375247
2131,clear,ifgsm,450935a5-3074-4bce-b377-b7c0716fd70f,clear,4519546786
2132,zhang,zhang,450935a5-3074-4bce-b377-b7c0716fd70f,ifgsm,2612353606
2133,clear,ifgsm,450935a5-3074-4bce-b377-b7c0716fd70f,clear,9716988368
2134,zhang,stadv,450935a5-3074-4bce-b377-b7c0716fd70f,zhang,5494503911
2135,,zhang,0124ad3e-04ab-4279-9f45-4fd23b8c1f61,ifgsm,6077930890
2136,good,bad,0124ad3e-04ab-4279-9f45-4fd23b8c1f61,good,v3
2137,korhonen,ifgsm,0124ad3e-04ab-4279-9f45-4fd23b8c1f61,korhonen,7160553409
2138,good,good,0124ad3e-04ab-4279-9f45-4fd23b8c1f61,bad,v5
2139,stadv,stadv,0124ad3e-04ab-4279-9f45-4fd23b8c1f61,ifgsm,4598385226
2140,korhonen,ifgsm,0124ad3e-04ab-4279-9f45-4fd23b8c1f61,korhonen,9469622762
2141,korhonen,korhonen,0124ad3e-04ab-4279-9f45-4fd23b8c1f61,ifgsm,8351568109
2142,clear,clear,0124ad3e-04ab-4279-9f45-4fd23b8c1f61,zhang,5494503911
2143,korhonen,ifgsm,0124ad3e-04ab-4279-9f45-4fd23b8c1f61,korhonen,4633306112
2144,korhonen,korhonen,0124ad3e-04ab-4279-9f45-4fd23b8c1f61,zhang,10880314705
2145,,fmgoat,0124ad3e-04ab-4279-9f45-4fd23b8c1f61,ifgsm,5130906829
2146,korhonen,korhonen,0124ad3e-04ab-4279-9f45-4fd23b8c1f61,ifgsm,4424481742
2147,korhonen,ifgsm,0124ad3e-04ab-4279-9f45-4fd23b8c1f61,korhonen,8348001072
2148,clear,clear,0124ad3e-04ab-4279-9f45-4fd23b8c1f61,ifgsm,6027104916
2149,zhang,zhang,0124ad3e-04ab-4279-9f45-4fd23b8c1f61,ifgsm,5906203942
2150,,ifgsm,0124ad3e-04ab-4279-9f45-4fd23b8c1f61,stadv,3309384812
2151,stadv,fmgoat,0124ad3e-04ab-4279-9f45-4fd23b8c1f61,stadv,2640025600
2152,ifgsm,ifgsm,0124ad3e-04ab-4279-9f45-4fd23b8c1f61,fmgoat,4107566763
2153,ifgsm,stadv,0124ad3e-04ab-4279-9f45-4fd23b8c1f61,ifgsm,9463363154
2154,zhang,ifgsm,0124ad3e-04ab-4279-9f45-4fd23b8c1f61,zhang,4842717407
2155,clear,clear,0124ad3e-04ab-4279-9f45-4fd23b8c1f61,ifgsm,4519546786
2156,good,bad,0124ad3e-04ab-4279-9f45-4fd23b8c1f61,good,v3
2157,fmgoat,fmgoat,0124ad3e-04ab-4279-9f45-4fd23b8c1f61,ifgsm,2612353606
2158,zhang,stadv,0124ad3e-04ab-4279-9f45-4fd23b8c1f61,zhang,6995068299
2159,fmgoat,ifgsm,0124ad3e-04ab-4279-9f45-4fd23b8c1f61,fmgoat,3567613299
2160,stadv,stadv,d5a0cefd-c981-4ed1-b6c2-e5ec1af1160a,ifgsm,3567613299
2161,clear,clear,d5a0cefd-c981-4ed1-b6c2-e5ec1af1160a,ifgsm,6027104916
2162,fmgoat,fmgoat,d5a0cefd-c981-4ed1-b6c2-e5ec1af1160a,ifgsm,7160553409
2163,fmgoat,ifgsm,d5a0cefd-c981-4ed1-b6c2-e5ec1af1160a,fmgoat,9463363154
2164,zhang,ifgsm,d5a0cefd-c981-4ed1-b6c2-e5ec1af1160a,zhang,4842717407
2165,clear,clear,d5a0cefd-c981-4ed1-b6c2-e5ec1af1160a,ifgsm,8348001072
2166,clear,ifgsm,d5a0cefd-c981-4ed1-b6c2-e5ec1af1160a,clear,8351568109
2167,ifgsm,stadv,d5a0cefd-c981-4ed1-b6c2-e5ec1af1160a,ifgsm,4107566763
2168,good,good,d5a0cefd-c981-4ed1-b6c2-e5ec1af1160a,bad,v6
2169,zhang,ifgsm,d5a0cefd-c981-4ed1-b6c2-e5ec1af1160a,zhang,8179375247
2170,clear,ifgsm,d5a0cefd-c981-4ed1-b6c2-e5ec1af1160a,clear,4424481742
2171,good,good,d5a0cefd-c981-4ed1-b6c2-e5ec1af1160a,bad,v3
2172,korhonen,ifgsm,d5a0cefd-c981-4ed1-b6c2-e5ec1af1160a,korhonen,2909358760
2173,good,bad,d5a0cefd-c981-4ed1-b6c2-e5ec1af1160a,good,v4
2174,korhonen,korhonen,d5a0cefd-c981-4ed1-b6c2-e5ec1af1160a,ifgsm,9214795039
2175,ifgsm,ifgsm,d5a0cefd-c981-4ed1-b6c2-e5ec1af1160a,stadv,9716988368
2176,korhonen,stadv,d5a0cefd-c981-4ed1-b6c2-e5ec1af1160a,korhonen,2640025600
2177,zhang,ifgsm,d5a0cefd-c981-4ed1-b6c2-e5ec1af1160a,zhang,4633306112
2178,korhonen,korhonen,d5a0cefd-c981-4ed1-b6c2-e5ec1af1160a,ifgsm,5130906829
2179,ifgsm,stadv,d5a0cefd-c981-4ed1-b6c2-e5ec1af1160a,ifgsm,3309384812
2180,clear,clear,d5a0cefd-c981-4ed1-b6c2-e5ec1af1160a,korhonen,10880314705
2181,ifgsm,stadv,d5a0cefd-c981-4ed1-b6c2-e5ec1af1160a,ifgsm,4519546786
2182,fmgoat,korhonen,d5a0cefd-c981-4ed1-b6c2-e5ec1af1160a,fmgoat,5494503911
2183,korhonen,ifgsm,d5a0cefd-c981-4ed1-b6c2-e5ec1af1160a,korhonen,2612353606
2184,korhonen,korhonen,d5a0cefd-c981-4ed1-b6c2-e5ec1af1160a,fmgoat,6995068299
2185,ifgsm,stadv,bdca9c6a-378e-4fde-8f2b-ae078f6a9cb9,ifgsm,8351568109
2186,ifgsm,ifgsm,bdca9c6a-378e-4fde-8f2b-ae078f6a9cb9,fmgoat,5494503911
2187,clear,stadv,bdca9c6a-378e-4fde-8f2b-ae078f6a9cb9,clear,2612353606
2188,clear,ifgsm,bdca9c6a-378e-4fde-8f2b-ae078f6a9cb9,clear,6285601097
2189,zhang,zhang,bdca9c6a-378e-4fde-8f2b-ae078f6a9cb9,ifgsm,4842717407
2190,fmgoat,fmgoat,bdca9c6a-378e-4fde-8f2b-ae078f6a9cb9,ifgsm,9716988368
2191,fmgoat,fmgoat,bdca9c6a-378e-4fde-8f2b-ae078f6a9cb9,ifgsm,3567613299
2192,zhang,ifgsm,bdca9c6a-378e-4fde-8f2b-ae078f6a9cb9,zhang,9469622762
2193,clear,clear,bdca9c6a-378e-4fde-8f2b-ae078f6a9cb9,ifgsm,8348001072
2194,clear,ifgsm,bdca9c6a-378e-4fde-8f2b-ae078f6a9cb9,clear,6995068299
2195,clear,ifgsm,bdca9c6a-378e-4fde-8f2b-ae078f6a9cb9,clear,4107566763
2196,clear,ifgsm,bdca9c6a-378e-4fde-8f2b-ae078f6a9cb9,clear,8179375247
2197,korhonen,fmgoat,bdca9c6a-378e-4fde-8f2b-ae078f6a9cb9,korhonen,10880314705
2198,clear,clear,bdca9c6a-378e-4fde-8f2b-ae078f6a9cb9,ifgsm,4424481742
2199,korhonen,ifgsm,bdca9c6a-378e-4fde-8f2b-ae078f6a9cb9,korhonen,2580252988
2200,good,good,bdca9c6a-378e-4fde-8f2b-ae078f6a9cb9,bad,v3
2201,good,bad,bdca9c6a-378e-4fde-8f2b-ae078f6a9cb9,good,v2
2202,korhonen,ifgsm,bdca9c6a-378e-4fde-8f2b-ae078f6a9cb9,korhonen,5130906829
2203,korhonen,korhonen,bdca9c6a-378e-4fde-8f2b-ae078f6a9cb9,ifgsm,3309384812
2204,zhang,ifgsm,bdca9c6a-378e-4fde-8f2b-ae078f6a9cb9,zhang,2909358760
2205,zhang,zhang,bdca9c6a-378e-4fde-8f2b-ae078f6a9cb9,ifgsm,9463363154
2206,zhang,ifgsm,bdca9c6a-378e-4fde-8f2b-ae078f6a9cb9,zhang,6027104916
2207,korhonen,korhonen,bdca9c6a-378e-4fde-8f2b-ae078f6a9cb9,ifgsm,8597381500
2208,good,bad,bdca9c6a-378e-4fde-8f2b-ae078f6a9cb9,good,v1
2209,korhonen,korhonen,bdca9c6a-378e-4fde-8f2b-ae078f6a9cb9,ifgsm,5906203942
2210,clear,ifgsm,7f407ea2-939b-4ead-9ed4-e79c7afad932,clear,9469622762
2211,korhonen,ifgsm,7f407ea2-939b-4ead-9ed4-e79c7afad932,korhonen,5906203942
2212,clear,korhonen,7f407ea2-939b-4ead-9ed4-e79c7afad932,clear,6995068299
2213,ifgsm,fmgoat,7f407ea2-939b-4ead-9ed4-e79c7afad932,ifgsm,4107566763
2214,korhonen,korhonen,7f407ea2-939b-4ead-9ed4-e79c7afad932,ifgsm,2580252988
2215,fmgoat,fmgoat,7f407ea2-939b-4ead-9ed4-e79c7afad932,ifgsm,6027104916
2216,zhang,ifgsm,7f407ea2-939b-4ead-9ed4-e79c7afad932,zhang,9716988368
2217,clear,clear,7f407ea2-939b-4ead-9ed4-e79c7afad932,ifgsm,2909358760
2218,korhonen,ifgsm,7f407ea2-939b-4ead-9ed4-e79c7afad932,korhonen,2612353606
2219,clear,korhonen,7f407ea2-939b-4ead-9ed4-e79c7afad932,clear,2640025600
2220,fmgoat,ifgsm,7f407ea2-939b-4ead-9ed4-e79c7afad932,fmgoat,9463363154
2221,clear,clear,7f407ea2-939b-4ead-9ed4-e79c7afad932,ifgsm,6285601097
2222,korhonen,korhonen,7f407ea2-939b-4ead-9ed4-e79c7afad932,ifgsm,4633306112
2223,good,bad,7f407ea2-939b-4ead-9ed4-e79c7afad932,good,v1
2224,zhang,ifgsm,7f407ea2-939b-4ead-9ed4-e79c7afad932,zhang,8348001072
2225,clear,ifgsm,7f407ea2-939b-4ead-9ed4-e79c7afad932,clear,8179375247
2226,clear,ifgsm,7f407ea2-939b-4ead-9ed4-e79c7afad932,clear,4796228876
2227,clear,clear,7f407ea2-939b-4ead-9ed4-e79c7afad932,ifgsm,5130906829
2228,good,bad,7f407ea2-939b-4ead-9ed4-e79c7afad932,good,v5
2229,zhang,stadv,7f407ea2-939b-4ead-9ed4-e79c7afad932,zhang,5494503911
2230,good,bad,7f407ea2-939b-4ead-9ed4-e79c7afad932,good,v4
2231,korhonen,korhonen,7f407ea2-939b-4ead-9ed4-e79c7afad932,zhang,10880314705
2232,zhang,ifgsm,7f407ea2-939b-4ead-9ed4-e79c7afad932,zhang,4598385226
2233,ifgsm,ifgsm,7f407ea2-939b-4ead-9ed4-e79c7afad932,stadv,8351568109
2234,korhonen,korhonen,7f407ea2-939b-4ead-9ed4-e79c7afad932,ifgsm,4842717407
2235,ifgsm,ifgsm,afd74bf1-d988-464e-9213-24dfb11ccc8b,stadv,3567613299
2236,ifgsm,ifgsm,afd74bf1-d988-464e-9213-24dfb11ccc8b,stadv,4796228876
2237,fmgoat,ifgsm,afd74bf1-d988-464e-9213-24dfb11ccc8b,fmgoat,8179375247
2238,ifgsm,fmgoat,afd74bf1-d988-464e-9213-24dfb11ccc8b,ifgsm,9214795039
2239,ifgsm,ifgsm,afd74bf1-d988-464e-9213-24dfb11ccc8b,stadv,5130906829
2240,clear,clear,afd74bf1-d988-464e-9213-24dfb11ccc8b,ifgsm,9716988368
2241,ifgsm,ifgsm,afd74bf1-d988-464e-9213-24dfb11ccc8b,stadv,9463363154
2242,clear,ifgsm,afd74bf1-d988-464e-9213-24dfb11ccc8b,clear,6077930890
2243,clear,clear,afd74bf1-d988-464e-9213-24dfb11ccc8b,ifgsm,10880314705
2244,zhang,ifgsm,afd74bf1-d988-464e-9213-24dfb11ccc8b,zhang,2612353606
2245,korhonen,korhonen,afd74bf1-d988-464e-9213-24dfb11ccc8b,ifgsm,4842717407
2246,clear,ifgsm,afd74bf1-d988-464e-9213-24dfb11ccc8b,clear,5906203942
2247,clear,clear,afd74bf1-d988-464e-9213-24dfb11ccc8b,ifgsm,9469622762
2248,zhang,zhang,afd74bf1-d988-464e-9213-24dfb11ccc8b,ifgsm,2909358760
2249,ifgsm,stadv,afd74bf1-d988-464e-9213-24dfb11ccc8b,ifgsm,6285601097
2250,ifgsm,ifgsm,afd74bf1-d988-464e-9213-24dfb11ccc8b,fmgoat,4107566763
2251,fmgoat,ifgsm,afd74bf1-d988-464e-9213-24dfb11ccc8b,fmgoat,4598385226
2252,korhonen,ifgsm,afd74bf1-d988-464e-9213-24dfb11ccc8b,korhonen,2580252988
2253,clear,fmgoat,afd74bf1-d988-464e-9213-24dfb11ccc8b,clear,5494503911
2254,fmgoat,fmgoat,afd74bf1-d988-464e-9213-24dfb11ccc8b,ifgsm,7160553409
2255,korhonen,korhonen,afd74bf1-d988-464e-9213-24dfb11ccc8b,ifgsm,8597381500
2256,fmgoat,ifgsm,afd74bf1-d988-464e-9213-24dfb11ccc8b,fmgoat,2640025600
2257,good,good,afd74bf1-d988-464e-9213-24dfb11ccc8b,bad,v4
2258,good,bad,afd74bf1-d988-464e-9213-24dfb11ccc8b,good,v4
2259,good,good,afd74bf1-d988-464e-9213-24dfb11ccc8b,bad,v5
2260,good,bad,0ba713e5-367d-45ba-8e8a-410196b311f2,good,v6
2261,ifgsm,ifgsm,0ba713e5-367d-45ba-8e8a-410196b311f2,stadv,8348001072
2262,ifgsm,stadv,0ba713e5-367d-45ba-8e8a-410196b311f2,ifgsm,4842717407
2263,good,bad,0ba713e5-367d-45ba-8e8a-410196b311f2,good,v6
2264,good,bad,0ba713e5-367d-45ba-8e8a-410196b311f2,good,v6
2265,korhonen,ifgsm,0ba713e5-367d-45ba-8e8a-410196b311f2,korhonen,5906203942
2266,ifgsm,stadv,0ba713e5-367d-45ba-8e8a-410196b311f2,ifgsm,4424481742
2267,clear,ifgsm,0ba713e5-367d-45ba-8e8a-410196b311f2,clear,8179375247
2268,korhonen,korhonen,0ba713e5-367d-45ba-8e8a-410196b311f2,ifgsm,4519546786
2269,stadv,stadv,0ba713e5-367d-45ba-8e8a-410196b311f2,ifgsm,6027104916
2270,clear,ifgsm,0ba713e5-367d-45ba-8e8a-410196b311f2,clear,2909358760
2271,fmgoat,fmgoat,0ba713e5-367d-45ba-8e8a-410196b311f2,zhang,2612353606
2272,korhonen,ifgsm,0ba713e5-367d-45ba-8e8a-410196b311f2,korhonen,6077930890
2273,ifgsm,stadv,0ba713e5-367d-45ba-8e8a-410196b311f2,ifgsm,2640025600
2274,zhang,zhang,0ba713e5-367d-45ba-8e8a-410196b311f2,ifgsm,8351568109
2275,ifgsm,fmgoat,0ba713e5-367d-45ba-8e8a-410196b311f2,ifgsm,4107566763
2276,korhonen,korhonen,0ba713e5-367d-45ba-8e8a-410196b311f2,ifgsm,5130906829
2277,fmgoat,fmgoat,0ba713e5-367d-45ba-8e8a-410196b311f2,korhonen,6995068299
2278,clear,ifgsm,0ba713e5-367d-45ba-8e8a-410196b311f2,clear,3309384812
2279,clear,ifgsm,0ba713e5-367d-45ba-8e8a-410196b311f2,clear,4598385226
2280,zhang,stadv,0ba713e5-367d-45ba-8e8a-410196b311f2,zhang,5494503911
2281,fmgoat,fmgoat,0ba713e5-367d-45ba-8e8a-410196b311f2,ifgsm,4796228876
2282,ifgsm,stadv,0ba713e5-367d-45ba-8e8a-410196b311f2,ifgsm,6285601097
2283,clear,ifgsm,0ba713e5-367d-45ba-8e8a-410196b311f2,clear,9214795039
2284,clear,clear,0ba713e5-367d-45ba-8e8a-410196b311f2,ifgsm,9469622762
2285,zhang,zhang,04f4bc8a-5857-474c-a469-0fec51ffb4cf,stadv,2612353606
2286,fmgoat,ifgsm,04f4bc8a-5857-474c-a469-0fec51ffb4cf,fmgoat,6995068299
2287,fmgoat,ifgsm,04f4bc8a-5857-474c-a469-0fec51ffb4cf,fmgoat,6285601097
2288,clear,clear,04f4bc8a-5857-474c-a469-0fec51ffb4cf,ifgsm,6077930890
2289,clear,ifgsm,04f4bc8a-5857-474c-a469-0fec51ffb4cf,clear,6027104916
2290,fmgoat,ifgsm,04f4bc8a-5857-474c-a469-0fec51ffb4cf,fmgoat,5906203942
2291,zhang,ifgsm,04f4bc8a-5857-474c-a469-0fec51ffb4cf,zhang,8348001072
2292,korhonen,korhonen,04f4bc8a-5857-474c-a469-0fec51ffb4cf,ifgsm,10880314705
2293,ifgsm,ifgsm,04f4bc8a-5857-474c-a469-0fec51ffb4cf,fmgoat,8179375247
2294,stadv,zhang,04f4bc8a-5857-474c-a469-0fec51ffb4cf,stadv,2640025600
2295,zhang,ifgsm,04f4bc8a-5857-474c-a469-0fec51ffb4cf,zhang,9463363154
2296,good,bad,04f4bc8a-5857-474c-a469-0fec51ffb4cf,good,v5
2297,clear,clear,04f4bc8a-5857-474c-a469-0fec51ffb4cf,ifgsm,8597381500
2298,fmgoat,ifgsm,04f4bc8a-5857-474c-a469-0fec51ffb4cf,fmgoat,3567613299
2299,ifgsm,stadv,04f4bc8a-5857-474c-a469-0fec51ffb4cf,ifgsm,4796228876
2300,good,good,04f4bc8a-5857-474c-a469-0fec51ffb4cf,bad,v7
2301,fmgoat,fmgoat,04f4bc8a-5857-474c-a469-0fec51ffb4cf,ifgsm,4519546786
2302,korhonen,korhonen,04f4bc8a-5857-474c-a469-0fec51ffb4cf,ifgsm,7160553409
2303,good,good,04f4bc8a-5857-474c-a469-0fec51ffb4cf,bad,v5
2304,zhang,zhang,04f4bc8a-5857-474c-a469-0fec51ffb4cf,ifgsm,4633306112
2305,fmgoat,fmgoat,04f4bc8a-5857-474c-a469-0fec51ffb4cf,stadv,5494503911
2306,zhang,zhang,04f4bc8a-5857-474c-a469-0fec51ffb4cf,ifgsm,8351568109
2307,ifgsm,stadv,04f4bc8a-5857-474c-a469-0fec51ffb4cf,ifgsm,3309384812
2308,ifgsm,stadv,04f4bc8a-5857-474c-a469-0fec51ffb4cf,ifgsm,4598385226
2309,ifgsm,ifgsm,04f4bc8a-5857-474c-a469-0fec51ffb4cf,fmgoat,4842717407
2310,zhang,ifgsm,8c003213-dd45-4c67-ba00-1ef81d0720ee,zhang,2640025600
2311,zhang,zhang,8c003213-dd45-4c67-ba00-1ef81d0720ee,ifgsm,8348001072
2312,good,bad,8c003213-dd45-4c67-ba00-1ef81d0720ee,good,v7
2313,zhang,ifgsm,8c003213-dd45-4c67-ba00-1ef81d0720ee,zhang,5906203942
2314,zhang,stadv,8c003213-dd45-4c67-ba00-1ef81d0720ee,zhang,5494503911
2315,ifgsm,ifgsm,8c003213-dd45-4c67-ba00-1ef81d0720ee,stadv,7160553409
2316,clear,clear,8c003213-dd45-4c67-ba00-1ef81d0720ee,ifgsm,4424481742
2317,clear,clear,8c003213-dd45-4c67-ba00-1ef81d0720ee,ifgsm,3309384812
2318,zhang,ifgsm,8c003213-dd45-4c67-ba00-1ef81d0720ee,zhang,4842717407
2319,ifgsm,fmgoat,8c003213-dd45-4c67-ba00-1ef81d0720ee,ifgsm,8597381500
2320,clear,clear,8c003213-dd45-4c67-ba00-1ef81d0720ee,ifgsm,9469622762
2321,zhang,zhang,8c003213-dd45-4c67-ba00-1ef81d0720ee,ifgsm,2580252988
2322,korhonen,ifgsm,8c003213-dd45-4c67-ba00-1ef81d0720ee,korhonen,4598385226
2323,ifgsm,stadv,8c003213-dd45-4c67-ba00-1ef81d0720ee,ifgsm,9463363154
2324,ifgsm,ifgsm,8c003213-dd45-4c67-ba00-1ef81d0720ee,stadv,2612353606
2325,clear,ifgsm,8c003213-dd45-4c67-ba00-1ef81d0720ee,clear,8351568109
2326,korhonen,ifgsm,8c003213-dd45-4c67-ba00-1ef81d0720ee,korhonen,6077930890
2327,good,good,8c003213-dd45-4c67-ba00-1ef81d0720ee,bad,v5
2328,ifgsm,stadv,8c003213-dd45-4c67-ba00-1ef81d0720ee,ifgsm,9214795039
2329,zhang,zhang,8c003213-dd45-4c67-ba00-1ef81d0720ee,ifgsm,4519546786
2330,zhang,ifgsm,8c003213-dd45-4c67-ba00-1ef81d0720ee,zhang,4796228876
2331,clear,clear,8c003213-dd45-4c67-ba00-1ef81d0720ee,ifgsm,6285601097
2332,clear,clear,8c003213-dd45-4c67-ba00-1ef81d0720ee,korhonen,10880314705
2333,ifgsm,ifgsm,8c003213-dd45-4c67-ba00-1ef81d0720ee,stadv,8179375247
2334,good,good,8c003213-dd45-4c67-ba00-1ef81d0720ee,bad,v6
2335,,korhonen,6369bb54-9933-4fd4-b95b-0efbf29d150a,ifgsm,3309384812
2336,good,bad,6369bb54-9933-4fd4-b95b-0efbf29d150a,good,v2
2337,zhang,zhang,6369bb54-9933-4fd4-b95b-0efbf29d150a,ifgsm,7160553409
2338,fmgoat,fmgoat,6369bb54-9933-4fd4-b95b-0efbf29d150a,ifgsm,6027104916
2339,ifgsm,ifgsm,6369bb54-9933-4fd4-b95b-0efbf29d150a,stadv,2612353606
2340,ifgsm,zhang,6369bb54-9933-4fd4-b95b-0efbf29d150a,ifgsm,5130906829
2341,zhang,ifgsm,6369bb54-9933-4fd4-b95b-0efbf29d150a,zhang,5494503911
2342,fmgoat,stadv,6369bb54-9933-4fd4-b95b-0efbf29d150a,fmgoat,10880314705
2343,zhang,ifgsm,6369bb54-9933-4fd4-b95b-0efbf29d150a,zhang,4796228876
2344,good,good,6369bb54-9933-4fd4-b95b-0efbf29d150a,bad,v4
2345,clear,clear,6369bb54-9933-4fd4-b95b-0efbf29d150a,ifgsm,4424481742
2346,good,good,6369bb54-9933-4fd4-b95b-0efbf29d150a,bad,v6
2347,zhang,ifgsm,6369bb54-9933-4fd4-b95b-0efbf29d150a,zhang,9716988368
2348,clear,ifgsm,6369bb54-9933-4fd4-b95b-0efbf29d150a,clear,9469622762
2349,zhang,ifgsm,6369bb54-9933-4fd4-b95b-0efbf29d150a,zhang,4842717407
2350,clear,clear,6369bb54-9933-4fd4-b95b-0efbf29d150a,ifgsm,6077930890
2351,clear,zhang,6369bb54-9933-4fd4-b95b-0efbf29d150a,clear,6995068299
2352,fmgoat,fmgoat,6369bb54-9933-4fd4-b95b-0efbf29d150a,ifgsm,9463363154
2353,ifgsm,stadv,6369bb54-9933-4fd4-b95b-0efbf29d150a,ifgsm,4519546786
2354,fmgoat,ifgsm,6369bb54-9933-4fd4-b95b-0efbf29d150a,fmgoat,2909358760
2355,fmgoat,fmgoat,6369bb54-9933-4fd4-b95b-0efbf29d150a,ifgsm,5906203942
2356,zhang,zhang,6369bb54-9933-4fd4-b95b-0efbf29d150a,ifgsm,8597381500
2357,ifgsm,ifgsm,6369bb54-9933-4fd4-b95b-0efbf29d150a,stadv,6285601097
2358,korhonen,ifgsm,6369bb54-9933-4fd4-b95b-0efbf29d150a,korhonen,2580252988
2359,clear,clear,6369bb54-9933-4fd4-b95b-0efbf29d150a,fmgoat,2640025600
2360,,zhang,8c7b6208-2873-49d9-9266-58350a89275c,korhonen,6995068299
2361,,zhang,8c7b6208-2873-49d9-9266-58350a89275c,ifgsm,9214795039
2362,fmgoat,fmgoat,8c7b6208-2873-49d9-9266-58350a89275c,stadv,2612353606
2363,good,good,8c7b6208-2873-49d9-9266-58350a89275c,bad,v4
2364,ifgsm,stadv,8c7b6208-2873-49d9-9266-58350a89275c,ifgsm,4519546786
2365,ifgsm,stadv,8c7b6208-2873-49d9-9266-58350a89275c,ifgsm,8351568109
2366,good,good,8c7b6208-2873-49d9-9266-58350a89275c,bad,v5
2367,ifgsm,ifgsm,8c7b6208-2873-49d9-9266-58350a89275c,stadv,8597381500
2368,fmgoat,fmgoat,8c7b6208-2873-49d9-9266-58350a89275c,ifgsm,9716988368
2369,fmgoat,ifgsm,8c7b6208-2873-49d9-9266-58350a89275c,fmgoat,6285601097
2370,ifgsm,ifgsm,8c7b6208-2873-49d9-9266-58350a89275c,stadv,8179375247
2371,clear,ifgsm,8c7b6208-2873-49d9-9266-58350a89275c,clear,9469622762
2372,fmgoat,ifgsm,8c7b6208-2873-49d9-9266-58350a89275c,fmgoat,8348001072
2373,zhang,zhang,8c7b6208-2873-49d9-9266-58350a89275c,ifgsm,4598385226
2374,,zhang,8c7b6208-2873-49d9-9266-58350a89275c,korhonen,5494503911
2375,korhonen,korhonen,8c7b6208-2873-49d9-9266-58350a89275c,ifgsm,6027104916
2376,good,good,8c7b6208-2873-49d9-9266-58350a89275c,bad,v1
2377,zhang,zhang,8c7b6208-2873-49d9-9266-58350a89275c,ifgsm,4424481742
2378,ifgsm,ifgsm,8c7b6208-2873-49d9-9266-58350a89275c,zhang,2909358760
2379,clear,ifgsm,8c7b6208-2873-49d9-9266-58350a89275c,clear,4842717407
2380,zhang,ifgsm,8c7b6208-2873-49d9-9266-58350a89275c,zhang,6077930890
2381,ifgsm,ifgsm,8c7b6208-2873-49d9-9266-58350a89275c,stadv,2640025600
2382,fmgoat,fmgoat,8c7b6208-2873-49d9-9266-58350a89275c,korhonen,10880314705
2383,ifgsm,stadv,8c7b6208-2873-49d9-9266-58350a89275c,ifgsm,2580252988
2384,fmgoat,fmgoat,8c7b6208-2873-49d9-9266-58350a89275c,ifgsm,3567613299
2385,korhonen,ifgsm,20a2161e-a0a4-4ebb-8f31-ef05ba458a86,korhonen,3309384812
2386,ifgsm,stadv,20a2161e-a0a4-4ebb-8f31-ef05ba458a86,ifgsm,4519546786
2387,ifgsm,stadv,20a2161e-a0a4-4ebb-8f31-ef05ba458a86,ifgsm,2640025600
2388,good,bad,20a2161e-a0a4-4ebb-8f31-ef05ba458a86,good,v4
2389,good,good,20a2161e-a0a4-4ebb-8f31-ef05ba458a86,bad,v3
2390,korhonen,ifgsm,20a2161e-a0a4-4ebb-8f31-ef05ba458a86,korhonen,9214795039
2391,ifgsm,ifgsm,20a2161e-a0a4-4ebb-8f31-ef05ba458a86,stadv,8351568109
2392,clear,ifgsm,20a2161e-a0a4-4ebb-8f31-ef05ba458a86,clear,9716988368
2393,ifgsm,stadv,20a2161e-a0a4-4ebb-8f31-ef05ba458a86,ifgsm,4796228876
2394,fmgoat,fmgoat,20a2161e-a0a4-4ebb-8f31-ef05ba458a86,stadv,2612353606
2395,ifgsm,stadv,20a2161e-a0a4-4ebb-8f31-ef05ba458a86,ifgsm,8179375247
2396,ifgsm,ifgsm,20a2161e-a0a4-4ebb-8f31-ef05ba458a86,stadv,7160553409
2397,fmgoat,ifgsm,20a2161e-a0a4-4ebb-8f31-ef05ba458a86,fmgoat,9463363154
2398,good,bad,20a2161e-a0a4-4ebb-8f31-ef05ba458a86,good,v7
2399,korhonen,ifgsm,20a2161e-a0a4-4ebb-8f31-ef05ba458a86,korhonen,4633306112
2400,fmgoat,zhang,20a2161e-a0a4-4ebb-8f31-ef05ba458a86,fmgoat,5494503911
2401,ifgsm,stadv,20a2161e-a0a4-4ebb-8f31-ef05ba458a86,ifgsm,4598385226
2402,zhang,zhang,20a2161e-a0a4-4ebb-8f31-ef05ba458a86,ifgsm,4842717407
2403,clear,zhang,20a2161e-a0a4-4ebb-8f31-ef05ba458a86,clear,10880314705
2404,zhang,zhang,20a2161e-a0a4-4ebb-8f31-ef05ba458a86,ifgsm,2909358760
2405,ifgsm,stadv,20a2161e-a0a4-4ebb-8f31-ef05ba458a86,ifgsm,6027104916
2406,korhonen,ifgsm,20a2161e-a0a4-4ebb-8f31-ef05ba458a86,korhonen,6285601097
2407,fmgoat,fmgoat,20a2161e-a0a4-4ebb-8f31-ef05ba458a86,ifgsm,8348001072
2408,korhonen,korhonen,20a2161e-a0a4-4ebb-8f31-ef05ba458a86,fmgoat,6995068299
2409,ifgsm,stadv,20a2161e-a0a4-4ebb-8f31-ef05ba458a86,ifgsm,3567613299
2410,,korhonen,06be51ff-3165-4b08-b348-99e6601042a1,ifgsm,2580252988
2411,,ifgsm,06be51ff-3165-4b08-b348-99e6601042a1,stadv,9469622762
2412,,stadv,06be51ff-3165-4b08-b348-99e6601042a1,ifgsm,4519546786
2413,,ifgsm,06be51ff-3165-4b08-b348-99e6601042a1,zhang,7160553409
2414,,stadv,06be51ff-3165-4b08-b348-99e6601042a1,ifgsm,4633306112
2415,good,good,06be51ff-3165-4b08-b348-99e6601042a1,bad,v6
2416,fmgoat,fmgoat,06be51ff-3165-4b08-b348-99e6601042a1,zhang,2640025600
2417,korhonen,korhonen,06be51ff-3165-4b08-b348-99e6601042a1,ifgsm,4796228876
2418,stadv,stadv,06be51ff-3165-4b08-b348-99e6601042a1,ifgsm,8348001072
2419,good,bad,06be51ff-3165-4b08-b348-99e6601042a1,good,v1
2420,clear,clear,06be51ff-3165-4b08-b348-99e6601042a1,ifgsm,3309384812
2421,,stadv,06be51ff-3165-4b08-b348-99e6601042a1,ifgsm,6077930890
2422,fmgoat,fmgoat,06be51ff-3165-4b08-b348-99e6601042a1,ifgsm,6285601097
2423,good,good,06be51ff-3165-4b08-b348-99e6601042a1,bad,v1
2424,fmgoat,ifgsm,06be51ff-3165-4b08-b348-99e6601042a1,fmgoat,5130906829
2425,,ifgsm,06be51ff-3165-4b08-b348-99e6601042a1,stadv,8351568109
2426,clear,clear,06be51ff-3165-4b08-b348-99e6601042a1,ifgsm,6027104916
2427,clear,zhang,06be51ff-3165-4b08-b348-99e6601042a1,clear,10880314705
2428,korhonen,korhonen,06be51ff-3165-4b08-b348-99e6601042a1,ifgsm,4424481742
2429,stadv,korhonen,06be51ff-3165-4b08-b348-99e6601042a1,stadv,6995068299
2430,clear,clear,06be51ff-3165-4b08-b348-99e6601042a1,ifgsm,2612353606
2431,,fmgoat,06be51ff-3165-4b08-b348-99e6601042a1,clear,5494503911
2432,clear,ifgsm,06be51ff-3165-4b08-b348-99e6601042a1,clear,3567613299
2433,fmgoat,ifgsm,06be51ff-3165-4b08-b348-99e6601042a1,fmgoat,4598385226
2434,clear,ifgsm,06be51ff-3165-4b08-b348-99e6601042a1,clear,9716988368
2435,ifgsm,ifgsm,530ae564-edd2-4f2b-b806-cf6822af8aea,stadv,2580252988
2436,good,bad,530ae564-edd2-4f2b-b806-cf6822af8aea,good,v5
2437,korhonen,ifgsm,530ae564-edd2-4f2b-b806-cf6822af8aea,korhonen,9463363154
2438,ifgsm,ifgsm,530ae564-edd2-4f2b-b806-cf6822af8aea,stadv,2909358760
2439,zhang,zhang,530ae564-edd2-4f2b-b806-cf6822af8aea,ifgsm,6077930890
2440,clear,ifgsm,530ae564-edd2-4f2b-b806-cf6822af8aea,clear,8179375247
2441,fmgoat,stadv,530ae564-edd2-4f2b-b806-cf6822af8aea,fmgoat,10880314705
2442,fmgoat,stadv,530ae564-edd2-4f2b-b806-cf6822af8aea,fmgoat,5494503911
2443,clear,zhang,530ae564-edd2-4f2b-b806-cf6822af8aea,clear,2640025600
2444,clear,clear,530ae564-edd2-4f2b-b806-cf6822af8aea,ifgsm,7160553409
2445,ifgsm,stadv,530ae564-edd2-4f2b-b806-cf6822af8aea,ifgsm,8348001072
2446,korhonen,korhonen,530ae564-edd2-4f2b-b806-cf6822af8aea,ifgsm,9469622762
2447,korhonen,ifgsm,530ae564-edd2-4f2b-b806-cf6822af8aea,korhonen,4796228876
2448,clear,clear,530ae564-edd2-4f2b-b806-cf6822af8aea,stadv,2612353606
2449,clear,ifgsm,530ae564-edd2-4f2b-b806-cf6822af8aea,clear,4598385226
2450,clear,clear,530ae564-edd2-4f2b-b806-cf6822af8aea,ifgsm,4842717407
2451,ifgsm,ifgsm,530ae564-edd2-4f2b-b806-cf6822af8aea,stadv,5130906829
2452,zhang,zhang,530ae564-edd2-4f2b-b806-cf6822af8aea,ifgsm,9716988368
2453,ifgsm,ifgsm,530ae564-edd2-4f2b-b806-cf6822af8aea,stadv,6285601097
2454,zhang,ifgsm,530ae564-edd2-4f2b-b806-cf6822af8aea,zhang,8597381500
2455,clear,ifgsm,530ae564-edd2-4f2b-b806-cf6822af8aea,clear,6027104916
2456,good,bad,530ae564-edd2-4f2b-b806-cf6822af8aea,good,v6
2457,zhang,ifgsm,530ae564-edd2-4f2b-b806-cf6822af8aea,zhang,3567613299
2458,zhang,stadv,530ae564-edd2-4f2b-b806-cf6822af8aea,zhang,6995068299
2459,good,bad,530ae564-edd2-4f2b-b806-cf6822af8aea,good,v5
2460,ifgsm,ifgsm,af21e271-1876-4cfa-a538-2302952d8e44,stadv,8351568109
2461,clear,clear,af21e271-1876-4cfa-a538-2302952d8e44,ifgsm,4842717407
2462,ifgsm,ifgsm,af21e271-1876-4cfa-a538-2302952d8e44,stadv,9469622762
2463,ifgsm,ifgsm,af21e271-1876-4cfa-a538-2302952d8e44,stadv,4424481742
2464,korhonen,ifgsm,af21e271-1876-4cfa-a538-2302952d8e44,korhonen,3309384812
2465,ifgsm,clear,af21e271-1876-4cfa-a538-2302952d8e44,ifgsm,2909358760
2466,zhang,ifgsm,af21e271-1876-4cfa-a538-2302952d8e44,zhang,6027104916
2467,ifgsm,stadv,af21e271-1876-4cfa-a538-2302952d8e44,ifgsm,7160553409
2468,zhang,ifgsm,af21e271-1876-4cfa-a538-2302952d8e44,zhang,8348001072
2469,clear,clear,af21e271-1876-4cfa-a538-2302952d8e44,fmgoat,5494503911
2470,ifgsm,ifgsm,af21e271-1876-4cfa-a538-2302952d8e44,stadv,4519546786
2471,good,bad,af21e271-1876-4cfa-a538-2302952d8e44,good,v7
2472,korhonen,ifgsm,af21e271-1876-4cfa-a538-2302952d8e44,korhonen,5130906829
2473,good,good,af21e271-1876-4cfa-a538-2302952d8e44,bad,v7
2474,zhang,zhang,af21e271-1876-4cfa-a538-2302952d8e44,fmgoat,6995068299
2475,clear,clear,af21e271-1876-4cfa-a538-2302952d8e44,fmgoat,2612353606
2476,ifgsm,korhonen,af21e271-1876-4cfa-a538-2302952d8e44,ifgsm,9214795039
2477,clear,clear,af21e271-1876-4cfa-a538-2302952d8e44,ifgsm,8597381500
2478,clear,clear,af21e271-1876-4cfa-a538-2302952d8e44,ifgsm,3567613299
2479,korhonen,ifgsm,af21e271-1876-4cfa-a538-2302952d8e44,korhonen,4796228876
2480,good,good,af21e271-1876-4cfa-a538-2302952d8e44,bad,v6
2481,fmgoat,clear,af21e271-1876-4cfa-a538-2302952d8e44,fmgoat,2640025600
2482,korhonen,korhonen,af21e271-1876-4cfa-a538-2302952d8e44,ifgsm,8179375247
2483,ifgsm,ifgsm,af21e271-1876-4cfa-a538-2302952d8e44,zhang,2580252988
2484,zhang,zhang,af21e271-1876-4cfa-a538-2302952d8e44,ifgsm,10880314705
2485,clear,fmgoat,d9ae063a-ed6a-4071-9626-f9be770fd364,clear,10880314705
2486,clear,ifgsm,d9ae063a-ed6a-4071-9626-f9be770fd364,clear,2580252988
2487,zhang,zhang,d9ae063a-ed6a-4071-9626-f9be770fd364,ifgsm,6995068299
2488,korhonen,zhang,d9ae063a-ed6a-4071-9626-f9be770fd364,korhonen,5494503911
2489,clear,ifgsm,d9ae063a-ed6a-4071-9626-f9be770fd364,clear,8351568109
2490,korhonen,stadv,d9ae063a-ed6a-4071-9626-f9be770fd364,korhonen,2640025600
2491,ifgsm,stadv,d9ae063a-ed6a-4071-9626-f9be770fd364,ifgsm,6077930890
2492,korhonen,korhonen,d9ae063a-ed6a-4071-9626-f9be770fd364,ifgsm,9463363154
2493,ifgsm,stadv,d9ae063a-ed6a-4071-9626-f9be770fd364,ifgsm,4796228876
2494,korhonen,ifgsm,d9ae063a-ed6a-4071-9626-f9be770fd364,korhonen,3567613299
2495,clear,clear,d9ae063a-ed6a-4071-9626-f9be770fd364,ifgsm,4633306112
2496,korhonen,ifgsm,d9ae063a-ed6a-4071-9626-f9be770fd364,korhonen,9469622762
2497,fmgoat,ifgsm,d9ae063a-ed6a-4071-9626-f9be770fd364,fmgoat,7160553409
2498,good,good,d9ae063a-ed6a-4071-9626-f9be770fd364,bad,v7
2499,zhang,ifgsm,d9ae063a-ed6a-4071-9626-f9be770fd364,zhang,6285601097
2500,good,bad,d9ae063a-ed6a-4071-9626-f9be770fd364,good,v3
2501,clear,clear,d9ae063a-ed6a-4071-9626-f9be770fd364,ifgsm,5130906829
2502,ifgsm,stadv,d9ae063a-ed6a-4071-9626-f9be770fd364,ifgsm,4842717407
2503,korhonen,ifgsm,d9ae063a-ed6a-4071-9626-f9be770fd364,korhonen,3309384812
2504,clear,clear,d9ae063a-ed6a-4071-9626-f9be770fd364,ifgsm,2612353606
2505,good,bad,d9ae063a-ed6a-4071-9626-f9be770fd364,good,v3
2506,clear,ifgsm,d9ae063a-ed6a-4071-9626-f9be770fd364,clear,9716988368
2507,ifgsm,stadv,d9ae063a-ed6a-4071-9626-f9be770fd364,ifgsm,6027104916
2508,zhang,ifgsm,d9ae063a-ed6a-4071-9626-f9be770fd364,zhang,8348001072
2509,clear,clear,d9ae063a-ed6a-4071-9626-f9be770fd364,ifgsm,8597381500
2510,ifgsm,ifgsm,657d08b5-8301-4c8e-8f7f-0c143b0602c4,fmgoat,2580252988
2511,korhonen,korhonen,657d08b5-8301-4c8e-8f7f-0c143b0602c4,ifgsm,6027104916
2512,fmgoat,stadv,657d08b5-8301-4c8e-8f7f-0c143b0602c4,fmgoat,6995068299
2513,korhonen,ifgsm,657d08b5-8301-4c8e-8f7f-0c143b0602c4,korhonen,8351568109
2514,ifgsm,ifgsm,657d08b5-8301-4c8e-8f7f-0c143b0602c4,fmgoat,3309384812
2515,fmgoat,zhang,657d08b5-8301-4c8e-8f7f-0c143b0602c4,fmgoat,5494503911
2516,ifgsm,ifgsm,657d08b5-8301-4c8e-8f7f-0c143b0602c4,fmgoat,9214795039
2517,ifgsm,ifgsm,657d08b5-8301-4c8e-8f7f-0c143b0602c4,stadv,5130906829
2518,clear,clear,657d08b5-8301-4c8e-8f7f-0c143b0602c4,ifgsm,4796228876
2519,clear,stadv,657d08b5-8301-4c8e-8f7f-0c143b0602c4,clear,2612353606
2520,zhang,stadv,657d08b5-8301-4c8e-8f7f-0c143b0602c4,zhang,10880314705
2521,korhonen,ifgsm,657d08b5-8301-4c8e-8f7f-0c143b0602c4,korhonen,4842717407
2522,zhang,zhang,657d08b5-8301-4c8e-8f7f-0c143b0602c4,ifgsm,4424481742
2523,good,good,657d08b5-8301-4c8e-8f7f-0c143b0602c4,bad,v1
2524,ifgsm,zhang,657d08b5-8301-4c8e-8f7f-0c143b0602c4,ifgsm,7160553409
2525,zhang,ifgsm,657d08b5-8301-4c8e-8f7f-0c143b0602c4,zhang,8348001072
2526,zhang,zhang,657d08b5-8301-4c8e-8f7f-0c143b0602c4,ifgsm,6077930890
2527,zhang,zhang,657d08b5-8301-4c8e-8f7f-0c143b0602c4,ifgsm,4519546786
2528,ifgsm,stadv,657d08b5-8301-4c8e-8f7f-0c143b0602c4,ifgsm,9463363154
2529,good,good,657d08b5-8301-4c8e-8f7f-0c143b0602c4,bad,v3
2530,fmgoat,ifgsm,657d08b5-8301-4c8e-8f7f-0c143b0602c4,fmgoat,3567613299
2531,ifgsm,ifgsm,657d08b5-8301-4c8e-8f7f-0c143b0602c4,fmgoat,4633306112
2532,ifgsm,stadv,657d08b5-8301-4c8e-8f7f-0c143b0602c4,ifgsm,8597381500
2533,good,good,657d08b5-8301-4c8e-8f7f-0c143b0602c4,bad,v1
2534,fmgoat,fmgoat,657d08b5-8301-4c8e-8f7f-0c143b0602c4,ifgsm,6285601097
2535,,ifgsm,94583f11-05e8-4b6a-a1a0-4d0b5581c121,korhonen,9214795039
2536,fmgoat,ifgsm,94583f11-05e8-4b6a-a1a0-4d0b5581c121,fmgoat,4598385226
2537,ifgsm,ifgsm,94583f11-05e8-4b6a-a1a0-4d0b5581c121,stadv,7160553409
2538,,korhonen,94583f11-05e8-4b6a-a1a0-4d0b5581c121,ifgsm,5130906829
2539,clear,ifgsm,94583f11-05e8-4b6a-a1a0-4d0b5581c121,clear,6285601097
2540,fmgoat,stadv,94583f11-05e8-4b6a-a1a0-4d0b5581c121,fmgoat,2640025600
2541,clear,clear,94583f11-05e8-4b6a-a1a0-4d0b5581c121,stadv,10880314705
2542,fmgoat,fmgoat,94583f11-05e8-4b6a-a1a0-4d0b5581c121,korhonen,2612353606
2543,zhang,ifgsm,94583f11-05e8-4b6a-a1a0-4d0b5581c121,zhang,4796228876
2544,zhang,ifgsm,94583f11-05e8-4b6a-a1a0-4d0b5581c121,zhang,4424481742
2545,ifgsm,ifgsm,94583f11-05e8-4b6a-a1a0-4d0b5581c121,stadv,9716988368
2546,clear,clear,94583f11-05e8-4b6a-a1a0-4d0b5581c121,fmgoat,5494503911
2547,good,good,94583f11-05e8-4b6a-a1a0-4d0b5581c121,bad,v4
2548,fmgoat,ifgsm,94583f11-05e8-4b6a-a1a0-4d0b5581c121,fmgoat,8348001072
2549,zhang,ifgsm,94583f11-05e8-4b6a-a1a0-4d0b5581c121,zhang,6027104916
2550,good,bad,94583f11-05e8-4b6a-a1a0-4d0b5581c121,good,v3
2551,fmgoat,fmgoat,94583f11-05e8-4b6a-a1a0-4d0b5581c121,ifgsm,9469622762
2552,zhang,zhang,94583f11-05e8-4b6a-a1a0-4d0b5581c121,ifgsm,3567613299
2553,fmgoat,fmgoat,94583f11-05e8-4b6a-a1a0-4d0b5581c121,ifgsm,3309384812
2554,fmgoat,fmgoat,94583f11-05e8-4b6a-a1a0-4d0b5581c121,ifgsm,4107566763
2555,clear,clear,94583f11-05e8-4b6a-a1a0-4d0b5581c121,fmgoat,6995068299
2556,korhonen,ifgsm,94583f11-05e8-4b6a-a1a0-4d0b5581c121,korhonen,8179375247
2557,clear,ifgsm,94583f11-05e8-4b6a-a1a0-4d0b5581c121,clear,8351568109
2558,good,bad,94583f11-05e8-4b6a-a1a0-4d0b5581c121,good,v2
2559,ifgsm,stadv,94583f11-05e8-4b6a-a1a0-4d0b5581c121,ifgsm,5906203942
2560,zhang,zhang,5993dbff-4e68-422b-8254-ef647bdb52d4,ifgsm,4519546786
2561,korhonen,ifgsm,5993dbff-4e68-422b-8254-ef647bdb52d4,korhonen,4842717407
2562,clear,ifgsm,5993dbff-4e68-422b-8254-ef647bdb52d4,clear,9214795039
2563,korhonen,zhang,5993dbff-4e68-422b-8254-ef647bdb52d4,korhonen,2612353606
2564,zhang,ifgsm,5993dbff-4e68-422b-8254-ef647bdb52d4,zhang,6027104916
2565,ifgsm,ifgsm,5993dbff-4e68-422b-8254-ef647bdb52d4,fmgoat,3309384812
2566,fmgoat,zhang,5993dbff-4e68-422b-8254-ef647bdb52d4,fmgoat,2640025600
2567,good,bad,5993dbff-4e68-422b-8254-ef647bdb52d4,good,v4
2568,fmgoat,fmgoat,5993dbff-4e68-422b-8254-ef647bdb52d4,ifgsm,2580252988
2569,clear,ifgsm,5993dbff-4e68-422b-8254-ef647bdb52d4,clear,4598385226
2570,fmgoat,fmgoat,5993dbff-4e68-422b-8254-ef647bdb52d4,ifgsm,8179375247
2571,clear,clear,5993dbff-4e68-422b-8254-ef647bdb52d4,ifgsm,9463363154
2572,good,good,5993dbff-4e68-422b-8254-ef647bdb52d4,bad,v6
2573,fmgoat,ifgsm,5993dbff-4e68-422b-8254-ef647bdb52d4,fmgoat,4633306112
2574,good,bad,5993dbff-4e68-422b-8254-ef647bdb52d4,good,v7
2575,zhang,zhang,5993dbff-4e68-422b-8254-ef647bdb52d4,stadv,10880314705
2576,clear,clear,5993dbff-4e68-422b-8254-ef647bdb52d4,ifgsm,8348001072
2577,zhang,ifgsm,5993dbff-4e68-422b-8254-ef647bdb52d4,zhang,6077930890
2578,fmgoat,fmgoat,5993dbff-4e68-422b-8254-ef647bdb52d4,ifgsm,5130906829
2579,fmgoat,fmgoat,5993dbff-4e68-422b-8254-ef647bdb52d4,ifgsm,3567613299
2580,korhonen,korhonen,5993dbff-4e68-422b-8254-ef647bdb52d4,stadv,5494503911
2581,clear,clear,5993dbff-4e68-422b-8254-ef647bdb52d4,ifgsm,6995068299
2582,fmgoat,ifgsm,5993dbff-4e68-422b-8254-ef647bdb52d4,fmgoat,9716988368
2583,fmgoat,ifgsm,5993dbff-4e68-422b-8254-ef647bdb52d4,fmgoat,4424481742
2584,clear,clear,5993dbff-4e68-422b-8254-ef647bdb52d4,ifgsm,4796228876
2585,fmgoat,fmgoat,ac286729-6fce-477b-9138-a49b80e05214,ifgsm,8351568109
2586,zhang,zhang,ac286729-6fce-477b-9138-a49b80e05214,korhonen,10880314705
2587,fmgoat,stadv,ac286729-6fce-477b-9138-a49b80e05214,fmgoat,2612353606
2588,stadv,stadv,ac286729-6fce-477b-9138-a49b80e05214,ifgsm,4598385226
2589,zhang,zhang,ac286729-6fce-477b-9138-a49b80e05214,clear,2640025600
2590,korhonen,ifgsm,ac286729-6fce-477b-9138-a49b80e05214,korhonen,5494503911
2591,korhonen,korhonen,ac286729-6fce-477b-9138-a49b80e05214,ifgsm,2909358760
2592,ifgsm,ifgsm,ac286729-6fce-477b-9138-a49b80e05214,fmgoat,4107566763
2593,ifgsm,stadv,ac286729-6fce-477b-9138-a49b80e05214,ifgsm,3309384812
2594,ifgsm,ifgsm,ac286729-6fce-477b-9138-a49b80e05214,fmgoat,8597381500
2595,good,bad,ac286729-6fce-477b-9138-a49b80e05214,good,v2
2596,zhang,zhang,ac286729-6fce-477b-9138-a49b80e05214,ifgsm,9463363154
2597,ifgsm,zhang,ac286729-6fce-477b-9138-a49b80e05214,ifgsm,6027104916
2598,korhonen,ifgsm,ac286729-6fce-477b-9138-a49b80e05214,korhonen,5130906829
2599,clear,ifgsm,ac286729-6fce-477b-9138-a49b80e05214,clear,4424481742
2600,zhang,ifgsm,ac286729-6fce-477b-9138-a49b80e05214,zhang,7160553409
2601,zhang,zhang,ac286729-6fce-477b-9138-a49b80e05214,ifgsm,9214795039
2602,zhang,ifgsm,ac286729-6fce-477b-9138-a49b80e05214,zhang,5906203942
2603,clear,clear,ac286729-6fce-477b-9138-a49b80e05214,ifgsm,6995068299
2604,good,bad,ac286729-6fce-477b-9138-a49b80e05214,good,v5
2605,ifgsm,ifgsm,ac286729-6fce-477b-9138-a49b80e05214,stadv,4633306112
2606,ifgsm,ifgsm,ac286729-6fce-477b-9138-a49b80e05214,stadv,6285601097
2607,ifgsm,stadv,ac286729-6fce-477b-9138-a49b80e05214,ifgsm,4796228876
2608,fmgoat,fmgoat,ac286729-6fce-477b-9138-a49b80e05214,ifgsm,8348001072
2609,good,good,ac286729-6fce-477b-9138-a49b80e05214,bad,v2
2610,zhang,zhang,c9043531-2745-463c-835a-6dc654c17452,ifgsm,2612353606
2611,korhonen,ifgsm,c9043531-2745-463c-835a-6dc654c17452,korhonen,4796228876
2612,clear,korhonen,c9043531-2745-463c-835a-6dc654c17452,clear,2640025600
2613,zhang,ifgsm,c9043531-2745-463c-835a-6dc654c17452,zhang,2580252988
2614,zhang,ifgsm,c9043531-2745-463c-835a-6dc654c17452,zhang,3309384812
2615,clear,ifgsm,c9043531-2745-463c-835a-6dc654c17452,clear,7160553409
2616,korhonen,ifgsm,c9043531-2745-463c-835a-6dc654c17452,korhonen,4598385226
2617,good,good,c9043531-2745-463c-835a-6dc654c17452,bad,v6
2618,korhonen,korhonen,c9043531-2745-463c-835a-6dc654c17452,stadv,6995068299
2619,fmgoat,ifgsm,c9043531-2745-463c-835a-6dc654c17452,fmgoat,9463363154
2620,korhonen,korhonen,c9043531-2745-463c-835a-6dc654c17452,ifgsm,9716988368
2621,clear,ifgsm,c9043531-2745-463c-835a-6dc654c17452,clear,8348001072
2622,ifgsm,ifgsm,c9043531-2745-463c-835a-6dc654c17452,stadv,2909358760
2623,ifgsm,ifgsm,c9043531-2745-463c-835a-6dc654c17452,stadv,4633306112
2624,clear,clear,c9043531-2745-463c-835a-6dc654c17452,ifgsm,5130906829
2625,fmgoat,ifgsm,c9043531-2745-463c-835a-6dc654c17452,fmgoat,4519546786
2626,clear,ifgsm,c9043531-2745-463c-835a-6dc654c17452,clear,9469622762
2627,clear,ifgsm,c9043531-2745-463c-835a-6dc654c17452,clear,8597381500
2628,good,good,c9043531-2745-463c-835a-6dc654c17452,bad,v7
2629,korhonen,korhonen,c9043531-2745-463c-835a-6dc654c17452,ifgsm,10880314705
2630,good,good,c9043531-2745-463c-835a-6dc654c17452,bad,v2
2631,fmgoat,ifgsm,c9043531-2745-463c-835a-6dc654c17452,fmgoat,6077930890
2632,korhonen,korhonen,c9043531-2745-463c-835a-6dc654c17452,ifgsm,6285601097
2633,zhang,ifgsm,c9043531-2745-463c-835a-6dc654c17452,zhang,9214795039
2634,ifgsm,stadv,c9043531-2745-463c-835a-6dc654c17452,ifgsm,5494503911
2635,stadv,ifgsm,3d1055e1-a24b-48ad-8513-8133ce0baa62,stadv,9463363154
2636,zhang,zhang,3d1055e1-a24b-48ad-8513-8133ce0baa62,ifgsm,3567613299
2637,good,bad,3d1055e1-a24b-48ad-8513-8133ce0baa62,good,v5
2638,ifgsm,ifgsm,3d1055e1-a24b-48ad-8513-8133ce0baa62,stadv,9716988368
2639,ifgsm,ifgsm,3d1055e1-a24b-48ad-8513-8133ce0baa62,stadv,2909358760
2640,clear,ifgsm,3d1055e1-a24b-48ad-8513-8133ce0baa62,clear,3309384812
2641,zhang,ifgsm,3d1055e1-a24b-48ad-8513-8133ce0baa62,zhang,4598385226
2642,zhang,zhang,3d1055e1-a24b-48ad-8513-8133ce0baa62,ifgsm,6995068299
2643,clear,korhonen,3d1055e1-a24b-48ad-8513-8133ce0baa62,clear,10880314705
2644,clear,stadv,3d1055e1-a24b-48ad-8513-8133ce0baa62,clear,5494503911
2645,good,good,3d1055e1-a24b-48ad-8513-8133ce0baa62,bad,v6
2646,clear,clear,3d1055e1-a24b-48ad-8513-8133ce0baa62,ifgsm,5906203942
2647,ifgsm,stadv,3d1055e1-a24b-48ad-8513-8133ce0baa62,ifgsm,4796228876
2648,zhang,ifgsm,3d1055e1-a24b-48ad-8513-8133ce0baa62,zhang,8351568109
2649,ifgsm,stadv,3d1055e1-a24b-48ad-8513-8133ce0baa62,ifgsm,4107566763
2650,korhonen,korhonen,3d1055e1-a24b-48ad-8513-8133ce0baa62,ifgsm,4842717407
2651,korhonen,ifgsm,3d1055e1-a24b-48ad-8513-8133ce0baa62,korhonen,8348001072
2652,clear,clear,3d1055e1-a24b-48ad-8513-8133ce0baa62,ifgsm,9469622762
2653,zhang,zhang,3d1055e1-a24b-48ad-8513-8133ce0baa62,ifgsm,2640025600
2654,good,good,3d1055e1-a24b-48ad-8513-8133ce0baa62,bad,v1
2655,ifgsm,stadv,3d1055e1-a24b-48ad-8513-8133ce0baa62,ifgsm,2580252988
2656,ifgsm,ifgsm,3d1055e1-a24b-48ad-8513-8133ce0baa62,fmgoat,9214795039
2657,clear,clear,3d1055e1-a24b-48ad-8513-8133ce0baa62,ifgsm,2612353606
2658,fmgoat,fmgoat,3d1055e1-a24b-48ad-8513-8133ce0baa62,ifgsm,6285601097
2659,korhonen,korhonen,3d1055e1-a24b-48ad-8513-8133ce0baa62,ifgsm,8597381500
2660,ifgsm,korhonen,e2dede33-8422-4875-bfee-95f88f582cf5,ifgsm,2909358760
2661,fmgoat,ifgsm,e2dede33-8422-4875-bfee-95f88f582cf5,fmgoat,4796228876
2662,clear,clear,e2dede33-8422-4875-bfee-95f88f582cf5,ifgsm,4842717407
2663,korhonen,korhonen,e2dede33-8422-4875-bfee-95f88f582cf5,ifgsm,6285601097
2664,korhonen,clear,e2dede33-8422-4875-bfee-95f88f582cf5,korhonen,2640025600
2665,good,bad,e2dede33-8422-4875-bfee-95f88f582cf5,good,v1
2666,good,good,e2dede33-8422-4875-bfee-95f88f582cf5,bad,v5
2667,korhonen,korhonen,e2dede33-8422-4875-bfee-95f88f582cf5,ifgsm,5130906829
2668,fmgoat,fmgoat,e2dede33-8422-4875-bfee-95f88f582cf5,clear,6995068299
2669,clear,fmgoat,e2dede33-8422-4875-bfee-95f88f582cf5,clear,2612353606
2670,fmgoat,fmgoat,e2dede33-8422-4875-bfee-95f88f582cf5,ifgsm,5906203942
2671,clear,clear,e2dede33-8422-4875-bfee-95f88f582cf5,ifgsm,6027104916
2672,stadv,ifgsm,e2dede33-8422-4875-bfee-95f88f582cf5,stadv,3309384812
2673,ifgsm,ifgsm,e2dede33-8422-4875-bfee-95f88f582cf5,stadv,8351568109
2674,clear,ifgsm,e2dede33-8422-4875-bfee-95f88f582cf5,clear,9716988368
2675,fmgoat,fmgoat,e2dede33-8422-4875-bfee-95f88f582cf5,stadv,10880314705
2676,clear,ifgsm,e2dede33-8422-4875-bfee-95f88f582cf5,clear,2580252988
2677,clear,clear,e2dede33-8422-4875-bfee-95f88f582cf5,ifgsm,8179375247
2678,fmgoat,ifgsm,e2dede33-8422-4875-bfee-95f88f582cf5,fmgoat,3567613299
2679,korhonen,korhonen,e2dede33-8422-4875-bfee-95f88f582cf5,ifgsm,9214795039
2680,korhonen,stadv,e2dede33-8422-4875-bfee-95f88f582cf5,korhonen,5494503911
2681,fmgoat,ifgsm,e2dede33-8422-4875-bfee-95f88f582cf5,fmgoat,4107566763
2682,good,bad,e2dede33-8422-4875-bfee-95f88f582cf5,good,v2
2683,ifgsm,clear,e2dede33-8422-4875-bfee-95f88f582cf5,ifgsm,4633306112
2684,korhonen,korhonen,e2dede33-8422-4875-bfee-95f88f582cf5,ifgsm,9469622762
2685,fmgoat,fmgoat,8fee009e-e3fb-4d83-b76f-6194c450109d,ifgsm,8179375247
2686,zhang,zhang,8fee009e-e3fb-4d83-b76f-6194c450109d,ifgsm,9716988368
2687,good,good,8fee009e-e3fb-4d83-b76f-6194c450109d,bad,v1
2688,clear,clear,8fee009e-e3fb-4d83-b76f-6194c450109d,korhonen,6995068299
2689,clear,clear,8fee009e-e3fb-4d83-b76f-6194c450109d,ifgsm,2580252988
2690,clear,korhonen,8fee009e-e3fb-4d83-b76f-6194c450109d,clear,2612353606
2691,good,good,8fee009e-e3fb-4d83-b76f-6194c450109d,bad,v3
2692,fmgoat,fmgoat,8fee009e-e3fb-4d83-b76f-6194c450109d,clear,2640025600
2693,fmgoat,stadv,8fee009e-e3fb-4d83-b76f-6194c450109d,fmgoat,5494503911
2694,ifgsm,ifgsm,8fee009e-e3fb-4d83-b76f-6194c450109d,stadv,4519546786
2695,fmgoat,fmgoat,8fee009e-e3fb-4d83-b76f-6194c450109d,ifgsm,7160553409
2696,zhang,ifgsm,8fee009e-e3fb-4d83-b76f-6194c450109d,zhang,4842717407
2697,korhonen,korhonen,8fee009e-e3fb-4d83-b76f-6194c450109d,ifgsm,4633306112
2698,korhonen,korhonen,8fee009e-e3fb-4d83-b76f-6194c450109d,ifgsm,3309384812
2699,korhonen,ifgsm,8fee009e-e3fb-4d83-b76f-6194c450109d,korhonen,8348001072
2700,clear,ifgsm,8fee009e-e3fb-4d83-b76f-6194c450109d,clear,4424481742
2701,zhang,zhang,8fee009e-e3fb-4d83-b76f-6194c450109d,ifgsm,10880314705
2702,fmgoat,ifgsm,8fee009e-e3fb-4d83-b76f-6194c450109d,fmgoat,6027104916
2703,clear,ifgsm,8fee009e-e3fb-4d83-b76f-6194c450109d,clear,3567613299
2704,zhang,ifgsm,8fee009e-e3fb-4d83-b76f-6194c450109d,zhang,8597381500
2705,clear,ifgsm,8fee009e-e3fb-4d83-b76f-6194c450109d,clear,9214795039
2706,good,bad,8fee009e-e3fb-4d83-b76f-6194c450109d,good,v5
2707,ifgsm,ifgsm,8fee009e-e3fb-4d83-b76f-6194c450109d,stadv,4107566763
2708,zhang,zhang,8fee009e-e3fb-4d83-b76f-6194c450109d,ifgsm,2909358760
2709,zhang,zhang,8fee009e-e3fb-4d83-b76f-6194c450109d,ifgsm,5130906829
2710,zhang,zhang,fb15efde-837a-4c20-a9d7-a19454d91d74,stadv,6995068299
2711,korhonen,ifgsm,fb15efde-837a-4c20-a9d7-a19454d91d74,korhonen,8597381500
2712,ifgsm,ifgsm,fb15efde-837a-4c20-a9d7-a19454d91d74,fmgoat,6077930890
2713,korhonen,ifgsm,fb15efde-837a-4c20-a9d7-a19454d91d74,korhonen,9469622762
2714,ifgsm,stadv,fb15efde-837a-4c20-a9d7-a19454d91d74,ifgsm,5906203942
2715,korhonen,korhonen,fb15efde-837a-4c20-a9d7-a19454d91d74,ifgsm,2909358760
2716,good,bad,fb15efde-837a-4c20-a9d7-a19454d91d74,good,v4
2717,zhang,zhang,fb15efde-837a-4c20-a9d7-a19454d91d74,ifgsm,8351568109
2718,ifgsm,stadv,fb15efde-837a-4c20-a9d7-a19454d91d74,ifgsm,4633306112
2719,good,bad,fb15efde-837a-4c20-a9d7-a19454d91d74,good,v2
2720,fmgoat,fmgoat,fb15efde-837a-4c20-a9d7-a19454d91d74,korhonen,10880314705
2721,fmgoat,fmgoat,fb15efde-837a-4c20-a9d7-a19454d91d74,ifgsm,4598385226
2722,korhonen,stadv,fb15efde-837a-4c20-a9d7-a19454d91d74,korhonen,5494503911
2723,ifgsm,stadv,fb15efde-837a-4c20-a9d7-a19454d91d74,ifgsm,4519546786
2724,clear,ifgsm,fb15efde-837a-4c20-a9d7-a19454d91d74,clear,4796228876
2725,zhang,zhang,fb15efde-837a-4c20-a9d7-a19454d91d74,ifgsm,4107566763
2726,korhonen,korhonen,fb15efde-837a-4c20-a9d7-a19454d91d74,zhang,2612353606
2727,zhang,ifgsm,fb15efde-837a-4c20-a9d7-a19454d91d74,zhang,2580252988
2728,ifgsm,stadv,fb15efde-837a-4c20-a9d7-a19454d91d74,ifgsm,6027104916
2729,ifgsm,stadv,fb15efde-837a-4c20-a9d7-a19454d91d74,ifgsm,8348001072
2730,korhonen,ifgsm,fb15efde-837a-4c20-a9d7-a19454d91d74,korhonen,9463363154
2731,ifgsm,fmgoat,fb15efde-837a-4c20-a9d7-a19454d91d74,ifgsm,4842717407
2732,korhonen,ifgsm,fb15efde-837a-4c20-a9d7-a19454d91d74,korhonen,5130906829
2733,good,bad,fb15efde-837a-4c20-a9d7-a19454d91d74,good,v3
2734,zhang,zhang,fb15efde-837a-4c20-a9d7-a19454d91d74,stadv,2640025600
2735,,clear,c626d8e9-59a4-4932-a4cf-b16b0c42817b,ifgsm,6027104916
2736,korhonen,ifgsm,c626d8e9-59a4-4932-a4cf-b16b0c42817b,korhonen,3567613299
2737,ifgsm,ifgsm,c626d8e9-59a4-4932-a4cf-b16b0c42817b,stadv,4842717407
2738,zhang,zhang,c626d8e9-59a4-4932-a4cf-b16b0c42817b,ifgsm,4598385226
2739,ifgsm,stadv,c626d8e9-59a4-4932-a4cf-b16b0c42817b,ifgsm,8179375247
2740,clear,zhang,c626d8e9-59a4-4932-a4cf-b16b0c42817b,clear,10880314705
2741,clear,clear,c626d8e9-59a4-4932-a4cf-b16b0c42817b,ifgsm,4424481742
2742,fmgoat,stadv,c626d8e9-59a4-4932-a4cf-b16b0c42817b,fmgoat,5494503911
2743,clear,ifgsm,c626d8e9-59a4-4932-a4cf-b16b0c42817b,clear,9469622762
2744,ifgsm,fmgoat,c626d8e9-59a4-4932-a4cf-b16b0c42817b,ifgsm,8597381500
2745,fmgoat,fmgoat,c626d8e9-59a4-4932-a4cf-b16b0c42817b,ifgsm,4796228876
2746,clear,ifgsm,c626d8e9-59a4-4932-a4cf-b16b0c42817b,clear,4519546786
2747,zhang,zhang,c626d8e9-59a4-4932-a4cf-b16b0c42817b,ifgsm,2612353606
2748,zhang,ifgsm,c626d8e9-59a4-4932-a4cf-b16b0c42817b,zhang,2909358760
2749,zhang,ifgsm,c626d8e9-59a4-4932-a4cf-b16b0c42817b,zhang,6077930890
2750,good,good,c626d8e9-59a4-4932-a4cf-b16b0c42817b,bad,v5
2751,good,good,c626d8e9-59a4-4932-a4cf-b16b0c42817b,bad,v6
2752,good,bad,c626d8e9-59a4-4932-a4cf-b16b0c42817b,good,v2
2753,,zhang,c626d8e9-59a4-4932-a4cf-b16b0c42817b,ifgsm,5130906829
2754,clear,ifgsm,c626d8e9-59a4-4932-a4cf-b16b0c42817b,clear,9463363154
2755,fmgoat,fmgoat,c626d8e9-59a4-4932-a4cf-b16b0c42817b,ifgsm,2640025600
2756,ifgsm,ifgsm,c626d8e9-59a4-4932-a4cf-b16b0c42817b,stadv,6285601097
2757,korhonen,fmgoat,c626d8e9-59a4-4932-a4cf-b16b0c42817b,korhonen,6995068299
2758,ifgsm,fmgoat,c626d8e9-59a4-4932-a4cf-b16b0c42817b,ifgsm,2580252988
2759,stadv,ifgsm,c626d8e9-59a4-4932-a4cf-b16b0c42817b,stadv,8348001072
2760,zhang,zhang,6791931d-01d3-453b-bc76-2e1eec194e1b,ifgsm,8597381500
2761,stadv,stadv,6791931d-01d3-453b-bc76-2e1eec194e1b,ifgsm,4796228876
2762,clear,clear,6791931d-01d3-453b-bc76-2e1eec194e1b,fmgoat,2640025600
2763,clear,clear,6791931d-01d3-453b-bc76-2e1eec194e1b,ifgsm,7160553409
2764,clear,ifgsm,6791931d-01d3-453b-bc76-2e1eec194e1b,clear,8348001072
2765,ifgsm,stadv,6791931d-01d3-453b-bc76-2e1eec194e1b,ifgsm,8351568109
2766,korhonen,korhonen,6791931d-01d3-453b-bc76-2e1eec194e1b,ifgsm,4519546786
2767,korhonen,ifgsm,6791931d-01d3-453b-bc76-2e1eec194e1b,korhonen,6077930890
2768,ifgsm,stadv,6791931d-01d3-453b-bc76-2e1eec194e1b,ifgsm,6285601097
2769,korhonen,zhang,6791931d-01d3-453b-bc76-2e1eec194e1b,korhonen,5494503911
2770,ifgsm,stadv,6791931d-01d3-453b-bc76-2e1eec194e1b,ifgsm,9214795039
2771,clear,ifgsm,6791931d-01d3-453b-bc76-2e1eec194e1b,clear,4424481742
2772,korhonen,korhonen,6791931d-01d3-453b-bc76-2e1eec194e1b,ifgsm,9469622762
2773,korhonen,korhonen,6791931d-01d3-453b-bc76-2e1eec194e1b,ifgsm,4107566763
2774,ifgsm,ifgsm,6791931d-01d3-453b-bc76-2e1eec194e1b,stadv,4633306112
2775,good,good,6791931d-01d3-453b-bc76-2e1eec194e1b,bad,v2
2776,zhang,ifgsm,6791931d-01d3-453b-bc76-2e1eec194e1b,zhang,3567613299
2777,korhonen,korhonen,6791931d-01d3-453b-bc76-2e1eec194e1b,zhang,6995068299
2778,stadv,stadv,6791931d-01d3-453b-bc76-2e1eec194e1b,ifgsm,5130906829
2779,fmgoat,ifgsm,6791931d-01d3-453b-bc76-2e1eec194e1b,fmgoat,2909358760
2780,ifgsm,ifgsm,6791931d-01d3-453b-bc76-2e1eec194e1b,stadv,6027104916
2781,fmgoat,fmgoat,6791931d-01d3-453b-bc76-2e1eec194e1b,stadv,10880314705
2782,ifgsm,stadv,6791931d-01d3-453b-bc76-2e1eec194e1b,ifgsm,2612353606
2783,good,good,6791931d-01d3-453b-bc76-2e1eec194e1b,bad,v6
2784,good,good,6791931d-01d3-453b-bc76-2e1eec194e1b,bad,v4
2785,korhonen,korhonen,0b3e8392-c464-435a-b02f-75dba679ce33,ifgsm,4519546786
2786,fmgoat,stadv,0b3e8392-c464-435a-b02f-75dba679ce33,fmgoat,2640025600
2787,good,bad,0b3e8392-c464-435a-b02f-75dba679ce33,good,v1
2788,korhonen,ifgsm,0b3e8392-c464-435a-b02f-75dba679ce33,korhonen,2580252988
2789,korhonen,ifgsm,0b3e8392-c464-435a-b02f-75dba679ce33,korhonen,5130906829
2790,zhang,ifgsm,0b3e8392-c464-435a-b02f-75dba679ce33,zhang,8179375247
2791,ifgsm,ifgsm,0b3e8392-c464-435a-b02f-75dba679ce33,stadv,4424481742
2792,good,bad,0b3e8392-c464-435a-b02f-75dba679ce33,good,v6
2793,fmgoat,fmgoat,0b3e8392-c464-435a-b02f-75dba679ce33,ifgsm,6285601097
2794,ifgsm,fmgoat,0b3e8392-c464-435a-b02f-75dba679ce33,ifgsm,4633306112
2795,korhonen,korhonen,0b3e8392-c464-435a-b02f-75dba679ce33,fmgoat,6995068299
2796,clear,clear,0b3e8392-c464-435a-b02f-75dba679ce33,ifgsm,4842717407
2797,clear,ifgsm,0b3e8392-c464-435a-b02f-75dba679ce33,clear,3309384812
2798,korhonen,ifgsm,0b3e8392-c464-435a-b02f-75dba679ce33,korhonen,2612353606
2799,fmgoat,ifgsm,0b3e8392-c464-435a-b02f-75dba679ce33,fmgoat,8348001072
2800,good,bad,0b3e8392-c464-435a-b02f-75dba679ce33,good,v6
2801,ifgsm,ifgsm,0b3e8392-c464-435a-b02f-75dba679ce33,stadv,7160553409
2802,clear,ifgsm,0b3e8392-c464-435a-b02f-75dba679ce33,clear,10880314705
2803,korhonen,ifgsm,0b3e8392-c464-435a-b02f-75dba679ce33,korhonen,6077930890
2804,korhonen,ifgsm,0b3e8392-c464-435a-b02f-75dba679ce33,korhonen,4598385226
2805,ifgsm,ifgsm,0b3e8392-c464-435a-b02f-75dba679ce33,stadv,4107566763
2806,clear,clear,0b3e8392-c464-435a-b02f-75dba679ce33,stadv,5494503911
2807,zhang,zhang,0b3e8392-c464-435a-b02f-75dba679ce33,ifgsm,9469622762
2808,korhonen,ifgsm,0b3e8392-c464-435a-b02f-75dba679ce33,korhonen,8597381500
2809,ifgsm,ifgsm,0b3e8392-c464-435a-b02f-75dba679ce33,stadv,9214795039
2810,zhang,zhang,9d410209-e047-4313-b87d-ef3c8a849b90,ifgsm,3567613299
2811,zhang,zhang,9d410209-e047-4313-b87d-ef3c8a849b90,ifgsm,4598385226
2812,clear,clear,9d410209-e047-4313-b87d-ef3c8a849b90,fmgoat,10880314705
2813,ifgsm,fmgoat,9d410209-e047-4313-b87d-ef3c8a849b90,ifgsm,8597381500
2814,korhonen,korhonen,9d410209-e047-4313-b87d-ef3c8a849b90,ifgsm,6027104916
2815,fmgoat,korhonen,9d410209-e047-4313-b87d-ef3c8a849b90,fmgoat,2612353606
2816,zhang,zhang,9d410209-e047-4313-b87d-ef3c8a849b90,ifgsm,8179375247
2817,clear,ifgsm,9d410209-e047-4313-b87d-ef3c8a849b90,clear,9463363154
2818,clear,clear,9d410209-e047-4313-b87d-ef3c8a849b90,ifgsm,3309384812
2819,good,bad,9d410209-e047-4313-b87d-ef3c8a849b90,good,v2
2820,zhang,zhang,9d410209-e047-4313-b87d-ef3c8a849b90,ifgsm,9469622762
2821,korhonen,korhonen,9d410209-e047-4313-b87d-ef3c8a849b90,ifgsm,4796228876
2822,good,good,9d410209-e047-4313-b87d-ef3c8a849b90,bad,v4
2823,clear,fmgoat,9d410209-e047-4313-b87d-ef3c8a849b90,clear,6995068299
2824,zhang,ifgsm,9d410209-e047-4313-b87d-ef3c8a849b90,zhang,8348001072
2825,korhonen,ifgsm,9d410209-e047-4313-b87d-ef3c8a849b90,korhonen,4633306112
2826,korhonen,korhonen,9d410209-e047-4313-b87d-ef3c8a849b90,ifgsm,8351568109
2827,ifgsm,ifgsm,9d410209-e047-4313-b87d-ef3c8a849b90,fmgoat,4842717407
2828,good,good,9d410209-e047-4313-b87d-ef3c8a849b90,bad,v7
2829,clear,clear,9d410209-e047-4313-b87d-ef3c8a849b90,ifgsm,6077930890
2830,stadv,ifgsm,9d410209-e047-4313-b87d-ef3c8a849b90,stadv,2640025600
2831,fmgoat,fmgoat,9d410209-e047-4313-b87d-ef3c8a849b90,ifgsm,7160553409
2832,ifgsm,stadv,9d410209-e047-4313-b87d-ef3c8a849b90,ifgsm,5494503911
2833,fmgoat,fmgoat,9d410209-e047-4313-b87d-ef3c8a849b90,ifgsm,5906203942
2834,korhonen,korhonen,9d410209-e047-4313-b87d-ef3c8a849b90,ifgsm,6285601097
2835,good,bad,47b572ed-1b8f-415d-96d9-ac1e9e5e0fc0,good,v1
2836,fmgoat,stadv,47b572ed-1b8f-415d-96d9-ac1e9e5e0fc0,fmgoat,2612353606
2837,good,good,47b572ed-1b8f-415d-96d9-ac1e9e5e0fc0,bad,v7
2838,korhonen,ifgsm,47b572ed-1b8f-415d-96d9-ac1e9e5e0fc0,korhonen,2640025600
2839,korhonen,ifgsm,47b572ed-1b8f-415d-96d9-ac1e9e5e0fc0,korhonen,4796228876
2840,fmgoat,fmgoat,47b572ed-1b8f-415d-96d9-ac1e9e5e0fc0,ifgsm,7160553409
2841,ifgsm,clear,47b572ed-1b8f-415d-96d9-ac1e9e5e0fc0,ifgsm,9716988368
2842,clear,ifgsm,47b572ed-1b8f-415d-96d9-ac1e9e5e0fc0,clear,4842717407
2843,korhonen,korhonen,47b572ed-1b8f-415d-96d9-ac1e9e5e0fc0,ifgsm,5130906829
2844,korhonen,stadv,47b572ed-1b8f-415d-96d9-ac1e9e5e0fc0,korhonen,6995068299
2845,korhonen,ifgsm,47b572ed-1b8f-415d-96d9-ac1e9e5e0fc0,korhonen,8179375247
2846,fmgoat,ifgsm,47b572ed-1b8f-415d-96d9-ac1e9e5e0fc0,fmgoat,8351568109
2847,zhang,ifgsm,47b572ed-1b8f-415d-96d9-ac1e9e5e0fc0,zhang,9469622762
2848,clear,korhonen,47b572ed-1b8f-415d-96d9-ac1e9e5e0fc0,clear,10880314705
2849,zhang,zhang,47b572ed-1b8f-415d-96d9-ac1e9e5e0fc0,ifgsm,8597381500
2850,zhang,zhang,47b572ed-1b8f-415d-96d9-ac1e9e5e0fc0,ifgsm,2580252988
2851,fmgoat,fmgoat,47b572ed-1b8f-415d-96d9-ac1e9e5e0fc0,ifgsm,3567613299
2852,korhonen,korhonen,47b572ed-1b8f-415d-96d9-ac1e9e5e0fc0,ifgsm,4598385226
2853,good,good,47b572ed-1b8f-415d-96d9-ac1e9e5e0fc0,bad,v3
2854,zhang,zhang,47b572ed-1b8f-415d-96d9-ac1e9e5e0fc0,ifgsm,6077930890
2855,fmgoat,ifgsm,47b572ed-1b8f-415d-96d9-ac1e9e5e0fc0,fmgoat,6027104916
2856,zhang,ifgsm,47b572ed-1b8f-415d-96d9-ac1e9e5e0fc0,zhang,4424481742
2857,zhang,zhang,47b572ed-1b8f-415d-96d9-ac1e9e5e0fc0,ifgsm,5494503911
2858,ifgsm,ifgsm,47b572ed-1b8f-415d-96d9-ac1e9e5e0fc0,stadv,2909358760
2859,korhonen,korhonen,47b572ed-1b8f-415d-96d9-ac1e9e5e0fc0,ifgsm,4107566763
2860,,korhonen,5381bbd8-3521-48d0-b8ac-0cd5f778f3ea,ifgsm,3309384812
2861,,clear,5381bbd8-3521-48d0-b8ac-0cd5f778f3ea,zhang,2640025600
2862,,ifgsm,5381bbd8-3521-48d0-b8ac-0cd5f778f3ea,zhang,4796228876
2863,,korhonen,5381bbd8-3521-48d0-b8ac-0cd5f778f3ea,fmgoat,5494503911
2864,good,bad,5381bbd8-3521-48d0-b8ac-0cd5f778f3ea,good,v3
2865,zhang,ifgsm,5381bbd8-3521-48d0-b8ac-0cd5f778f3ea,zhang,4633306112
2866,fmgoat,fmgoat,5381bbd8-3521-48d0-b8ac-0cd5f778f3ea,ifgsm,6077930890
2867,ifgsm,stadv,5381bbd8-3521-48d0-b8ac-0cd5f778f3ea,ifgsm,6285601097
2868,clear,ifgsm,5381bbd8-3521-48d0-b8ac-0cd5f778f3ea,clear,9716988368
2869,fmgoat,zhang,5381bbd8-3521-48d0-b8ac-0cd5f778f3ea,fmgoat,2612353606
2870,good,good,5381bbd8-3521-48d0-b8ac-0cd5f778f3ea,bad,v3
2871,fmgoat,ifgsm,5381bbd8-3521-48d0-b8ac-0cd5f778f3ea,fmgoat,6027104916
2872,korhonen,korhonen,5381bbd8-3521-48d0-b8ac-0cd5f778f3ea,ifgsm,9463363154
2873,korhonen,ifgsm,5381bbd8-3521-48d0-b8ac-0cd5f778f3ea,korhonen,4424481742
2874,fmgoat,ifgsm,5381bbd8-3521-48d0-b8ac-0cd5f778f3ea,fmgoat,8348001072
2875,korhonen,korhonen,5381bbd8-3521-48d0-b8ac-0cd5f778f3ea,ifgsm,8351568109
2876,fmgoat,fmgoat,5381bbd8-3521-48d0-b8ac-0cd5f778f3ea,ifgsm,10880314705
2877,ifgsm,ifgsm,5381bbd8-3521-48d0-b8ac-0cd5f778f3ea,stadv,6995068299
2878,,zhang,5381bbd8-3521-48d0-b8ac-0cd5f778f3ea,ifgsm,9469622762
2879,ifgsm,fmgoat,5381bbd8-3521-48d0-b8ac-0cd5f778f3ea,ifgsm,4842717407
2880,clear,clear,5381bbd8-3521-48d0-b8ac-0cd5f778f3ea,ifgsm,3567613299
2881,good,bad,5381bbd8-3521-48d0-b8ac-0cd5f778f3ea,good,v3
2882,ifgsm,ifgsm,5381bbd8-3521-48d0-b8ac-0cd5f778f3ea,stadv,5130906829
2883,clear,ifgsm,5381bbd8-3521-48d0-b8ac-0cd5f778f3ea,clear,4107566763
2884,zhang,zhang,5381bbd8-3521-48d0-b8ac-0cd5f778f3ea,ifgsm,4519546786
2885,ifgsm,ifgsm,f5317691-9214-4e72-bf1e-3a45332248bd,stadv,3567613299
2886,korhonen,ifgsm,f5317691-9214-4e72-bf1e-3a45332248bd,korhonen,2612353606
2887,ifgsm,stadv,f5317691-9214-4e72-bf1e-3a45332248bd,ifgsm,3309384812
2888,clear,ifgsm,f5317691-9214-4e72-bf1e-3a45332248bd,clear,4424481742
2889,good,good,f5317691-9214-4e72-bf1e-3a45332248bd,bad,v2
2890,stadv,stadv,f5317691-9214-4e72-bf1e-3a45332248bd,ifgsm,7160553409
2891,clear,clear,f5317691-9214-4e72-bf1e-3a45332248bd,ifgsm,2580252988
2892,ifgsm,stadv,f5317691-9214-4e72-bf1e-3a45332248bd,ifgsm,4796228876
2893,fmgoat,fmgoat,f5317691-9214-4e72-bf1e-3a45332248bd,ifgsm,4519546786
2894,ifgsm,stadv,f5317691-9214-4e72-bf1e-3a45332248bd,ifgsm,6077930890
2895,clear,fmgoat,f5317691-9214-4e72-bf1e-3a45332248bd,clear,10880314705
2896,good,good,f5317691-9214-4e72-bf1e-3a45332248bd,bad,v3
2897,ifgsm,zhang,f5317691-9214-4e72-bf1e-3a45332248bd,ifgsm,9716988368
2898,korhonen,korhonen,f5317691-9214-4e72-bf1e-3a45332248bd,ifgsm,8597381500
2899,clear,clear,f5317691-9214-4e72-bf1e-3a45332248bd,ifgsm,5130906829
2900,ifgsm,stadv,f5317691-9214-4e72-bf1e-3a45332248bd,ifgsm,5494503911
2901,zhang,zhang,f5317691-9214-4e72-bf1e-3a45332248bd,ifgsm,4842717407
2902,good,bad,f5317691-9214-4e72-bf1e-3a45332248bd,good,v7
2903,korhonen,ifgsm,f5317691-9214-4e72-bf1e-3a45332248bd,korhonen,4107566763
2904,ifgsm,ifgsm,f5317691-9214-4e72-bf1e-3a45332248bd,stadv,6285601097
2905,fmgoat,fmgoat,f5317691-9214-4e72-bf1e-3a45332248bd,korhonen,2640025600
2906,ifgsm,stadv,f5317691-9214-4e72-bf1e-3a45332248bd,ifgsm,9214795039
2907,ifgsm,fmgoat,f5317691-9214-4e72-bf1e-3a45332248bd,ifgsm,9463363154
2908,zhang,ifgsm,f5317691-9214-4e72-bf1e-3a45332248bd,zhang,5906203942
2909,clear,fmgoat,f5317691-9214-4e72-bf1e-3a45332248bd,clear,6995068299
2910,good,good,ef6d743b-3921-4194-bf3a-eaae8023197c,bad,v7
2911,ifgsm,fmgoat,ef6d743b-3921-4194-bf3a-eaae8023197c,ifgsm,9214795039
2912,clear,clear,ef6d743b-3921-4194-bf3a-eaae8023197c,ifgsm,4107566763
2913,clear,ifgsm,ef6d743b-3921-4194-bf3a-eaae8023197c,clear,4107566763
2914,good,good,ef6d743b-3921-4194-bf3a-eaae8023197c,bad,v6
2915,clear,korhonen,ef6d743b-3921-4194-bf3a-eaae8023197c,clear,5494503911
2916,zhang,zhang,ef6d743b-3921-4194-bf3a-eaae8023197c,ifgsm,10880314705
2917,ifgsm,ifgsm,ef6d743b-3921-4194-bf3a-eaae8023197c,stadv,5130906829
2918,fmgoat,ifgsm,ef6d743b-3921-4194-bf3a-eaae8023197c,fmgoat,4598385226
2919,korhonen,zhang,ef6d743b-3921-4194-bf3a-eaae8023197c,korhonen,2640025600
2920,fmgoat,fmgoat,ef6d743b-3921-4194-bf3a-eaae8023197c,ifgsm,6995068299
2921,good,good,ef6d743b-3921-4194-bf3a-eaae8023197c,bad,v4
2922,clear,clear,ef6d743b-3921-4194-bf3a-eaae8023197c,korhonen,5494503911
2923,korhonen,korhonen,ef6d743b-3921-4194-bf3a-eaae8023197c,ifgsm,10880314705
2924,ifgsm,fmgoat,ef6d743b-3921-4194-bf3a-eaae8023197c,ifgsm,9214795039
2925,ifgsm,fmgoat,ef6d743b-3921-4194-bf3a-eaae8023197c,ifgsm,2580252988
2926,ifgsm,ifgsm,ef6d743b-3921-4194-bf3a-eaae8023197c,fmgoat,6995068299
2927,fmgoat,ifgsm,ef6d743b-3921-4194-bf3a-eaae8023197c,fmgoat,6995068299
2928,fmgoat,ifgsm,ef6d743b-3921-4194-bf3a-eaae8023197c,fmgoat,4598385226
2929,fmgoat,ifgsm,ef6d743b-3921-4194-bf3a-eaae8023197c,fmgoat,6995068299
2930,clear,korhonen,ef6d743b-3921-4194-bf3a-eaae8023197c,clear,2612353606
2931,korhonen,korhonen,ef6d743b-3921-4194-bf3a-eaae8023197c,zhang,2640025600
2932,clear,clear,ef6d743b-3921-4194-bf3a-eaae8023197c,korhonen,5494503911
2933,fmgoat,fmgoat,ef6d743b-3921-4194-bf3a-eaae8023197c,ifgsm,2909358760
2934,fmgoat,ifgsm,ef6d743b-3921-4194-bf3a-eaae8023197c,fmgoat,6995068299
2935,zhang,zhang,fe2f6322-b5f1-4335-ab6c-3275b31d2c27,stadv,10880314705
2936,zhang,ifgsm,fe2f6322-b5f1-4335-ab6c-3275b31d2c27,zhang,5906203942
2937,korhonen,korhonen,fe2f6322-b5f1-4335-ab6c-3275b31d2c27,zhang,2640025600
2938,korhonen,korhonen,fe2f6322-b5f1-4335-ab6c-3275b31d2c27,stadv,5494503911
2939,zhang,zhang,fe2f6322-b5f1-4335-ab6c-3275b31d2c27,ifgsm,10880314705
2940,fmgoat,ifgsm,fe2f6322-b5f1-4335-ab6c-3275b31d2c27,fmgoat,6995068299
2941,clear,clear,fe2f6322-b5f1-4335-ab6c-3275b31d2c27,stadv,10880314705
2942,korhonen,zhang,fe2f6322-b5f1-4335-ab6c-3275b31d2c27,korhonen,2640025600
2943,fmgoat,fmgoat,fe2f6322-b5f1-4335-ab6c-3275b31d2c27,ifgsm,6995068299
2944,korhonen,korhonen,fe2f6322-b5f1-4335-ab6c-3275b31d2c27,zhang,2640025600
2945,fmgoat,ifgsm,fe2f6322-b5f1-4335-ab6c-3275b31d2c27,fmgoat,6995068299
2946,fmgoat,fmgoat,fe2f6322-b5f1-4335-ab6c-3275b31d2c27,ifgsm,6995068299
2947,korhonen,ifgsm,fe2f6322-b5f1-4335-ab6c-3275b31d2c27,korhonen,10880314705
2948,korhonen,zhang,fe2f6322-b5f1-4335-ab6c-3275b31d2c27,korhonen,2612353606
2949,clear,clear,fe2f6322-b5f1-4335-ab6c-3275b31d2c27,korhonen,5494503911
2950,good,good,fe2f6322-b5f1-4335-ab6c-3275b31d2c27,bad,v5
2951,fmgoat,fmgoat,fe2f6322-b5f1-4335-ab6c-3275b31d2c27,ifgsm,10880314705
2952,korhonen,zhang,fe2f6322-b5f1-4335-ab6c-3275b31d2c27,korhonen,2612353606
2953,ifgsm,ifgsm,fe2f6322-b5f1-4335-ab6c-3275b31d2c27,fmgoat,9214795039
2954,fmgoat,fmgoat,fe2f6322-b5f1-4335-ab6c-3275b31d2c27,zhang,5494503911
2955,ifgsm,fmgoat,fe2f6322-b5f1-4335-ab6c-3275b31d2c27,ifgsm,5130906829
2956,good,good,fe2f6322-b5f1-4335-ab6c-3275b31d2c27,bad,v7
2957,korhonen,ifgsm,fe2f6322-b5f1-4335-ab6c-3275b31d2c27,korhonen,10880314705
2958,fmgoat,fmgoat,fe2f6322-b5f1-4335-ab6c-3275b31d2c27,ifgsm,6995068299
2959,good,bad,fe2f6322-b5f1-4335-ab6c-3275b31d2c27,good,v6
2960,,korhonen,60179a70-cff7-48e2-a334-685bb802f3ed,clear,5494503911
2961,korhonen,korhonen,60179a70-cff7-48e2-a334-685bb802f3ed,zhang,2640025600
2962,good,bad,60179a70-cff7-48e2-a334-685bb802f3ed,good,v1
2963,fmgoat,fmgoat,60179a70-cff7-48e2-a334-685bb802f3ed,ifgsm,6995068299
2964,good,bad,60179a70-cff7-48e2-a334-685bb802f3ed,good,v5
2965,fmgoat,ifgsm,60179a70-cff7-48e2-a334-685bb802f3ed,fmgoat,6995068299
2966,clear,korhonen,60179a70-cff7-48e2-a334-685bb802f3ed,clear,5494503911
2967,ifgsm,ifgsm,60179a70-cff7-48e2-a334-685bb802f3ed,fmgoat,9214795039
2968,clear,stadv,60179a70-cff7-48e2-a334-685bb802f3ed,clear,10880314705
2969,clear,clear,60179a70-cff7-48e2-a334-685bb802f3ed,stadv,10880314705
2970,fmgoat,ifgsm,60179a70-cff7-48e2-a334-685bb802f3ed,fmgoat,4598385226
2971,clear,korhonen,60179a70-cff7-48e2-a334-685bb802f3ed,clear,5494503911
2972,korhonen,korhonen,60179a70-cff7-48e2-a334-685bb802f3ed,zhang,2640025600
2973,ifgsm,fmgoat,60179a70-cff7-48e2-a334-685bb802f3ed,ifgsm,9214795039
2974,zhang,zhang,60179a70-cff7-48e2-a334-685bb802f3ed,ifgsm,4519546786
2975,fmgoat,ifgsm,60179a70-cff7-48e2-a334-685bb802f3ed,fmgoat,6995068299
2976,clear,clear,60179a70-cff7-48e2-a334-685bb802f3ed,korhonen,2612353606
2977,korhonen,korhonen,60179a70-cff7-48e2-a334-685bb802f3ed,zhang,2612353606
2978,clear,korhonen,60179a70-cff7-48e2-a334-685bb802f3ed,clear,2612353606
2979,korhonen,ifgsm,60179a70-cff7-48e2-a334-685bb802f3ed,korhonen,10880314705
2980,fmgoat,fmgoat,60179a70-cff7-48e2-a334-685bb802f3ed,ifgsm,4598385226
2981,clear,clear,60179a70-cff7-48e2-a334-685bb802f3ed,ifgsm,8351568109
2982,clear,korhonen,60179a70-cff7-48e2-a334-685bb802f3ed,clear,5494503911
2983,clear,ifgsm,60179a70-cff7-48e2-a334-685bb802f3ed,clear,4107566763
2984,good,bad,60179a70-cff7-48e2-a334-685bb802f3ed,good,v7
2985,good,good,b4c87247-1cf1-4083-a85b-870a3eee3931,bad,v7
2986,fmgoat,fmgoat,b4c87247-1cf1-4083-a85b-870a3eee3931,zhang,2640025600
2987,fmgoat,fmgoat,b4c87247-1cf1-4083-a85b-870a3eee3931,ifgsm,6285601097
2988,clear,clear,b4c87247-1cf1-4083-a85b-870a3eee3931,ifgsm,4598385226
2989,ifgsm,fmgoat,b4c87247-1cf1-4083-a85b-870a3eee3931,ifgsm,9469622762
2990,ifgsm,zhang,b4c87247-1cf1-4083-a85b-870a3eee3931,ifgsm,9214795039
2991,clear,clear,b4c87247-1cf1-4083-a85b-870a3eee3931,ifgsm,4796228876
2992,zhang,zhang,b4c87247-1cf1-4083-a85b-870a3eee3931,ifgsm,7160553409
2993,fmgoat,zhang,b4c87247-1cf1-4083-a85b-870a3eee3931,fmgoat,5494503911
2994,korhonen,ifgsm,b4c87247-1cf1-4083-a85b-870a3eee3931,korhonen,9716988368
2995,korhonen,korhonen,b4c87247-1cf1-4083-a85b-870a3eee3931,ifgsm,4842717407
2996,clear,clear,b4c87247-1cf1-4083-a85b-870a3eee3931,ifgsm,6995068299
2997,fmgoat,fmgoat,b4c87247-1cf1-4083-a85b-870a3eee3931,ifgsm,2909358760
2998,clear,ifgsm,b4c87247-1cf1-4083-a85b-870a3eee3931,clear,8348001072
2999,korhonen,korhonen,b4c87247-1cf1-4083-a85b-870a3eee3931,zhang,2612353606
3000,zhang,ifgsm,b4c87247-1cf1-4083-a85b-870a3eee3931,zhang,9463363154
3001,good,bad,b4c87247-1cf1-4083-a85b-870a3eee3931,good,v4
3002,fmgoat,fmgoat,b4c87247-1cf1-4083-a85b-870a3eee3931,ifgsm,4424481742
3003,zhang,ifgsm,b4c87247-1cf1-4083-a85b-870a3eee3931,zhang,6077930890
3004,fmgoat,fmgoat,b4c87247-1cf1-4083-a85b-870a3eee3931,ifgsm,10880314705
3005,fmgoat,fmgoat,b4c87247-1cf1-4083-a85b-870a3eee3931,ifgsm,3567613299
3006,good,bad,b4c87247-1cf1-4083-a85b-870a3eee3931,good,v7
3007,ifgsm,stadv,b4c87247-1cf1-4083-a85b-870a3eee3931,ifgsm,8597381500
3008,ifgsm,ifgsm,b4c87247-1cf1-4083-a85b-870a3eee3931,fmgoat,2580252988
3009,zhang,zhang,b4c87247-1cf1-4083-a85b-870a3eee3931,ifgsm,6027104916
3010,stadv,ifgsm,378ee922-7f22-42e2-986c-f08403766cda,stadv,6995068299
3011,good,good,378ee922-7f22-42e2-986c-f08403766cda,bad,v3
3012,stadv,stadv,378ee922-7f22-42e2-986c-f08403766cda,ifgsm,10880314705
3013,zhang,ifgsm,378ee922-7f22-42e2-986c-f08403766cda,zhang,5494503911
3014,fmgoat,fmgoat,378ee922-7f22-42e2-986c-f08403766cda,zhang,10880314705
3015,stadv,stadv,378ee922-7f22-42e2-986c-f08403766cda,ifgsm,4424481742
3016,fmgoat,zhang,378ee922-7f22-42e2-986c-f08403766cda,fmgoat,2612353606
3017,korhonen,korhonen,378ee922-7f22-42e2-986c-f08403766cda,ifgsm,2640025600
3018,stadv,ifgsm,378ee922-7f22-42e2-986c-f08403766cda,stadv,10880314705
3019,fmgoat,zhang,378ee922-7f22-42e2-986c-f08403766cda,fmgoat,2612353606
3020,stadv,ifgsm,378ee922-7f22-42e2-986c-f08403766cda,stadv,6995068299
3021,zhang,zhang,378ee922-7f22-42e2-986c-f08403766cda,stadv,2612353606
3022,clear,clear,378ee922-7f22-42e2-986c-f08403766cda,ifgsm,5494503911
3023,stadv,ifgsm,378ee922-7f22-42e2-986c-f08403766cda,stadv,10880314705
3024,fmgoat,fmgoat,378ee922-7f22-42e2-986c-f08403766cda,zhang,2612353606
3025,good,good,378ee922-7f22-42e2-986c-f08403766cda,bad,v4
3026,stadv,stadv,378ee922-7f22-42e2-986c-f08403766cda,ifgsm,6995068299
3027,fmgoat,fmgoat,378ee922-7f22-42e2-986c-f08403766cda,zhang,2640025600
3028,stadv,ifgsm,378ee922-7f22-42e2-986c-f08403766cda,stadv,6995068299
3029,stadv,ifgsm,378ee922-7f22-42e2-986c-f08403766cda,stadv,6995068299
3030,stadv,stadv,378ee922-7f22-42e2-986c-f08403766cda,ifgsm,6995068299
3031,good,bad,378ee922-7f22-42e2-986c-f08403766cda,good,v3
3032,fmgoat,fmgoat,378ee922-7f22-42e2-986c-f08403766cda,zhang,2640025600
3033,korhonen,ifgsm,378ee922-7f22-42e2-986c-f08403766cda,korhonen,2640025600
3034,fmgoat,zhang,378ee922-7f22-42e2-986c-f08403766cda,fmgoat,2640025600
3035,korhonen,ifgsm,67d92ec5-5a24-49a4-868f-9e984691432f,korhonen,2640025600
3036,stadv,ifgsm,67d92ec5-5a24-49a4-868f-9e984691432f,stadv,10880314705
3037,good,good,67d92ec5-5a24-49a4-868f-9e984691432f,bad,v2
3038,clear,stadv,67d92ec5-5a24-49a4-868f-9e984691432f,clear,2612353606
3039,fmgoat,zhang,67d92ec5-5a24-49a4-868f-9e984691432f,fmgoat,2640025600
3040,stadv,stadv,67d92ec5-5a24-49a4-868f-9e984691432f,ifgsm,6995068299
3041,clear,clear,67d92ec5-5a24-49a4-868f-9e984691432f,stadv,2612353606
3042,stadv,stadv,67d92ec5-5a24-49a4-868f-9e984691432f,ifgsm,6995068299
3043,fmgoat,fmgoat,67d92ec5-5a24-49a4-868f-9e984691432f,zhang,10880314705
3044,ifgsm,stadv,67d92ec5-5a24-49a4-868f-9e984691432f,ifgsm,6995068299
3045,fmgoat,zhang,67d92ec5-5a24-49a4-868f-9e984691432f,fmgoat,10880314705
3046,clear,clear,67d92ec5-5a24-49a4-868f-9e984691432f,ifgsm,5494503911
3047,clear,stadv,67d92ec5-5a24-49a4-868f-9e984691432f,clear,2612353606
3048,ifgsm,stadv,67d92ec5-5a24-49a4-868f-9e984691432f,ifgsm,10880314705
3049,fmgoat,fmgoat,67d92ec5-5a24-49a4-868f-9e984691432f,zhang,10880314705
3050,ifgsm,stadv,67d92ec5-5a24-49a4-868f-9e984691432f,ifgsm,10880314705
3051,fmgoat,fmgoat,67d92ec5-5a24-49a4-868f-9e984691432f,zhang,2612353606
3052,good,bad,67d92ec5-5a24-49a4-868f-9e984691432f,good,v4
3053,zhang,ifgsm,67d92ec5-5a24-49a4-868f-9e984691432f,zhang,5494503911
3054,clear,fmgoat,67d92ec5-5a24-49a4-868f-9e984691432f,clear,2612353606
3055,fmgoat,fmgoat,67d92ec5-5a24-49a4-868f-9e984691432f,zhang,10880314705
3056,fmgoat,zhang,67d92ec5-5a24-49a4-868f-9e984691432f,fmgoat,2640025600
3057,ifgsm,ifgsm,67d92ec5-5a24-49a4-868f-9e984691432f,stadv,6995068299
3058,good,good,67d92ec5-5a24-49a4-868f-9e984691432f,bad,v1
3059,zhang,zhang,67d92ec5-5a24-49a4-868f-9e984691432f,stadv,2612353606
3060,ifgsm,korhonen,7222fe69-1df4-49f3-ac71-a7805974fab8,ifgsm,2640025600
3061,zhang,ifgsm,7222fe69-1df4-49f3-ac71-a7805974fab8,zhang,5494503911
3062,fmgoat,fmgoat,7222fe69-1df4-49f3-ac71-a7805974fab8,zhang,10880314705
3063,zhang,zhang,7222fe69-1df4-49f3-ac71-a7805974fab8,ifgsm,5494503911
3064,fmgoat,zhang,7222fe69-1df4-49f3-ac71-a7805974fab8,fmgoat,10880314705
3065,fmgoat,zhang,7222fe69-1df4-49f3-ac71-a7805974fab8,fmgoat,2640025600
3066,zhang,zhang,7222fe69-1df4-49f3-ac71-a7805974fab8,fmgoat,2640025600
3067,fmgoat,fmgoat,7222fe69-1df4-49f3-ac71-a7805974fab8,zhang,10880314705
3068,zhang,fmgoat,7222fe69-1df4-49f3-ac71-a7805974fab8,zhang,2640025600
3069,ifgsm,ifgsm,7222fe69-1df4-49f3-ac71-a7805974fab8,stadv,10880314705
3070,ifgsm,ifgsm,7222fe69-1df4-49f3-ac71-a7805974fab8,stadv,10880314705
3071,korhonen,ifgsm,7222fe69-1df4-49f3-ac71-a7805974fab8,korhonen,2640025600
3072,good,good,7222fe69-1df4-49f3-ac71-a7805974fab8,bad,v7
3073,zhang,zhang,7222fe69-1df4-49f3-ac71-a7805974fab8,fmgoat,2640025600
3074,fmgoat,zhang,7222fe69-1df4-49f3-ac71-a7805974fab8,fmgoat,2612353606
3075,clear,fmgoat,7222fe69-1df4-49f3-ac71-a7805974fab8,clear,2612353606
3076,clear,clear,7222fe69-1df4-49f3-ac71-a7805974fab8,ifgsm,5494503911
3077,zhang,ifgsm,7222fe69-1df4-49f3-ac71-a7805974fab8,zhang,5494503911
3078,good,good,7222fe69-1df4-49f3-ac71-a7805974fab8,bad,v3
3079,clear,clear,7222fe69-1df4-49f3-ac71-a7805974fab8,ifgsm,5494503911
3080,stadv,stadv,7222fe69-1df4-49f3-ac71-a7805974fab8,ifgsm,4598385226
3081,korhonen,korhonen,7222fe69-1df4-49f3-ac71-a7805974fab8,ifgsm,2640025600
3082,fmgoat,zhang,7222fe69-1df4-49f3-ac71-a7805974fab8,fmgoat,10880314705
3083,zhang,zhang,7222fe69-1df4-49f3-ac71-a7805974fab8,fmgoat,2640025600
3084,good,bad,7222fe69-1df4-49f3-ac71-a7805974fab8,good,v1
3085,,ifgsm,648364cf-ec8d-4a6b-a25b-a67ed7bb0861,stadv,6995068299
3086,,zhang,648364cf-ec8d-4a6b-a25b-a67ed7bb0861,ifgsm,5494503911
3087,,ifgsm,648364cf-ec8d-4a6b-a25b-a67ed7bb0861,stadv,10880314705
3088,clear,clear,648364cf-ec8d-4a6b-a25b-a67ed7bb0861,stadv,2612353606
3089,,stadv,648364cf-ec8d-4a6b-a25b-a67ed7bb0861,ifgsm,6995068299
3090,good,good,648364cf-ec8d-4a6b-a25b-a67ed7bb0861,bad,v3
3091,clear,stadv,648364cf-ec8d-4a6b-a25b-a67ed7bb0861,clear,2612353606
3092,clear,ifgsm,648364cf-ec8d-4a6b-a25b-a67ed7bb0861,clear,5494503911
3093,,zhang,648364cf-ec8d-4a6b-a25b-a67ed7bb0861,stadv,2612353606
3094,good,bad,648364cf-ec8d-4a6b-a25b-a67ed7bb0861,good,v3
3095,,stadv,648364cf-ec8d-4a6b-a25b-a67ed7bb0861,zhang,2612353606
3096,zhang,zhang,648364cf-ec8d-4a6b-a25b-a67ed7bb0861,ifgsm,5906203942
3097,clear,ifgsm,648364cf-ec8d-4a6b-a25b-a67ed7bb0861,clear,5494503911
3098,zhang,zhang,648364cf-ec8d-4a6b-a25b-a67ed7bb0861,ifgsm,5494503911
3099,fmgoat,fmgoat,648364cf-ec8d-4a6b-a25b-a67ed7bb0861,zhang,10880314705
3100,clear,ifgsm,648364cf-ec8d-4a6b-a25b-a67ed7bb0861,clear,5494503911
3101,,stadv,648364cf-ec8d-4a6b-a25b-a67ed7bb0861,ifgsm,6995068299
3102,good,bad,648364cf-ec8d-4a6b-a25b-a67ed7bb0861,good,v5
3103,,ifgsm,648364cf-ec8d-4a6b-a25b-a67ed7bb0861,stadv,6995068299
3104,fmgoat,fmgoat,648364cf-ec8d-4a6b-a25b-a67ed7bb0861,ifgsm,9716988368
3105,,ifgsm,648364cf-ec8d-4a6b-a25b-a67ed7bb0861,stadv,6995068299
3106,fmgoat,fmgoat,648364cf-ec8d-4a6b-a25b-a67ed7bb0861,zhang,2640025600
3107,fmgoat,zhang,648364cf-ec8d-4a6b-a25b-a67ed7bb0861,fmgoat,10880314705
3108,fmgoat,fmgoat,648364cf-ec8d-4a6b-a25b-a67ed7bb0861,zhang,2640025600
3109,clear,ifgsm,648364cf-ec8d-4a6b-a25b-a67ed7bb0861,clear,5494503911
3110,korhonen,korhonen,500265a3-3137-42a9-a098-bb1292deb12e,ifgsm,2640025600
3111,zhang,zhang,500265a3-3137-42a9-a098-bb1292deb12e,ifgsm,5494503911
3112,stadv,stadv,500265a3-3137-42a9-a098-bb1292deb12e,ifgsm,10880314705
3113,clear,clear,500265a3-3137-42a9-a098-bb1292deb12e,ifgsm,5494503911
3114,clear,stadv,500265a3-3137-42a9-a098-bb1292deb12e,clear,2612353606
3115,ifgsm,stadv,500265a3-3137-42a9-a098-bb1292deb12e,ifgsm,6995068299
3116,ifgsm,stadv,500265a3-3137-42a9-a098-bb1292deb12e,ifgsm,10880314705
3117,ifgsm,ifgsm,500265a3-3137-42a9-a098-bb1292deb12e,stadv,6995068299
3118,zhang,ifgsm,500265a3-3137-42a9-a098-bb1292deb12e,zhang,5494503911
3119,korhonen,korhonen,500265a3-3137-42a9-a098-bb1292deb12e,ifgsm,2640025600
3120,ifgsm,stadv,500265a3-3137-42a9-a098-bb1292deb12e,ifgsm,10880314705
3121,zhang,ifgsm,500265a3-3137-42a9-a098-bb1292deb12e,zhang,5494503911
3122,ifgsm,stadv,500265a3-3137-42a9-a098-bb1292deb12e,ifgsm,6995068299
3123,fmgoat,fmgoat,500265a3-3137-42a9-a098-bb1292deb12e,zhang,2640025600
3124,stadv,ifgsm,500265a3-3137-42a9-a098-bb1292deb12e,stadv,10880314705
3125,stadv,ifgsm,500265a3-3137-42a9-a098-bb1292deb12e,stadv,10880314705
3126,clear,clear,500265a3-3137-42a9-a098-bb1292deb12e,ifgsm,5494503911
3127,clear,clear,500265a3-3137-42a9-a098-bb1292deb12e,fmgoat,2612353606
3128,good,bad,500265a3-3137-42a9-a098-bb1292deb12e,good,v1
3129,clear,stadv,500265a3-3137-42a9-a098-bb1292deb12e,clear,2612353606
3130,ifgsm,stadv,500265a3-3137-42a9-a098-bb1292deb12e,ifgsm,6995068299
3131,good,good,500265a3-3137-42a9-a098-bb1292deb12e,bad,v6
3132,good,bad,500265a3-3137-42a9-a098-bb1292deb12e,good,v1
3133,ifgsm,stadv,500265a3-3137-42a9-a098-bb1292deb12e,ifgsm,6995068299
3134,fmgoat,fmgoat,500265a3-3137-42a9-a098-bb1292deb12e,zhang,2640025600
3135,zhang,zhang,563008f9-b4df-4b16-9d0e-14c550dcaa91,ifgsm,2640025600
3136,zhang,zhang,563008f9-b4df-4b16-9d0e-14c550dcaa91,ifgsm,6995068299
3137,ifgsm,ifgsm,563008f9-b4df-4b16-9d0e-14c550dcaa91,stadv,5494503911
3138,zhang,zhang,563008f9-b4df-4b16-9d0e-14c550dcaa91,ifgsm,2640025600
3139,zhang,zhang,563008f9-b4df-4b16-9d0e-14c550dcaa91,ifgsm,2640025600
3140,clear,clear,563008f9-b4df-4b16-9d0e-14c550dcaa91,zhang,5494503911
3141,zhang,ifgsm,563008f9-b4df-4b16-9d0e-14c550dcaa91,zhang,2640025600
3142,fmgoat,fmgoat,563008f9-b4df-4b16-9d0e-14c550dcaa91,ifgsm,2640025600
3143,good,bad,563008f9-b4df-4b16-9d0e-14c550dcaa91,good,v3
3144,clear,clear,563008f9-b4df-4b16-9d0e-14c550dcaa91,zhang,5494503911
3145,clear,korhonen,563008f9-b4df-4b16-9d0e-14c550dcaa91,clear,6995068299
3146,zhang,ifgsm,563008f9-b4df-4b16-9d0e-14c550dcaa91,zhang,2640025600
3147,zhang,ifgsm,563008f9-b4df-4b16-9d0e-14c550dcaa91,zhang,2640025600
3148,clear,fmgoat,563008f9-b4df-4b16-9d0e-14c550dcaa91,clear,10880314705
3149,zhang,zhang,563008f9-b4df-4b16-9d0e-14c550dcaa91,ifgsm,2612353606
3150,fmgoat,fmgoat,563008f9-b4df-4b16-9d0e-14c550dcaa91,stadv,6995068299
3151,clear,korhonen,563008f9-b4df-4b16-9d0e-14c550dcaa91,clear,10880314705
3152,good,bad,563008f9-b4df-4b16-9d0e-14c550dcaa91,good,v2
3153,clear,clear,563008f9-b4df-4b16-9d0e-14c550dcaa91,zhang,5494503911
3154,fmgoat,ifgsm,563008f9-b4df-4b16-9d0e-14c550dcaa91,fmgoat,2640025600
3155,ifgsm,ifgsm,563008f9-b4df-4b16-9d0e-14c550dcaa91,stadv,5494503911
3156,clear,ifgsm,563008f9-b4df-4b16-9d0e-14c550dcaa91,clear,10880314705
3157,good,bad,563008f9-b4df-4b16-9d0e-14c550dcaa91,good,v3
3158,fmgoat,korhonen,563008f9-b4df-4b16-9d0e-14c550dcaa91,fmgoat,2640025600
3159,korhonen,ifgsm,563008f9-b4df-4b16-9d0e-14c550dcaa91,korhonen,6995068299
3160,ifgsm,stadv,46dd01e7-97f6-448b-914b-acc3aa485f44,ifgsm,5494503911
3161,clear,korhonen,46dd01e7-97f6-448b-914b-acc3aa485f44,clear,6995068299
3162,zhang,zhang,46dd01e7-97f6-448b-914b-acc3aa485f44,ifgsm,4107566763
3163,clear,clear,46dd01e7-97f6-448b-914b-acc3aa485f44,zhang,10880314705
3164,clear,zhang,46dd01e7-97f6-448b-914b-acc3aa485f44,clear,2612353606
3165,zhang,ifgsm,46dd01e7-97f6-448b-914b-acc3aa485f44,zhang,10880314705
3166,zhang,ifgsm,46dd01e7-97f6-448b-914b-acc3aa485f44,zhang,2612353606
3167,fmgoat,fmgoat,46dd01e7-97f6-448b-914b-acc3aa485f44,korhonen,2612353606
3168,clear,clear,46dd01e7-97f6-448b-914b-acc3aa485f44,zhang,5494503911
3169,good,good,46dd01e7-97f6-448b-914b-acc3aa485f44,bad,v2
3170,clear,clear,46dd01e7-97f6-448b-914b-acc3aa485f44,korhonen,6995068299
3171,good,bad,46dd01e7-97f6-448b-914b-acc3aa485f44,good,v1
3172,clear,ifgsm,46dd01e7-97f6-448b-914b-acc3aa485f44,clear,9214795039
3173,good,good,46dd01e7-97f6-448b-914b-acc3aa485f44,bad,v6
3174,clear,clear,46dd01e7-97f6-448b-914b-acc3aa485f44,zhang,2612353606
3175,zhang,ifgsm,46dd01e7-97f6-448b-914b-acc3aa485f44,zhang,10880314705
3176,clear,clear,46dd01e7-97f6-448b-914b-acc3aa485f44,stadv,2640025600
3177,fmgoat,fmgoat,46dd01e7-97f6-448b-914b-acc3aa485f44,korhonen,2612353606
3178,fmgoat,stadv,46dd01e7-97f6-448b-914b-acc3aa485f44,fmgoat,6995068299
3179,korhonen,ifgsm,46dd01e7-97f6-448b-914b-acc3aa485f44,korhonen,6995068299
3180,zhang,ifgsm,46dd01e7-97f6-448b-914b-acc3aa485f44,zhang,10880314705
3181,ifgsm,stadv,46dd01e7-97f6-448b-914b-acc3aa485f44,ifgsm,4424481742
3182,ifgsm,ifgsm,46dd01e7-97f6-448b-914b-acc3aa485f44,stadv,8597381500
3183,clear,clear,46dd01e7-97f6-448b-914b-acc3aa485f44,korhonen,6995068299
3184,clear,clear,46dd01e7-97f6-448b-914b-acc3aa485f44,zhang,2612353606
3185,,ifgsm,5af17749-9f8f-410a-ac8f-b739d84b1ce4,zhang,6995068299
3186,fmgoat,korhonen,5af17749-9f8f-410a-ac8f-b739d84b1ce4,fmgoat,5494503911
3187,stadv,korhonen,5af17749-9f8f-410a-ac8f-b739d84b1ce4,stadv,2640025600
3188,stadv,korhonen,5af17749-9f8f-410a-ac8f-b739d84b1ce4,stadv,2640025600
3189,good,bad,5af17749-9f8f-410a-ac8f-b739d84b1ce4,good,v3
3190,zhang,zhang,5af17749-9f8f-410a-ac8f-b739d84b1ce4,ifgsm,6995068299
3191,korhonen,korhonen,5af17749-9f8f-410a-ac8f-b739d84b1ce4,stadv,2612353606
3192,fmgoat,korhonen,5af17749-9f8f-410a-ac8f-b739d84b1ce4,fmgoat,10880314705
3193,korhonen,korhonen,5af17749-9f8f-410a-ac8f-b739d84b1ce4,stadv,2612353606
3194,zhang,ifgsm,5af17749-9f8f-410a-ac8f-b739d84b1ce4,zhang,6995068299
3195,fmgoat,fmgoat,5af17749-9f8f-410a-ac8f-b739d84b1ce4,korhonen,5494503911
3196,clear,ifgsm,5af17749-9f8f-410a-ac8f-b739d84b1ce4,clear,10880314705
3197,korhonen,korhonen,5af17749-9f8f-410a-ac8f-b739d84b1ce4,zhang,5494503911
3198,good,bad,5af17749-9f8f-410a-ac8f-b739d84b1ce4,good,v2
3199,zhang,ifgsm,5af17749-9f8f-410a-ac8f-b739d84b1ce4,zhang,6995068299
3200,korhonen,korhonen,5af17749-9f8f-410a-ac8f-b739d84b1ce4,stadv,2612353606
3201,clear,clear,5af17749-9f8f-410a-ac8f-b739d84b1ce4,fmgoat,2640025600
3202,korhonen,zhang,5af17749-9f8f-410a-ac8f-b739d84b1ce4,korhonen,5494503911
3203,clear,korhonen,5af17749-9f8f-410a-ac8f-b739d84b1ce4,clear,10880314705
3204,korhonen,korhonen,5af17749-9f8f-410a-ac8f-b739d84b1ce4,stadv,2640025600
3205,fmgoat,korhonen,5af17749-9f8f-410a-ac8f-b739d84b1ce4,fmgoat,5494503911
3206,good,bad,5af17749-9f8f-410a-ac8f-b739d84b1ce4,good,v1
3207,zhang,zhang,5af17749-9f8f-410a-ac8f-b739d84b1ce4,ifgsm,6995068299
3208,zhang,ifgsm,5af17749-9f8f-410a-ac8f-b739d84b1ce4,zhang,6995068299
3209,clear,clear,5af17749-9f8f-410a-ac8f-b739d84b1ce4,stadv,2640025600
3210,ifgsm,stadv,a1bf553c-264f-4aa6-a889-56492b227b44,ifgsm,8597381500
3211,clear,clear,a1bf553c-264f-4aa6-a889-56492b227b44,stadv,5494503911
3212,good,good,a1bf553c-264f-4aa6-a889-56492b227b44,bad,v7
3213,zhang,zhang,a1bf553c-264f-4aa6-a889-56492b227b44,fmgoat,6995068299
3214,fmgoat,korhonen,a1bf553c-264f-4aa6-a889-56492b227b44,fmgoat,2640025600
3215,fmgoat,korhonen,a1bf553c-264f-4aa6-a889-56492b227b44,fmgoat,2640025600
3216,clear,clear,a1bf553c-264f-4aa6-a889-56492b227b44,stadv,5494503911
3217,korhonen,ifgsm,a1bf553c-264f-4aa6-a889-56492b227b44,korhonen,5494503911
3218,clear,clear,a1bf553c-264f-4aa6-a889-56492b227b44,ifgsm,6995068299
3219,clear,zhang,a1bf553c-264f-4aa6-a889-56492b227b44,clear,6995068299
3220,good,bad,a1bf553c-264f-4aa6-a889-56492b227b44,good,v7
3221,fmgoat,korhonen,a1bf553c-264f-4aa6-a889-56492b227b44,fmgoat,2640025600
3222,fmgoat,korhonen,a1bf553c-264f-4aa6-a889-56492b227b44,fmgoat,2640025600
3223,korhonen,korhonen,a1bf553c-264f-4aa6-a889-56492b227b44,ifgsm,5494503911
3224,zhang,zhang,a1bf553c-264f-4aa6-a889-56492b227b44,fmgoat,6995068299
3225,korhonen,korhonen,a1bf553c-264f-4aa6-a889-56492b227b44,ifgsm,5494503911
3226,clear,clear,a1bf553c-264f-4aa6-a889-56492b227b44,fmgoat,2612353606
3227,clear,zhang,a1bf553c-264f-4aa6-a889-56492b227b44,clear,10880314705
3228,clear,clear,a1bf553c-264f-4aa6-a889-56492b227b44,zhang,10880314705
3229,good,good,a1bf553c-264f-4aa6-a889-56492b227b44,bad,v1
3230,fmgoat,ifgsm,a1bf553c-264f-4aa6-a889-56492b227b44,fmgoat,2612353606
3231,clear,stadv,a1bf553c-264f-4aa6-a889-56492b227b44,clear,5494503911
3232,fmgoat,korhonen,a1bf553c-264f-4aa6-a889-56492b227b44,fmgoat,2640025600
3233,clear,zhang,a1bf553c-264f-4aa6-a889-56492b227b44,clear,10880314705
3234,korhonen,ifgsm,a1bf553c-264f-4aa6-a889-56492b227b44,korhonen,6995068299
3235,fmgoat,fmgoat,fc9c5894-5dca-4670-9dfd-ea7573dd5327,stadv,6995068299
3236,clear,fmgoat,fc9c5894-5dca-4670-9dfd-ea7573dd5327,clear,10880314705
3237,fmgoat,fmgoat,fc9c5894-5dca-4670-9dfd-ea7573dd5327,stadv,6995068299
3238,fmgoat,fmgoat,fc9c5894-5dca-4670-9dfd-ea7573dd5327,stadv,6995068299
3239,clear,clear,fc9c5894-5dca-4670-9dfd-ea7573dd5327,stadv,2640025600
3240,fmgoat,fmgoat,fc9c5894-5dca-4670-9dfd-ea7573dd5327,korhonen,2612353606
3241,fmgoat,fmgoat,fc9c5894-5dca-4670-9dfd-ea7573dd5327,korhonen,2612353606
3242,zhang,ifgsm,fc9c5894-5dca-4670-9dfd-ea7573dd5327,zhang,2612353606
3243,zhang,ifgsm,fc9c5894-5dca-4670-9dfd-ea7573dd5327,zhang,5906203942
3244,ifgsm,ifgsm,fc9c5894-5dca-4670-9dfd-ea7573dd5327,stadv,2612353606
3245,ifgsm,stadv,fc9c5894-5dca-4670-9dfd-ea7573dd5327,ifgsm,5494503911
3246,fmgoat,korhonen,fc9c5894-5dca-4670-9dfd-ea7573dd5327,fmgoat,2612353606
3247,good,good,fc9c5894-5dca-4670-9dfd-ea7573dd5327,bad,v5
3248,clear,fmgoat,fc9c5894-5dca-4670-9dfd-ea7573dd5327,clear,10880314705
3249,fmgoat,stadv,fc9c5894-5dca-4670-9dfd-ea7573dd5327,fmgoat,6995068299
3250,clear,stadv,fc9c5894-5dca-4670-9dfd-ea7573dd5327,clear,2640025600
3251,clear,fmgoat,fc9c5894-5dca-4670-9dfd-ea7573dd5327,clear,10880314705
3252,good,good,fc9c5894-5dca-4670-9dfd-ea7573dd5327,bad,v4
3253,zhang,ifgsm,fc9c5894-5dca-4670-9dfd-ea7573dd5327,zhang,4107566763
3254,clear,fmgoat,fc9c5894-5dca-4670-9dfd-ea7573dd5327,clear,2640025600
3255,good,bad,fc9c5894-5dca-4670-9dfd-ea7573dd5327,good,v2
3256,zhang,stadv,fc9c5894-5dca-4670-9dfd-ea7573dd5327,zhang,5494503911
3257,clear,clear,fc9c5894-5dca-4670-9dfd-ea7573dd5327,fmgoat,10880314705
3258,fmgoat,fmgoat,fc9c5894-5dca-4670-9dfd-ea7573dd5327,korhonen,2612353606
3259,zhang,zhang,fc9c5894-5dca-4670-9dfd-ea7573dd5327,stadv,2640025600
3260,korhonen,zhang,dad20ed0-fb12-4a2f-9983-fe16b82c0372,korhonen,5494503911
3261,korhonen,korhonen,dad20ed0-fb12-4a2f-9983-fe16b82c0372,zhang,10880314705
3262,fmgoat,stadv,dad20ed0-fb12-4a2f-9983-fe16b82c0372,fmgoat,2612353606
3263,korhonen,korhonen,dad20ed0-fb12-4a2f-9983-fe16b82c0372,stadv,6995068299
3264,good,good,dad20ed0-fb12-4a2f-9983-fe16b82c0372,bad,v6
3265,fmgoat,stadv,dad20ed0-fb12-4a2f-9983-fe16b82c0372,fmgoat,2640025600
3266,clear,clear,dad20ed0-fb12-4a2f-9983-fe16b82c0372,ifgsm,10880314705
3267,ifgsm,stadv,dad20ed0-fb12-4a2f-9983-fe16b82c0372,ifgsm,2640025600
3268,korhonen,zhang,dad20ed0-fb12-4a2f-9983-fe16b82c0372,korhonen,10880314705
3269,ifgsm,ifgsm,dad20ed0-fb12-4a2f-9983-fe16b82c0372,stadv,2640025600
3270,zhang,ifgsm,dad20ed0-fb12-4a2f-9983-fe16b82c0372,zhang,4107566763
3271,good,bad,dad20ed0-fb12-4a2f-9983-fe16b82c0372,good,v3
3272,clear,korhonen,dad20ed0-fb12-4a2f-9983-fe16b82c0372,clear,10880314705
3273,korhonen,zhang,dad20ed0-fb12-4a2f-9983-fe16b82c0372,korhonen,5494503911
3274,korhonen,zhang,dad20ed0-fb12-4a2f-9983-fe16b82c0372,korhonen,5494503911
3275,good,bad,dad20ed0-fb12-4a2f-9983-fe16b82c0372,good,v7
3276,korhonen,korhonen,dad20ed0-fb12-4a2f-9983-fe16b82c0372,zhang,5494503911
3277,korhonen,fmgoat,dad20ed0-fb12-4a2f-9983-fe16b82c0372,korhonen,6995068299
3278,fmgoat,fmgoat,dad20ed0-fb12-4a2f-9983-fe16b82c0372,stadv,2612353606
3279,korhonen,korhonen,dad20ed0-fb12-4a2f-9983-fe16b82c0372,stadv,10880314705
3280,clear,clear,dad20ed0-fb12-4a2f-9983-fe16b82c0372,ifgsm,6995068299
3281,korhonen,zhang,dad20ed0-fb12-4a2f-9983-fe16b82c0372,korhonen,5494503911
3282,fmgoat,stadv,dad20ed0-fb12-4a2f-9983-fe16b82c0372,fmgoat,2612353606
3283,clear,ifgsm,dad20ed0-fb12-4a2f-9983-fe16b82c0372,clear,6995068299
3284,korhonen,zhang,dad20ed0-fb12-4a2f-9983-fe16b82c0372,korhonen,5494503911
3285,fmgoat,stadv,9a247816-97fa-41b5-a806-a0ec0e323ee6,fmgoat,2612353606
3286,clear,clear,9a247816-97fa-41b5-a806-a0ec0e323ee6,ifgsm,2640025600
3287,good,good,9a247816-97fa-41b5-a806-a0ec0e323ee6,bad,v1
3288,korhonen,korhonen,9a247816-97fa-41b5-a806-a0ec0e323ee6,zhang,5494503911
3289,korhonen,ifgsm,9a247816-97fa-41b5-a806-a0ec0e323ee6,korhonen,6995068299
3290,korhonen,korhonen,9a247816-97fa-41b5-a806-a0ec0e323ee6,clear,10880314705
3291,fmgoat,stadv,9a247816-97fa-41b5-a806-a0ec0e323ee6,fmgoat,2612353606
3292,good,bad,9a247816-97fa-41b5-a806-a0ec0e323ee6,good,v7
3293,korhonen,zhang,9a247816-97fa-41b5-a806-a0ec0e323ee6,korhonen,5494503911
3294,korhonen,korhonen,9a247816-97fa-41b5-a806-a0ec0e323ee6,zhang,5494503911
3295,korhonen,korhonen,9a247816-97fa-41b5-a806-a0ec0e323ee6,zhang,5494503911
3296,fmgoat,stadv,9a247816-97fa-41b5-a806-a0ec0e323ee6,fmgoat,2612353606
3297,clear,clear,9a247816-97fa-41b5-a806-a0ec0e323ee6,stadv,6995068299
3298,korhonen,ifgsm,9a247816-97fa-41b5-a806-a0ec0e323ee6,korhonen,6995068299
3299,fmgoat,fmgoat,9a247816-97fa-41b5-a806-a0ec0e323ee6,korhonen,6995068299
3300,zhang,ifgsm,9a247816-97fa-41b5-a806-a0ec0e323ee6,zhang,5906203942
3301,korhonen,korhonen,9a247816-97fa-41b5-a806-a0ec0e323ee6,zhang,5494503911
3302,clear,ifgsm,9a247816-97fa-41b5-a806-a0ec0e323ee6,clear,6995068299
3303,fmgoat,stadv,9a247816-97fa-41b5-a806-a0ec0e323ee6,fmgoat,2612353606
3304,good,bad,9a247816-97fa-41b5-a806-a0ec0e323ee6,good,v2
3305,korhonen,ifgsm,9a247816-97fa-41b5-a806-a0ec0e323ee6,korhonen,6995068299
3306,korhonen,korhonen,9a247816-97fa-41b5-a806-a0ec0e323ee6,zhang,5494503911
3307,zhang,ifgsm,9a247816-97fa-41b5-a806-a0ec0e323ee6,zhang,4107566763
3308,korhonen,zhang,9a247816-97fa-41b5-a806-a0ec0e323ee6,korhonen,5494503911
3309,fmgoat,korhonen,9a247816-97fa-41b5-a806-a0ec0e323ee6,fmgoat,6995068299
3310,,korhonen,8a7ef49b-3c0f-4c1f-9002-c2457e3905fc,zhang,5494503911
3311,,zhang,8a7ef49b-3c0f-4c1f-9002-c2457e3905fc,korhonen,5494503911
3312,korhonen,korhonen,8a7ef49b-3c0f-4c1f-9002-c2457e3905fc,stadv,10880314705
3313,,korhonen,8a7ef49b-3c0f-4c1f-9002-c2457e3905fc,zhang,5494503911
3314,good,good,8a7ef49b-3c0f-4c1f-9002-c2457e3905fc,bad,v2
3315,,zhang,8a7ef49b-3c0f-4c1f-9002-c2457e3905fc,korhonen,5494503911
3316,clear,clear,8a7ef49b-3c0f-4c1f-9002-c2457e3905fc,ifgsm,2640025600
3317,stadv,ifgsm,8a7ef49b-3c0f-4c1f-9002-c2457e3905fc,stadv,2640025600
3318,zhang,zhang,8a7ef49b-3c0f-4c1f-9002-c2457e3905fc,ifgsm,4107566763
3319,korhonen,korhonen,8a7ef49b-3c0f-4c1f-9002-c2457e3905fc,fmgoat,6995068299
3320,,korhonen,8a7ef49b-3c0f-4c1f-9002-c2457e3905fc,zhang,5494503911
3321,clear,clear,8a7ef49b-3c0f-4c1f-9002-c2457e3905fc,fmgoat,6995068299
3322,zhang,zhang,8a7ef49b-3c0f-4c1f-9002-c2457e3905fc,ifgsm,5906203942
3323,fmgoat,fmgoat,8a7ef49b-3c0f-4c1f-9002-c2457e3905fc,stadv,2612353606
3324,good,good,8a7ef49b-3c0f-4c1f-9002-c2457e3905fc,bad,v4
3325,clear,clear,8a7ef49b-3c0f-4c1f-9002-c2457e3905fc,ifgsm,10880314705
3326,korhonen,korhonen,8a7ef49b-3c0f-4c1f-9002-c2457e3905fc,ifgsm,6995068299
3327,fmgoat,korhonen,8a7ef49b-3c0f-4c1f-9002-c2457e3905fc,fmgoat,10880314705
3328,korhonen,stadv,8a7ef49b-3c0f-4c1f-9002-c2457e3905fc,korhonen,10880314705
3329,fmgoat,stadv,8a7ef49b-3c0f-4c1f-9002-c2457e3905fc,fmgoat,2612353606
3330,stadv,stadv,8a7ef49b-3c0f-4c1f-9002-c2457e3905fc,ifgsm,2640025600
3331,fmgoat,fmgoat,8a7ef49b-3c0f-4c1f-9002-c2457e3905fc,stadv,2612353606
3332,fmgoat,stadv,8a7ef49b-3c0f-4c1f-9002-c2457e3905fc,fmgoat,2612353606
3333,zhang,ifgsm,8a7ef49b-3c0f-4c1f-9002-c2457e3905fc,zhang,4107566763
3334,good,good,8a7ef49b-3c0f-4c1f-9002-c2457e3905fc,bad,v7
3335,fmgoat,fmgoat,78300f28-fab7-4f59-abb7-87db5b55f621,stadv,10880314705
3336,fmgoat,stadv,78300f28-fab7-4f59-abb7-87db5b55f621,fmgoat,2612353606
3337,fmgoat,fmgoat,78300f28-fab7-4f59-abb7-87db5b55f621,stadv,2640025600
3338,fmgoat,fmgoat,78300f28-fab7-4f59-abb7-87db5b55f621,stadv,2612353606
3339,fmgoat,ifgsm,78300f28-fab7-4f59-abb7-87db5b55f621,fmgoat,2640025600
3340,korhonen,zhang,78300f28-fab7-4f59-abb7-87db5b55f621,korhonen,5494503911
3341,korhonen,zhang,78300f28-fab7-4f59-abb7-87db5b55f621,korhonen,6995068299
3342,korhonen,zhang,78300f28-fab7-4f59-abb7-87db5b55f621,korhonen,6995068299
3343,clear,clear,78300f28-fab7-4f59-abb7-87db5b55f621,korhonen,10880314705
3344,korhonen,korhonen,78300f28-fab7-4f59-abb7-87db5b55f621,zhang,5494503911
3345,good,good,78300f28-fab7-4f59-abb7-87db5b55f621,bad,v1
3346,fmgoat,fmgoat,78300f28-fab7-4f59-abb7-87db5b55f621,stadv,2612353606
3347,fmgoat,fmgoat,78300f28-fab7-4f59-abb7-87db5b55f621,stadv,2612353606
3348,korhonen,korhonen,78300f28-fab7-4f59-abb7-87db5b55f621,ifgsm,6995068299
3349,korhonen,zhang,78300f28-fab7-4f59-abb7-87db5b55f621,korhonen,5494503911
3350,clear,ifgsm,78300f28-fab7-4f59-abb7-87db5b55f621,clear,6995068299
3351,good,bad,78300f28-fab7-4f59-abb7-87db5b55f621,good,v1
3352,good,bad,78300f28-fab7-4f59-abb7-87db5b55f621,good,v6
3353,korhonen,korhonen,78300f28-fab7-4f59-abb7-87db5b55f621,ifgsm,6995068299
3354,fmgoat,stadv,78300f28-fab7-4f59-abb7-87db5b55f621,fmgoat,2612353606
3355,fmgoat,ifgsm,78300f28-fab7-4f59-abb7-87db5b55f621,fmgoat,2640025600
3356,korhonen,korhonen,78300f28-fab7-4f59-abb7-87db5b55f621,stadv,6995068299
3357,fmgoat,korhonen,78300f28-fab7-4f59-abb7-87db5b55f621,fmgoat,10880314705
3358,korhonen,zhang,78300f28-fab7-4f59-abb7-87db5b55f621,korhonen,5494503911
3359,fmgoat,stadv,78300f28-fab7-4f59-abb7-87db5b55f621,fmgoat,2612353606
3360,good,bad,26db2483-9e7b-467e-ac94-cd06f688b34a,good,v2
3361,clear,zhang,26db2483-9e7b-467e-ac94-cd06f688b34a,clear,6995068299
3362,clear,zhang,26db2483-9e7b-467e-ac94-cd06f688b34a,clear,2612353606
3363,clear,fmgoat,26db2483-9e7b-467e-ac94-cd06f688b34a,clear,2612353606
3364,,ifgsm,26db2483-9e7b-467e-ac94-cd06f688b34a,stadv,2612353606
3365,clear,zhang,26db2483-9e7b-467e-ac94-cd06f688b34a,clear,6995068299
3366,fmgoat,stadv,26db2483-9e7b-467e-ac94-cd06f688b34a,fmgoat,5494503911
3367,,zhang,26db2483-9e7b-467e-ac94-cd06f688b34a,ifgsm,2612353606
3368,clear,clear,26db2483-9e7b-467e-ac94-cd06f688b34a,zhang,6995068299
3369,,ifgsm,26db2483-9e7b-467e-ac94-cd06f688b34a,zhang,2612353606
3370,clear,clear,26db2483-9e7b-467e-ac94-cd06f688b34a,zhang,6995068299
3371,stadv,zhang,26db2483-9e7b-467e-ac94-cd06f688b34a,stadv,2640025600
3372,clear,clear,26db2483-9e7b-467e-ac94-cd06f688b34a,fmgoat,2640025600
3373,stadv,stadv,26db2483-9e7b-467e-ac94-cd06f688b34a,zhang,2640025600
3374,fmgoat,fmgoat,26db2483-9e7b-467e-ac94-cd06f688b34a,ifgsm,5494503911
3375,ifgsm,stadv,26db2483-9e7b-467e-ac94-cd06f688b34a,ifgsm,5494503911
3376,good,bad,26db2483-9e7b-467e-ac94-cd06f688b34a,good,v5
3377,clear,clear,26db2483-9e7b-467e-ac94-cd06f688b34a,fmgoat,5494503911
3378,good,bad,26db2483-9e7b-467e-ac94-cd06f688b34a,good,v3
3379,,ifgsm,26db2483-9e7b-467e-ac94-cd06f688b34a,stadv,2612353606
3380,,stadv,26db2483-9e7b-467e-ac94-cd06f688b34a,ifgsm,2612353606
3381,stadv,zhang,26db2483-9e7b-467e-ac94-cd06f688b34a,stadv,2640025600
3382,clear,clear,26db2483-9e7b-467e-ac94-cd06f688b34a,zhang,6995068299
3383,clear,clear,26db2483-9e7b-467e-ac94-cd06f688b34a,zhang,5494503911
3384,clear,zhang,26db2483-9e7b-467e-ac94-cd06f688b34a,clear,6995068299
3385,fmgoat,fmgoat,b1fd7c75-a5f4-4ffa-b5b7-157374e70f9b,ifgsm,5494503911
3386,clear,zhang,b1fd7c75-a5f4-4ffa-b5b7-157374e70f9b,clear,6995068299
3387,stadv,zhang,b1fd7c75-a5f4-4ffa-b5b7-157374e70f9b,stadv,2640025600
3388,clear,zhang,b1fd7c75-a5f4-4ffa-b5b7-157374e70f9b,clear,2612353606
3389,clear,zhang,b1fd7c75-a5f4-4ffa-b5b7-157374e70f9b,clear,2612353606
3390,clear,clear,b1fd7c75-a5f4-4ffa-b5b7-157374e70f9b,fmgoat,5494503911
3391,clear,clear,b1fd7c75-a5f4-4ffa-b5b7-157374e70f9b,zhang,6995068299
3392,stadv,zhang,b1fd7c75-a5f4-4ffa-b5b7-157374e70f9b,stadv,2640025600
3393,clear,zhang,b1fd7c75-a5f4-4ffa-b5b7-157374e70f9b,clear,6995068299
3394,stadv,zhang,b1fd7c75-a5f4-4ffa-b5b7-157374e70f9b,stadv,2640025600
3395,fmgoat,clear,b1fd7c75-a5f4-4ffa-b5b7-157374e70f9b,fmgoat,2640025600
3396,fmgoat,ifgsm,b1fd7c75-a5f4-4ffa-b5b7-157374e70f9b,fmgoat,5494503911
3397,clear,clear,b1fd7c75-a5f4-4ffa-b5b7-157374e70f9b,zhang,2612353606
3398,clear,clear,b1fd7c75-a5f4-4ffa-b5b7-157374e70f9b,zhang,2612353606
3399,stadv,stadv,b1fd7c75-a5f4-4ffa-b5b7-157374e70f9b,zhang,2640025600
3400,clear,clear,b1fd7c75-a5f4-4ffa-b5b7-157374e70f9b,zhang,2640025600
3401,clear,clear,b1fd7c75-a5f4-4ffa-b5b7-157374e70f9b,zhang,6995068299
3402,fmgoat,fmgoat,b1fd7c75-a5f4-4ffa-b5b7-157374e70f9b,clear,2640025600
3403,good,good,b1fd7c75-a5f4-4ffa-b5b7-157374e70f9b,bad,v7
3404,good,bad,b1fd7c75-a5f4-4ffa-b5b7-157374e70f9b,good,v2
3405,zhang,stadv,b1fd7c75-a5f4-4ffa-b5b7-157374e70f9b,zhang,2612353606
3406,fmgoat,ifgsm,b1fd7c75-a5f4-4ffa-b5b7-157374e70f9b,fmgoat,2612353606
3407,clear,zhang,b1fd7c75-a5f4-4ffa-b5b7-157374e70f9b,clear,2640025600
3408,clear,zhang,b1fd7c75-a5f4-4ffa-b5b7-157374e70f9b,clear,2640025600
3409,good,bad,b1fd7c75-a5f4-4ffa-b5b7-157374e70f9b,good,v7
3410,clear,fmgoat,132dded5-d1fd-48d2-85c7-6d81f660237f,clear,2640025600
3411,clear,clear,132dded5-d1fd-48d2-85c7-6d81f660237f,zhang,6995068299
3412,fmgoat,clear,132dded5-d1fd-48d2-85c7-6d81f660237f,fmgoat,5494503911
3413,ifgsm,fmgoat,132dded5-d1fd-48d2-85c7-6d81f660237f,ifgsm,5494503911
3414,fmgoat,ifgsm,132dded5-d1fd-48d2-85c7-6d81f660237f,fmgoat,5494503911
3415,clear,clear,132dded5-d1fd-48d2-85c7-6d81f660237f,zhang,6995068299
3416,good,bad,132dded5-d1fd-48d2-85c7-6d81f660237f,good,v5
3417,good,good,132dded5-d1fd-48d2-85c7-6d81f660237f,bad,v5
3418,stadv,ifgsm,132dded5-d1fd-48d2-85c7-6d81f660237f,stadv,2612353606
3419,clear,clear,132dded5-d1fd-48d2-85c7-6d81f660237f,zhang,6995068299
3420,clear,clear,132dded5-d1fd-48d2-85c7-6d81f660237f,fmgoat,2640025600
3421,fmgoat,fmgoat,132dded5-d1fd-48d2-85c7-6d81f660237f,clear,2640025600
3422,fmgoat,fmgoat,132dded5-d1fd-48d2-85c7-6d81f660237f,clear,2640025600
3423,ifgsm,ifgsm,132dded5-d1fd-48d2-85c7-6d81f660237f,stadv,5494503911
3424,good,bad,132dded5-d1fd-48d2-85c7-6d81f660237f,good,v7
3425,clear,clear,132dded5-d1fd-48d2-85c7-6d81f660237f,zhang,6995068299
3426,clear,clear,132dded5-d1fd-48d2-85c7-6d81f660237f,zhang,6995068299
3427,stadv,zhang,132dded5-d1fd-48d2-85c7-6d81f660237f,stadv,2640025600
3428,ifgsm,stadv,132dded5-d1fd-48d2-85c7-6d81f660237f,ifgsm,5494503911
3429,stadv,stadv,132dded5-d1fd-48d2-85c7-6d81f660237f,zhang,2640025600
3430,zhang,zhang,132dded5-d1fd-48d2-85c7-6d81f660237f,clear,2640025600
3431,fmgoat,fmgoat,132dded5-d1fd-48d2-85c7-6d81f660237f,stadv,5494503911
3432,zhang,zhang,132dded5-d1fd-48d2-85c7-6d81f660237f,clear,5494503911
3433,clear,zhang,132dded5-d1fd-48d2-85c7-6d81f660237f,clear,6995068299
3434,fmgoat,fmgoat,132dded5-d1fd-48d2-85c7-6d81f660237f,clear,2640025600
3435,,clear,a2716359-f6d0-4971-a1a4-6b340c4f5a80,fmgoat,2640025600
3436,,stadv,a2716359-f6d0-4971-a1a4-6b340c4f5a80,ifgsm,2612353606
3437,,zhang,a2716359-f6d0-4971-a1a4-6b340c4f5a80,clear,5494503911
3438,,ifgsm,a2716359-f6d0-4971-a1a4-6b340c4f5a80,zhang,2612353606
3439,fmgoat,stadv,a2716359-f6d0-4971-a1a4-6b340c4f5a80,fmgoat,5494503911
3440,clear,clear,a2716359-f6d0-4971-a1a4-6b340c4f5a80,zhang,6995068299
3441,good,bad,a2716359-f6d0-4971-a1a4-6b340c4f5a80,good,v6
3442,good,good,a2716359-f6d0-4971-a1a4-6b340c4f5a80,bad,v1
3443,good,bad,a2716359-f6d0-4971-a1a4-6b340c4f5a80,good,v2
3444,zhang,zhang,a2716359-f6d0-4971-a1a4-6b340c4f5a80,stadv,2640025600
3445,zhang,stadv,a2716359-f6d0-4971-a1a4-6b340c4f5a80,zhang,2640025600
3446,clear,clear,a2716359-f6d0-4971-a1a4-6b340c4f5a80,zhang,6995068299
3447,fmgoat,fmgoat,a2716359-f6d0-4971-a1a4-6b340c4f5a80,ifgsm,5494503911
3448,clear,clear,a2716359-f6d0-4971-a1a4-6b340c4f5a80,zhang,6995068299
3449,,stadv,a2716359-f6d0-4971-a1a4-6b340c4f5a80,ifgsm,2612353606
3450,clear,clear,a2716359-f6d0-4971-a1a4-6b340c4f5a80,zhang,6995068299
3451,,clear,a2716359-f6d0-4971-a1a4-6b340c4f5a80,fmgoat,2640025600
3452,clear,clear,a2716359-f6d0-4971-a1a4-6b340c4f5a80,zhang,2640025600
3453,clear,clear,a2716359-f6d0-4971-a1a4-6b340c4f5a80,fmgoat,2640025600
3454,clear,clear,a2716359-f6d0-4971-a1a4-6b340c4f5a80,zhang,2640025600
3455,zhang,stadv,a2716359-f6d0-4971-a1a4-6b340c4f5a80,zhang,5494503911
3456,zhang,zhang,a2716359-f6d0-4971-a1a4-6b340c4f5a80,stadv,2640025600
3457,clear,zhang,a2716359-f6d0-4971-a1a4-6b340c4f5a80,clear,2612353606
3458,clear,zhang,a2716359-f6d0-4971-a1a4-6b340c4f5a80,clear,6995068299
3459,clear,clear,a2716359-f6d0-4971-a1a4-6b340c4f5a80,zhang,2640025600
3460,clear,korhonen,b164edd8-4182-4a2d-908f-073f759011f3,clear,2640025600
3461,clear,clear,b164edd8-4182-4a2d-908f-073f759011f3,fmgoat,2612353606
3462,fmgoat,ifgsm,b164edd8-4182-4a2d-908f-073f759011f3,fmgoat,2640025600
3463,good,good,b164edd8-4182-4a2d-908f-073f759011f3,bad,v7
3464,clear,clear,b164edd8-4182-4a2d-908f-073f759011f3,korhonen,6995068299
3465,fmgoat,stadv,b164edd8-4182-4a2d-908f-073f759011f3,fmgoat,10880314705
3466,clear,clear,b164edd8-4182-4a2d-908f-073f759011f3,korhonen,6995068299
3467,clear,clear,b164edd8-4182-4a2d-908f-073f759011f3,ifgsm,2612353606
3468,clear,clear,b164edd8-4182-4a2d-908f-073f759011f3,korhonen,6995068299
3469,fmgoat,fmgoat,b164edd8-4182-4a2d-908f-073f759011f3,zhang,6995068299
3470,clear,clear,b164edd8-4182-4a2d-908f-073f759011f3,stadv,6995068299
3471,stadv,korhonen,b164edd8-4182-4a2d-908f-073f759011f3,stadv,2640025600
3472,good,good,b164edd8-4182-4a2d-908f-073f759011f3,bad,v5
3473,clear,stadv,b164edd8-4182-4a2d-908f-073f759011f3,clear,6995068299
3474,stadv,stadv,b164edd8-4182-4a2d-908f-073f759011f3,zhang,2612353606
3475,stadv,stadv,b164edd8-4182-4a2d-908f-073f759011f3,zhang,2612353606
3476,fmgoat,korhonen,b164edd8-4182-4a2d-908f-073f759011f3,fmgoat,5494503911
3477,fmgoat,fmgoat,b164edd8-4182-4a2d-908f-073f759011f3,korhonen,5494503911
3478,clear,fmgoat,b164edd8-4182-4a2d-908f-073f759011f3,clear,6995068299
3479,fmgoat,fmgoat,b164edd8-4182-4a2d-908f-073f759011f3,stadv,2640025600
3480,fmgoat,ifgsm,b164edd8-4182-4a2d-908f-073f759011f3,fmgoat,2640025600
3481,korhonen,korhonen,b164edd8-4182-4a2d-908f-073f759011f3,fmgoat,5494503911
3482,fmgoat,fmgoat,b164edd8-4182-4a2d-908f-073f759011f3,stadv,10880314705
3483,good,bad,b164edd8-4182-4a2d-908f-073f759011f3,good,v1
3484,fmgoat,clear,b164edd8-4182-4a2d-908f-073f759011f3,fmgoat,2612353606
3485,fmgoat,zhang,5bc85e50-6ec3-4c59-8d78-983c5be64dd4,fmgoat,2612353606
3486,clear,korhonen,5bc85e50-6ec3-4c59-8d78-983c5be64dd4,clear,6995068299
3487,clear,ifgsm,5bc85e50-6ec3-4c59-8d78-983c5be64dd4,clear,2640025600
3488,fmgoat,zhang,5bc85e50-6ec3-4c59-8d78-983c5be64dd4,fmgoat,6995068299
3489,fmgoat,korhonen,5bc85e50-6ec3-4c59-8d78-983c5be64dd4,fmgoat,5494503911
3490,fmgoat,zhang,5bc85e50-6ec3-4c59-8d78-983c5be64dd4,fmgoat,2612353606
3491,good,bad,5bc85e50-6ec3-4c59-8d78-983c5be64dd4,good,v7
3492,zhang,zhang,5bc85e50-6ec3-4c59-8d78-983c5be64dd4,stadv,2612353606
3493,good,bad,5bc85e50-6ec3-4c59-8d78-983c5be64dd4,good,v7
3494,fmgoat,fmgoat,5bc85e50-6ec3-4c59-8d78-983c5be64dd4,stadv,4107566763
3495,fmgoat,fmgoat,5bc85e50-6ec3-4c59-8d78-983c5be64dd4,ifgsm,2640025600
3496,good,good,5bc85e50-6ec3-4c59-8d78-983c5be64dd4,bad,v3
3497,clear,clear,5bc85e50-6ec3-4c59-8d78-983c5be64dd4,stadv,6995068299
3498,fmgoat,fmgoat,5bc85e50-6ec3-4c59-8d78-983c5be64dd4,zhang,2612353606
3499,clear,ifgsm,5bc85e50-6ec3-4c59-8d78-983c5be64dd4,clear,2612353606
3500,fmgoat,fmgoat,5bc85e50-6ec3-4c59-8d78-983c5be64dd4,zhang,6995068299
3501,fmgoat,zhang,5bc85e50-6ec3-4c59-8d78-983c5be64dd4,fmgoat,2612353606
3502,zhang,stadv,5bc85e50-6ec3-4c59-8d78-983c5be64dd4,zhang,2612353606
3503,fmgoat,fmgoat,5bc85e50-6ec3-4c59-8d78-983c5be64dd4,stadv,2640025600
3504,clear,clear,5bc85e50-6ec3-4c59-8d78-983c5be64dd4,ifgsm,2612353606
3505,clear,clear,5bc85e50-6ec3-4c59-8d78-983c5be64dd4,stadv,6995068299
3506,stadv,zhang,5bc85e50-6ec3-4c59-8d78-983c5be64dd4,stadv,2612353606
3507,fmgoat,fmgoat,5bc85e50-6ec3-4c59-8d78-983c5be64dd4,ifgsm,2612353606
3508,stadv,korhonen,5bc85e50-6ec3-4c59-8d78-983c5be64dd4,stadv,2612353606
3509,stadv,stadv,5bc85e50-6ec3-4c59-8d78-983c5be64dd4,korhonen,2640025600
3510,fmgoat,fmgoat,9c84bbf7-6d4c-47cd-8aaf-20a48176f248,ifgsm,2612353606
3511,good,good,9c84bbf7-6d4c-47cd-8aaf-20a48176f248,bad,v7
3512,zhang,fmgoat,9c84bbf7-6d4c-47cd-8aaf-20a48176f248,zhang,6995068299
3513,fmgoat,fmgoat,9c84bbf7-6d4c-47cd-8aaf-20a48176f248,stadv,10880314705
3514,korhonen,stadv,9c84bbf7-6d4c-47cd-8aaf-20a48176f248,korhonen,2640025600
3515,korhonen,korhonen,9c84bbf7-6d4c-47cd-8aaf-20a48176f248,clear,6995068299
3516,clear,fmgoat,9c84bbf7-6d4c-47cd-8aaf-20a48176f248,clear,6995068299
3517,korhonen,stadv,9c84bbf7-6d4c-47cd-8aaf-20a48176f248,korhonen,2612353606
3518,clear,clear,9c84bbf7-6d4c-47cd-8aaf-20a48176f248,stadv,6995068299
3519,clear,korhonen,9c84bbf7-6d4c-47cd-8aaf-20a48176f248,clear,2640025600
3520,korhonen,stadv,9c84bbf7-6d4c-47cd-8aaf-20a48176f248,korhonen,2640025600
3521,korhonen,korhonen,9c84bbf7-6d4c-47cd-8aaf-20a48176f248,ifgsm,2612353606
3522,clear,fmgoat,9c84bbf7-6d4c-47cd-8aaf-20a48176f248,clear,6995068299
3523,korhonen,ifgsm,9c84bbf7-6d4c-47cd-8aaf-20a48176f248,korhonen,2612353606
3524,good,bad,9c84bbf7-6d4c-47cd-8aaf-20a48176f248,good,v4
3525,korhonen,fmgoat,9c84bbf7-6d4c-47cd-8aaf-20a48176f248,korhonen,5494503911
3526,clear,clear,9c84bbf7-6d4c-47cd-8aaf-20a48176f248,fmgoat,6995068299
3527,fmgoat,ifgsm,9c84bbf7-6d4c-47cd-8aaf-20a48176f248,fmgoat,2612353606
3528,fmgoat,stadv,9c84bbf7-6d4c-47cd-8aaf-20a48176f248,fmgoat,2640025600
3529,clear,fmgoat,9c84bbf7-6d4c-47cd-8aaf-20a48176f248,clear,2612353606
3530,fmgoat,ifgsm,9c84bbf7-6d4c-47cd-8aaf-20a48176f248,fmgoat,2640025600
3531,clear,ifgsm,9c84bbf7-6d4c-47cd-8aaf-20a48176f248,clear,2612353606
3532,zhang,stadv,9c84bbf7-6d4c-47cd-8aaf-20a48176f248,zhang,2612353606
3533,good,good,9c84bbf7-6d4c-47cd-8aaf-20a48176f248,bad,v4
3534,clear,ifgsm,9c84bbf7-6d4c-47cd-8aaf-20a48176f248,clear,2640025600
3535,korhonen,clear,07a86453-9d67-4a09-b6e0-978fbf0c2f79,korhonen,2640025600
3536,good,bad,07a86453-9d67-4a09-b6e0-978fbf0c2f79,good,v6
3537,stadv,korhonen,07a86453-9d67-4a09-b6e0-978fbf0c2f79,stadv,2640025600
3538,fmgoat,zhang,07a86453-9d67-4a09-b6e0-978fbf0c2f79,fmgoat,6995068299
3539,fmgoat,fmgoat,07a86453-9d67-4a09-b6e0-978fbf0c2f79,stadv,10880314705
3540,good,good,07a86453-9d67-4a09-b6e0-978fbf0c2f79,bad,v6
3541,fmgoat,korhonen,07a86453-9d67-4a09-b6e0-978fbf0c2f79,fmgoat,5494503911
3542,clear,clear,07a86453-9d67-4a09-b6e0-978fbf0c2f79,fmgoat,6995068299
3543,fmgoat,ifgsm,07a86453-9d67-4a09-b6e0-978fbf0c2f79,fmgoat,2612353606
3544,clear,clear,07a86453-9d67-4a09-b6e0-978fbf0c2f79,korhonen,6995068299
3545,clear,clear,07a86453-9d67-4a09-b6e0-978fbf0c2f79,korhonen,6995068299
3546,korhonen,fmgoat,07a86453-9d67-4a09-b6e0-978fbf0c2f79,korhonen,5494503911
3547,stadv,fmgoat,07a86453-9d67-4a09-b6e0-978fbf0c2f79,stadv,2640025600
3548,fmgoat,zhang,07a86453-9d67-4a09-b6e0-978fbf0c2f79,fmgoat,6995068299
3549,good,bad,07a86453-9d67-4a09-b6e0-978fbf0c2f79,good,v2
3550,clear,korhonen,07a86453-9d67-4a09-b6e0-978fbf0c2f79,clear,6995068299
3551,fmgoat,ifgsm,07a86453-9d67-4a09-b6e0-978fbf0c2f79,fmgoat,2640025600
3552,fmgoat,fmgoat,07a86453-9d67-4a09-b6e0-978fbf0c2f79,stadv,10880314705
3553,clear,korhonen,07a86453-9d67-4a09-b6e0-978fbf0c2f79,clear,2640025600
3554,korhonen,korhonen,07a86453-9d67-4a09-b6e0-978fbf0c2f79,stadv,2640025600
3555,clear,korhonen,07a86453-9d67-4a09-b6e0-978fbf0c2f79,clear,2640025600
3556,korhonen,korhonen,07a86453-9d67-4a09-b6e0-978fbf0c2f79,ifgsm,2612353606
3557,stadv,stadv,07a86453-9d67-4a09-b6e0-978fbf0c2f79,korhonen,2640025600
3558,clear,clear,07a86453-9d67-4a09-b6e0-978fbf0c2f79,stadv,6995068299
3559,clear,clear,07a86453-9d67-4a09-b6e0-978fbf0c2f79,ifgsm,2612353606
3560,fmgoat,korhonen,433d8481-511f-4254-889a-6b7facb518b5,fmgoat,10880314705
3561,clear,clear,433d8481-511f-4254-889a-6b7facb518b5,zhang,10880314705
3562,clear,clear,433d8481-511f-4254-889a-6b7facb518b5,zhang,10880314705
3563,korhonen,zhang,433d8481-511f-4254-889a-6b7facb518b5,korhonen,10880314705
3564,korhonen,zhang,433d8481-511f-4254-889a-6b7facb518b5,korhonen,6995068299
3565,good,bad,433d8481-511f-4254-889a-6b7facb518b5,good,v1
3566,stadv,stadv,433d8481-511f-4254-889a-6b7facb518b5,korhonen,6995068299
3567,korhonen,zhang,433d8481-511f-4254-889a-6b7facb518b5,korhonen,10880314705
3568,korhonen,zhang,433d8481-511f-4254-889a-6b7facb518b5,korhonen,10880314705
3569,good,good,433d8481-511f-4254-889a-6b7facb518b5,bad,v4
3570,good,bad,433d8481-511f-4254-889a-6b7facb518b5,good,v2
3571,korhonen,zhang,433d8481-511f-4254-889a-6b7facb518b5,korhonen,10880314705
3572,korhonen,korhonen,433d8481-511f-4254-889a-6b7facb518b5,zhang,10880314705
3573,korhonen,korhonen,433d8481-511f-4254-889a-6b7facb518b5,zhang,10880314705
3574,clear,clear,433d8481-511f-4254-889a-6b7facb518b5,stadv,2640025600
3575,clear,zhang,433d8481-511f-4254-889a-6b7facb518b5,clear,10880314705
3576,clear,stadv,433d8481-511f-4254-889a-6b7facb518b5,clear,10880314705
3577,zhang,ifgsm,433d8481-511f-4254-889a-6b7facb518b5,zhang,10880314705
3578,fmgoat,fmgoat,433d8481-511f-4254-889a-6b7facb518b5,korhonen,10880314705
3579,clear,stadv,433d8481-511f-4254-889a-6b7facb518b5,clear,2640025600
3580,korhonen,zhang,433d8481-511f-4254-889a-6b7facb518b5,korhonen,10880314705
3581,clear,clear,433d8481-511f-4254-889a-6b7facb518b5,ifgsm,10880314705
3582,fmgoat,fmgoat,433d8481-511f-4254-889a-6b7facb518b5,korhonen,10880314705
3583,zhang,ifgsm,433d8481-511f-4254-889a-6b7facb518b5,zhang,10880314705
3584,clear,clear,433d8481-511f-4254-889a-6b7facb518b5,stadv,2640025600
3585,clear,stadv,0fd0b560-fb74-401f-9232-6715d0085fa0,clear,2640025600
3586,clear,stadv,0fd0b560-fb74-401f-9232-6715d0085fa0,clear,10880314705
3587,,korhonen,0fd0b560-fb74-401f-9232-6715d0085fa0,zhang,10880314705
3588,zhang,zhang,0fd0b560-fb74-401f-9232-6715d0085fa0,ifgsm,10880314705
3589,zhang,zhang,0fd0b560-fb74-401f-9232-6715d0085fa0,korhonen,10880314705
3590,good,good,0fd0b560-fb74-401f-9232-6715d0085fa0,bad,v7
3591,korhonen,stadv,0fd0b560-fb74-401f-9232-6715d0085fa0,korhonen,4633306112
3592,clear,zhang,0fd0b560-fb74-401f-9232-6715d0085fa0,clear,4633306112
3593,fmgoat,korhonen,0fd0b560-fb74-401f-9232-6715d0085fa0,fmgoat,10880314705
3594,clear,clear,0fd0b560-fb74-401f-9232-6715d0085fa0,zhang,4633306112
3595,zhang,ifgsm,0fd0b560-fb74-401f-9232-6715d0085fa0,zhang,10880314705
3596,good,bad,0fd0b560-fb74-401f-9232-6715d0085fa0,good,v3
3597,,zhang,0fd0b560-fb74-401f-9232-6715d0085fa0,korhonen,6995068299
3598,korhonen,korhonen,0fd0b560-fb74-401f-9232-6715d0085fa0,fmgoat,10880314705
3599,zhang,zhang,0fd0b560-fb74-401f-9232-6715d0085fa0,ifgsm,10880314705
3600,clear,clear,0fd0b560-fb74-401f-9232-6715d0085fa0,zhang,10880314705
3601,clear,zhang,0fd0b560-fb74-401f-9232-6715d0085fa0,clear,4633306112
3602,clear,clear,0fd0b560-fb74-401f-9232-6715d0085fa0,zhang,10880314705
3603,clear,stadv,0fd0b560-fb74-401f-9232-6715d0085fa0,clear,10880314705
3604,zhang,zhang,0fd0b560-fb74-401f-9232-6715d0085fa0,ifgsm,10880314705
3605,fmgoat,fmgoat,0fd0b560-fb74-401f-9232-6715d0085fa0,korhonen,10880314705
3606,clear,clear,0fd0b560-fb74-401f-9232-6715d0085fa0,ifgsm,10880314705
3607,good,good,0fd0b560-fb74-401f-9232-6715d0085fa0,bad,v6
3608,clear,clear,0fd0b560-fb74-401f-9232-6715d0085fa0,zhang,4633306112
3609,fmgoat,fmgoat,0fd0b560-fb74-401f-9232-6715d0085fa0,korhonen,10880314705
3610,clear,clear,3674fa4b-b746-431b-ba3c-26d75f300c9b,zhang,4633306112
3611,good,good,3674fa4b-b746-431b-ba3c-26d75f300c9b,bad,v3
3612,korhonen,zhang,3674fa4b-b746-431b-ba3c-26d75f300c9b,korhonen,10880314705
3613,fmgoat,korhonen,3674fa4b-b746-431b-ba3c-26d75f300c9b,fmgoat,10880314705
3614,clear,zhang,3674fa4b-b746-431b-ba3c-26d75f300c9b,clear,10880314705
3615,korhonen,korhonen,3674fa4b-b746-431b-ba3c-26d75f300c9b,zhang,10880314705
3616,korhonen,zhang,3674fa4b-b746-431b-ba3c-26d75f300c9b,korhonen,6995068299
3617,good,good,3674fa4b-b746-431b-ba3c-26d75f300c9b,bad,v2
3618,clear,clear,3674fa4b-b746-431b-ba3c-26d75f300c9b,zhang,10880314705
3619,korhonen,korhonen,3674fa4b-b746-431b-ba3c-26d75f300c9b,zhang,10880314705
3620,clear,zhang,3674fa4b-b746-431b-ba3c-26d75f300c9b,clear,4633306112
3621,korhonen,korhonen,3674fa4b-b746-431b-ba3c-26d75f300c9b,stadv,6995068299
3622,fmgoat,korhonen,3674fa4b-b746-431b-ba3c-26d75f300c9b,fmgoat,10880314705
3623,zhang,zhang,3674fa4b-b746-431b-ba3c-26d75f300c9b,ifgsm,10880314705
3624,zhang,zhang,3674fa4b-b746-431b-ba3c-26d75f300c9b,ifgsm,10880314705
3625,korhonen,korhonen,3674fa4b-b746-431b-ba3c-26d75f300c9b,stadv,4633306112
3626,clear,clear,3674fa4b-b746-431b-ba3c-26d75f300c9b,zhang,4633306112
3627,clear,ifgsm,3674fa4b-b746-431b-ba3c-26d75f300c9b,clear,10880314705
3628,clear,clear,3674fa4b-b746-431b-ba3c-26d75f300c9b,ifgsm,10880314705
3629,clear,zhang,3674fa4b-b746-431b-ba3c-26d75f300c9b,clear,10880314705
3630,clear,stadv,3674fa4b-b746-431b-ba3c-26d75f300c9b,clear,2640025600
3631,good,bad,3674fa4b-b746-431b-ba3c-26d75f300c9b,good,v2
3632,clear,zhang,3674fa4b-b746-431b-ba3c-26d75f300c9b,clear,4633306112
3633,korhonen,stadv,3674fa4b-b746-431b-ba3c-26d75f300c9b,korhonen,6995068299
3634,fmgoat,fmgoat,3674fa4b-b746-431b-ba3c-26d75f300c9b,korhonen,10880314705
3635,korhonen,korhonen,42a6c0b8-4f61-4625-891b-31de3d489f1a,zhang,10880314705
3636,fmgoat,korhonen,42a6c0b8-4f61-4625-891b-31de3d489f1a,fmgoat,10880314705
3637,korhonen,korhonen,42a6c0b8-4f61-4625-891b-31de3d489f1a,zhang,10880314705
3638,zhang,zhang,42a6c0b8-4f61-4625-891b-31de3d489f1a,ifgsm,10880314705
3639,good,bad,42a6c0b8-4f61-4625-891b-31de3d489f1a,good,v2
3640,zhang,zhang,42a6c0b8-4f61-4625-891b-31de3d489f1a,ifgsm,10880314705
3641,zhang,zhang,42a6c0b8-4f61-4625-891b-31de3d489f1a,ifgsm,10880314705
3642,fmgoat,fmgoat,42a6c0b8-4f61-4625-891b-31de3d489f1a,korhonen,10880314705
3643,clear,ifgsm,42a6c0b8-4f61-4625-891b-31de3d489f1a,clear,10880314705
3644,good,bad,42a6c0b8-4f61-4625-891b-31de3d489f1a,good,v6
3645,korhonen,korhonen,42a6c0b8-4f61-4625-891b-31de3d489f1a,zhang,10880314705
3646,korhonen,korhonen,42a6c0b8-4f61-4625-891b-31de3d489f1a,zhang,10880314705
3647,korhonen,korhonen,42a6c0b8-4f61-4625-891b-31de3d489f1a,zhang,10880314705
3648,good,good,42a6c0b8-4f61-4625-891b-31de3d489f1a,bad,v3
3649,fmgoat,fmgoat,42a6c0b8-4f61-4625-891b-31de3d489f1a,korhonen,10880314705
3650,korhonen,korhonen,42a6c0b8-4f61-4625-891b-31de3d489f1a,stadv,6995068299
3651,fmgoat,fmgoat,42a6c0b8-4f61-4625-891b-31de3d489f1a,korhonen,10880314705
3652,korhonen,korhonen,42a6c0b8-4f61-4625-891b-31de3d489f1a,zhang,10880314705
3653,fmgoat,korhonen,42a6c0b8-4f61-4625-891b-31de3d489f1a,fmgoat,10880314705
3654,korhonen,zhang,42a6c0b8-4f61-4625-891b-31de3d489f1a,korhonen,10880314705
3655,korhonen,stadv,42a6c0b8-4f61-4625-891b-31de3d489f1a,korhonen,4633306112
3656,clear,zhang,42a6c0b8-4f61-4625-891b-31de3d489f1a,clear,10880314705
3657,clear,clear,42a6c0b8-4f61-4625-891b-31de3d489f1a,zhang,4633306112
3658,korhonen,korhonen,42a6c0b8-4f61-4625-891b-31de3d489f1a,zhang,10880314705
3659,korhonen,korhonen,42a6c0b8-4f61-4625-891b-31de3d489f1a,stadv,6995068299
3660,,clear,a635ba55-c6dc-4c3a-b020-9c634d045107,fmgoat,6027104916
3661,korhonen,stadv,a635ba55-c6dc-4c3a-b020-9c634d045107,korhonen,3567613299
3662,clear,korhonen,a635ba55-c6dc-4c3a-b020-9c634d045107,clear,2909358760
3663,korhonen,stadv,a635ba55-c6dc-4c3a-b020-9c634d045107,korhonen,5130906829
3664,ifgsm,ifgsm,a635ba55-c6dc-4c3a-b020-9c634d045107,stadv,2580252988
3665,zhang,ifgsm,a635ba55-c6dc-4c3a-b020-9c634d045107,zhang,9469622762
3666,zhang,stadv,a635ba55-c6dc-4c3a-b020-9c634d045107,zhang,7160553409
3667,fmgoat,fmgoat,a635ba55-c6dc-4c3a-b020-9c634d045107,ifgsm,6077930890
3668,fmgoat,korhonen,a635ba55-c6dc-4c3a-b020-9c634d045107,fmgoat,2612353606
3669,good,good,a635ba55-c6dc-4c3a-b020-9c634d045107,bad,v5
3670,clear,zhang,a635ba55-c6dc-4c3a-b020-9c634d045107,clear,4107566763
3671,korhonen,korhonen,a635ba55-c6dc-4c3a-b020-9c634d045107,stadv,10880314705
3672,clear,clear,a635ba55-c6dc-4c3a-b020-9c634d045107,zhang,4796228876
3673,ifgsm,ifgsm,a635ba55-c6dc-4c3a-b020-9c634d045107,zhang,2640025600
3674,korhonen,zhang,a635ba55-c6dc-4c3a-b020-9c634d045107,korhonen,8179375247
3675,good,bad,a635ba55-c6dc-4c3a-b020-9c634d045107,good,v2
3676,clear,zhang,a635ba55-c6dc-4c3a-b020-9c634d045107,clear,4842717407
3677,clear,korhonen,a635ba55-c6dc-4c3a-b020-9c634d045107,clear,9716988368
3678,fmgoat,stadv,a635ba55-c6dc-4c3a-b020-9c634d045107,fmgoat,4598385226
3679,zhang,stadv,a635ba55-c6dc-4c3a-b020-9c634d045107,zhang,5494503911
3680,zhang,stadv,a635ba55-c6dc-4c3a-b020-9c634d045107,zhang,9214795039
3681,fmgoat,fmgoat,a635ba55-c6dc-4c3a-b020-9c634d045107,stadv,8348001072
3682,korhonen,stadv,a635ba55-c6dc-4c3a-b020-9c634d045107,korhonen,9463363154
3683,ifgsm,ifgsm,a635ba55-c6dc-4c3a-b020-9c634d045107,stadv,5906203942
3684,good,good,a635ba55-c6dc-4c3a-b020-9c634d045107,bad,v4
3685,fmgoat,fmgoat,2a2ef774-1358-4335-a716-59dbbd1c420c,zhang,4424481742
3686,,korhonen,2a2ef774-1358-4335-a716-59dbbd1c420c,zhang,9469622762
3687,good,bad,2a2ef774-1358-4335-a716-59dbbd1c420c,good,v6
3688,clear,zhang,2a2ef774-1358-4335-a716-59dbbd1c420c,clear,4796228876
3689,fmgoat,stadv,2a2ef774-1358-4335-a716-59dbbd1c420c,fmgoat,4107566763
3690,clear,clear,2a2ef774-1358-4335-a716-59dbbd1c420c,fmgoat,6285601097
3691,zhang,zhang,2a2ef774-1358-4335-a716-59dbbd1c420c,stadv,3567613299
3692,korhonen,stadv,2a2ef774-1358-4335-a716-59dbbd1c420c,korhonen,3309384812
3693,good,bad,2a2ef774-1358-4335-a716-59dbbd1c420c,good,v6
3694,clear,clear,2a2ef774-1358-4335-a716-59dbbd1c420c,stadv,5906203942
3695,clear,clear,2a2ef774-1358-4335-a716-59dbbd1c420c,zhang,4519546786
3696,good,good,2a2ef774-1358-4335-a716-59dbbd1c420c,bad,v1
3697,fmgoat,fmgoat,2a2ef774-1358-4335-a716-59dbbd1c420c,clear,9463363154
3698,fmgoat,stadv,2a2ef774-1358-4335-a716-59dbbd1c420c,fmgoat,6077930890
3699,korhonen,zhang,2a2ef774-1358-4335-a716-59dbbd1c420c,korhonen,8597381500
3700,korhonen,korhonen,2a2ef774-1358-4335-a716-59dbbd1c420c,fmgoat,8351568109
3701,fmgoat,fmgoat,2a2ef774-1358-4335-a716-59dbbd1c420c,korhonen,7160553409
3702,,korhonen,09fec0ee-d305-4150-a1f1-545c1d00f1f1,fmgoat,4107566763
3703,zhang,stadv,09fec0ee-d305-4150-a1f1-545c1d00f1f1,zhang,2909358760
3704,clear,fmgoat,09fec0ee-d305-4150-a1f1-545c1d00f1f1,clear,8597381500
3705,clear,zhang,09fec0ee-d305-4150-a1f1-545c1d00f1f1,clear,9463363154
3706,clear,clear,09fec0ee-d305-4150-a1f1-545c1d00f1f1,zhang,7160553409
3707,good,bad,09fec0ee-d305-4150-a1f1-545c1d00f1f1,good,v7
3708,clear,stadv,09fec0ee-d305-4150-a1f1-545c1d00f1f1,clear,5130906829
3709,clear,zhang,09fec0ee-d305-4150-a1f1-545c1d00f1f1,clear,3309384812
3710,,korhonen,09fec0ee-d305-4150-a1f1-545c1d00f1f1,zhang,9214795039
3711,korhonen,korhonen,09fec0ee-d305-4150-a1f1-545c1d00f1f1,zhang,4796228876
3712,fmgoat,korhonen,09fec0ee-d305-4150-a1f1-545c1d00f1f1,fmgoat,9716988368
3713,fmgoat,zhang,09fec0ee-d305-4150-a1f1-545c1d00f1f1,fmgoat,5906203942
3714,zhang,zhang,09fec0ee-d305-4150-a1f1-545c1d00f1f1,stadv,4842717407
3715,clear,clear,09fec0ee-d305-4150-a1f1-545c1d00f1f1,zhang,6285601097
3716,,fmgoat,09fec0ee-d305-4150-a1f1-545c1d00f1f1,zhang,2580252988
3717,good,bad,09fec0ee-d305-4150-a1f1-545c1d00f1f1,good,v1
3718,clear,stadv,09fec0ee-d305-4150-a1f1-545c1d00f1f1,clear,4633306112
3719,good,good,09fec0ee-d305-4150-a1f1-545c1d00f1f1,bad,v3
3720,clear,clear,09fec0ee-d305-4150-a1f1-545c1d00f1f1,fmgoat,4519546786
3721,fmgoat,fmgoat,289d0096-4b26-47ec-91f8-87b37f79451f,stadv,4107566763
3722,clear,clear,289d0096-4b26-47ec-91f8-87b37f79451f,stadv,5906203942
3723,fmgoat,fmgoat,289d0096-4b26-47ec-91f8-87b37f79451f,zhang,4424481742
3724,korhonen,korhonen,289d0096-4b26-47ec-91f8-87b37f79451f,fmgoat,8351568109
3725,fmgoat,fmgoat,289d0096-4b26-47ec-91f8-87b37f79451f,stadv,4633306112
3726,good,bad,289d0096-4b26-47ec-91f8-87b37f79451f,good,v4
3727,clear,korhonen,289d0096-4b26-47ec-91f8-87b37f79451f,clear,9716988368
3728,clear,clear,289d0096-4b26-47ec-91f8-87b37f79451f,fmgoat,4842717407
3729,stadv,korhonen,289d0096-4b26-47ec-91f8-87b37f79451f,stadv,3309384812
3730,fmgoat,fmgoat,289d0096-4b26-47ec-91f8-87b37f79451f,stadv,6077930890
3731,clear,stadv,289d0096-4b26-47ec-91f8-87b37f79451f,clear,8597381500
3732,fmgoat,zhang,289d0096-4b26-47ec-91f8-87b37f79451f,fmgoat,7160553409
3733,korhonen,korhonen,289d0096-4b26-47ec-91f8-87b37f79451f,zhang,2580252988
3734,good,good,289d0096-4b26-47ec-91f8-87b37f79451f,bad,v4
3735,clear,clear,289d0096-4b26-47ec-91f8-87b37f79451f,fmgoat,3567613299
3736,korhonen,zhang,289d0096-4b26-47ec-91f8-87b37f79451f,korhonen,9469622762
3737,clear,zhang,289d0096-4b26-47ec-91f8-87b37f79451f,clear,4796228876
3738,fmgoat,clear,289d0096-4b26-47ec-91f8-87b37f79451f,fmgoat,6027104916
3739,good,good,289d0096-4b26-47ec-91f8-87b37f79451f,bad,v4
3740,good,bad,4b7ee35a-37ef-4865-af77-732393f9dc16,good,v5
3741,fmgoat,fmgoat,4b7ee35a-37ef-4865-af77-732393f9dc16,stadv,4633306112
3742,good,bad,4b7ee35a-37ef-4865-af77-732393f9dc16,good,v4
3743,clear,clear,4b7ee35a-37ef-4865-af77-732393f9dc16,fmgoat,7160553409
3744,fmgoat,fmgoat,4b7ee35a-37ef-4865-af77-732393f9dc16,korhonen,6077930890
3745,fmgoat,fmgoat,4b7ee35a-37ef-4865-af77-732393f9dc16,zhang,9716988368
3746,clear,zhang,4b7ee35a-37ef-4865-af77-732393f9dc16,clear,8351568109
3747,clear,clear,4b7ee35a-37ef-4865-af77-732393f9dc16,fmgoat,4842717407
3748,fmgoat,fmgoat,4b7ee35a-37ef-4865-af77-732393f9dc16,zhang,5130906829
3749,clear,korhonen,4b7ee35a-37ef-4865-af77-732393f9dc16,clear,9469622762
3750,zhang,zhang,4b7ee35a-37ef-4865-af77-732393f9dc16,stadv,5906203942
3751,korhonen,zhang,4b7ee35a-37ef-4865-af77-732393f9dc16,korhonen,3567613299
3752,good,bad,4b7ee35a-37ef-4865-af77-732393f9dc16,good,v5
3753,korhonen,korhonen,4b7ee35a-37ef-4865-af77-732393f9dc16,zhang,6285601097
3754,zhang,zhang,4b7ee35a-37ef-4865-af77-732393f9dc16,fmgoat,8597381500
3755,clear,clear,4b7ee35a-37ef-4865-af77-732393f9dc16,stadv,4424481742
3756,zhang,fmgoat,4b7ee35a-37ef-4865-af77-732393f9dc16,zhang,4107566763
3757,clear,zhang,b474a7ac-032a-4de8-952a-d9c1bde187a5,clear,8179375247
3758,fmgoat,stadv,b474a7ac-032a-4de8-952a-d9c1bde187a5,fmgoat,5906203942
3759,korhonen,korhonen,b474a7ac-032a-4de8-952a-d9c1bde187a5,zhang,6285601097
3760,good,bad,b474a7ac-032a-4de8-952a-d9c1bde187a5,good,v2
3761,clear,clear,b474a7ac-032a-4de8-952a-d9c1bde187a5,korhonen,9469622762
3762,fmgoat,korhonen,b474a7ac-032a-4de8-952a-d9c1bde187a5,fmgoat,6077930890
3763,fmgoat,fmgoat,b474a7ac-032a-4de8-952a-d9c1bde187a5,zhang,5130906829
3764,clear,clear,b474a7ac-032a-4de8-952a-d9c1bde187a5,stadv,4424481742
3765,fmgoat,fmgoat,b474a7ac-032a-4de8-952a-d9c1bde187a5,stadv,9214795039
3766,good,bad,b474a7ac-032a-4de8-952a-d9c1bde187a5,good,v7
3767,clear,clear,b474a7ac-032a-4de8-952a-d9c1bde187a5,fmgoat,4842717407
3768,fmgoat,fmgoat,b474a7ac-032a-4de8-952a-d9c1bde187a5,stadv,7160553409
3769,good,good,b474a7ac-032a-4de8-952a-d9c1bde187a5,bad,v7
3770,fmgoat,stadv,b474a7ac-032a-4de8-952a-d9c1bde187a5,fmgoat,4633306112
3771,fmgoat,fmgoat,b474a7ac-032a-4de8-952a-d9c1bde187a5,zhang,9716988368
3772,clear,clear,b474a7ac-032a-4de8-952a-d9c1bde187a5,fmgoat,2909358760
3773,clear,clear,b474a7ac-032a-4de8-952a-d9c1bde187a5,zhang,8351568109
3774,fmgoat,korhonen,137d0bd3-6c73-453a-b046-f76c563a7621,fmgoat,4633306112
3775,clear,clear,137d0bd3-6c73-453a-b046-f76c563a7621,stadv,4424481742
3776,,zhang,137d0bd3-6c73-453a-b046-f76c563a7621,fmgoat,4107566763
3777,fmgoat,stadv,137d0bd3-6c73-453a-b046-f76c563a7621,fmgoat,5906203942
3778,fmgoat,zhang,137d0bd3-6c73-453a-b046-f76c563a7621,fmgoat,5130906829
3779,,zhang,137d0bd3-6c73-453a-b046-f76c563a7621,korhonen,6285601097
3780,korhonen,zhang,137d0bd3-6c73-453a-b046-f76c563a7621,korhonen,3567613299
3781,clear,clear,137d0bd3-6c73-453a-b046-f76c563a7621,korhonen,9214795039
3782,clear,korhonen,137d0bd3-6c73-453a-b046-f76c563a7621,clear,9469622762
3783,zhang,fmgoat,137d0bd3-6c73-453a-b046-f76c563a7621,zhang,8597381500
3784,clear,clear,137d0bd3-6c73-453a-b046-f76c563a7621,fmgoat,4842717407
3785,good,bad,137d0bd3-6c73-453a-b046-f76c563a7621,good,v1
3786,good,bad,137d0bd3-6c73-453a-b046-f76c563a7621,good,v6
3787,fmgoat,fmgoat,137d0bd3-6c73-453a-b046-f76c563a7621,korhonen,6077930890
3788,clear,zhang,137d0bd3-6c73-453a-b046-f76c563a7621,clear,8351568109
3789,clear,zhang,137d0bd3-6c73-453a-b046-f76c563a7621,clear,8179375247
3790,good,bad,137d0bd3-6c73-453a-b046-f76c563a7621,good,v2
3791,clear,zhang,8ec4205f-47cc-4da1-b2ac-67c412d0e43a,clear,8351568109
3792,good,bad,8ec4205f-47cc-4da1-b2ac-67c412d0e43a,good,v2
3793,clear,zhang,8ec4205f-47cc-4da1-b2ac-67c412d0e43a,clear,8179375247
3794,zhang,fmgoat,8ec4205f-47cc-4da1-b2ac-67c412d0e43a,zhang,5130906829
3795,fmgoat,fmgoat,8ec4205f-47cc-4da1-b2ac-67c412d0e43a,stadv,4633306112
3796,clear,korhonen,8ec4205f-47cc-4da1-b2ac-67c412d0e43a,clear,9469622762
3797,clear,stadv,8ec4205f-47cc-4da1-b2ac-67c412d0e43a,clear,4424481742
3798,zhang,fmgoat,8ec4205f-47cc-4da1-b2ac-67c412d0e43a,zhang,4107566763
3799,clear,clear,8ec4205f-47cc-4da1-b2ac-67c412d0e43a,zhang,4842717407
3800,fmgoat,fmgoat,8ec4205f-47cc-4da1-b2ac-67c412d0e43a,stadv,5906203942
3801,good,good,8ec4205f-47cc-4da1-b2ac-67c412d0e43a,bad,v5
3802,clear,clear,8ec4205f-47cc-4da1-b2ac-67c412d0e43a,korhonen,9214795039
3803,fmgoat,fmgoat,8ec4205f-47cc-4da1-b2ac-67c412d0e43a,korhonen,6285601097
3804,good,good,8ec4205f-47cc-4da1-b2ac-67c412d0e43a,bad,v2
3805,fmgoat,korhonen,8ec4205f-47cc-4da1-b2ac-67c412d0e43a,fmgoat,6077930890
3806,fmgoat,fmgoat,8ec4205f-47cc-4da1-b2ac-67c412d0e43a,zhang,9716988368
3807,clear,korhonen,8ec4205f-47cc-4da1-b2ac-67c412d0e43a,clear,8597381500
3808,clear,zhang,b8e5f93c-5053-4503-a49d-1bfbe68cc8a2,clear,8351568109
3809,good,bad,b8e5f93c-5053-4503-a49d-1bfbe68cc8a2,good,v2
3810,clear,clear,b8e5f93c-5053-4503-a49d-1bfbe68cc8a2,fmgoat,4842717407
3811,good,bad,b8e5f93c-5053-4503-a49d-1bfbe68cc8a2,good,v2
3812,korhonen,zhang,b8e5f93c-5053-4503-a49d-1bfbe68cc8a2,korhonen,3567613299
3813,clear,stadv,b8e5f93c-5053-4503-a49d-1bfbe68cc8a2,clear,4424481742
3814,fmgoat,fmgoat,b8e5f93c-5053-4503-a49d-1bfbe68cc8a2,clear,2909358760
3815,clear,clear,b8e5f93c-5053-4503-a49d-1bfbe68cc8a2,stadv,9469622762
3816,fmgoat,fmgoat,b8e5f93c-5053-4503-a49d-1bfbe68cc8a2,stadv,9214795039
3817,fmgoat,fmgoat,b8e5f93c-5053-4503-a49d-1bfbe68cc8a2,korhonen,4633306112
3818,clear,zhang,b8e5f93c-5053-4503-a49d-1bfbe68cc8a2,clear,8179375247
3819,fmgoat,zhang,b8e5f93c-5053-4503-a49d-1bfbe68cc8a2,fmgoat,9716988368
3820,good,bad,b8e5f93c-5053-4503-a49d-1bfbe68cc8a2,good,v7
3821,clear,clear,b8e5f93c-5053-4503-a49d-1bfbe68cc8a2,korhonen,8597381500
3822,fmgoat,zhang,b8e5f93c-5053-4503-a49d-1bfbe68cc8a2,fmgoat,4107566763
3823,zhang,stadv,b8e5f93c-5053-4503-a49d-1bfbe68cc8a2,zhang,5906203942
3824,fmgoat,zhang,b8e5f93c-5053-4503-a49d-1bfbe68cc8a2,fmgoat,5130906829
3825,clear,clear,7ea904d9-2148-484a-89bd-27d867178d0b,korhonen,9214795039
3826,fmgoat,fmgoat,7ea904d9-2148-484a-89bd-27d867178d0b,stadv,4633306112
3827,clear,clear,7ea904d9-2148-484a-89bd-27d867178d0b,korhonen,8597381500
3828,zhang,zhang,7ea904d9-2148-484a-89bd-27d867178d0b,fmgoat,4107566763
3829,fmgoat,stadv,7ea904d9-2148-484a-89bd-27d867178d0b,fmgoat,7160553409
3830,clear,clear,7ea904d9-2148-484a-89bd-27d867178d0b,zhang,8351568109
3831,good,bad,7ea904d9-2148-484a-89bd-27d867178d0b,good,v2
3832,korhonen,korhonen,7ea904d9-2148-484a-89bd-27d867178d0b,zhang,3567613299
3833,good,good,7ea904d9-2148-484a-89bd-27d867178d0b,bad,v6
3834,fmgoat,stadv,7ea904d9-2148-484a-89bd-27d867178d0b,fmgoat,5906203942
3835,fmgoat,fmgoat,7ea904d9-2148-484a-89bd-27d867178d0b,zhang,9716988368
3836,korhonen,korhonen,7ea904d9-2148-484a-89bd-27d867178d0b,fmgoat,6077930890
3837,clear,stadv,7ea904d9-2148-484a-89bd-27d867178d0b,clear,9469622762
3838,clear,fmgoat,7ea904d9-2148-484a-89bd-27d867178d0b,clear,4842717407
3839,fmgoat,korhonen,7ea904d9-2148-484a-89bd-27d867178d0b,fmgoat,6285601097
3840,good,bad,7ea904d9-2148-484a-89bd-27d867178d0b,good,v4
3841,clear,clear,7ea904d9-2148-484a-89bd-27d867178d0b,stadv,4424481742
3842,fmgoat,zhang,d5e2126a-4811-48db-8bf2-e137e56aade3,fmgoat,9716988368
3843,good,bad,d5e2126a-4811-48db-8bf2-e137e56aade3,good,v4
3844,zhang,zhang,d5e2126a-4811-48db-8bf2-e137e56aade3,fmgoat,8597381500
3845,clear,stadv,d5e2126a-4811-48db-8bf2-e137e56aade3,clear,9469622762
3846,clear,fmgoat,d5e2126a-4811-48db-8bf2-e137e56aade3,clear,4842717407
3847,korhonen,zhang,d5e2126a-4811-48db-8bf2-e137e56aade3,korhonen,3567613299
3848,,fmgoat,d5e2126a-4811-48db-8bf2-e137e56aade3,clear,7160553409
3849,fmgoat,fmgoat,d5e2126a-4811-48db-8bf2-e137e56aade3,korhonen,6077930890
3850,clear,clear,d5e2126a-4811-48db-8bf2-e137e56aade3,stadv,4424481742
3851,fmgoat,fmgoat,d5e2126a-4811-48db-8bf2-e137e56aade3,korhonen,6285601097
3852,fmgoat,stadv,d5e2126a-4811-48db-8bf2-e137e56aade3,fmgoat,9214795039
3853,fmgoat,fmgoat,d5e2126a-4811-48db-8bf2-e137e56aade3,korhonen,4633306112
3854,good,bad,d5e2126a-4811-48db-8bf2-e137e56aade3,good,v2
3855,good,good,d5e2126a-4811-48db-8bf2-e137e56aade3,bad,v2
3856,zhang,fmgoat,d5e2126a-4811-48db-8bf2-e137e56aade3,zhang,5130906829
3857,zhang,fmgoat,d5e2126a-4811-48db-8bf2-e137e56aade3,zhang,4107566763
3858,clear,clear,d0b51d14-8e57-4bb2-b1a7-15fd966a8c74,korhonen,9214795039
3859,zhang,stadv,d0b51d14-8e57-4bb2-b1a7-15fd966a8c74,zhang,5906203942
3860,good,bad,d0b51d14-8e57-4bb2-b1a7-15fd966a8c74,good,v6
3861,clear,clear,d0b51d14-8e57-4bb2-b1a7-15fd966a8c74,zhang,8179375247
3862,korhonen,korhonen,d0b51d14-8e57-4bb2-b1a7-15fd966a8c74,zhang,3567613299
3863,fmgoat,korhonen,d0b51d14-8e57-4bb2-b1a7-15fd966a8c74,fmgoat,6285601097
3864,good,bad,d0b51d14-8e57-4bb2-b1a7-15fd966a8c74,good,v3
3865,fmgoat,zhang,d0b51d14-8e57-4bb2-b1a7-15fd966a8c74,fmgoat,5130906829
3866,good,good,d0b51d14-8e57-4bb2-b1a7-15fd966a8c74,bad,v7
3867,fmgoat,fmgoat,d0b51d14-8e57-4bb2-b1a7-15fd966a8c74,stadv,7160553409
3868,fmgoat,zhang,d0b51d14-8e57-4bb2-b1a7-15fd966a8c74,fmgoat,4107566763
3869,clear,stadv,d0b51d14-8e57-4bb2-b1a7-15fd966a8c74,clear,4424481742
3870,clear,korhonen,d0b51d14-8e57-4bb2-b1a7-15fd966a8c74,clear,8597381500
3871,clear,zhang,d0b51d14-8e57-4bb2-b1a7-15fd966a8c74,clear,8351568109
3872,clear,zhang,d0b51d14-8e57-4bb2-b1a7-15fd966a8c74,clear,4842717407
3873,clear,clear,d0b51d14-8e57-4bb2-b1a7-15fd966a8c74,korhonen,9469622762
3874,fmgoat,stadv,d0b51d14-8e57-4bb2-b1a7-15fd966a8c74,fmgoat,4633306112
3875,,clear,d0b51d14-8e57-4bb2-b1a7-15fd966a8c74,fmgoat,2909358760
3876,,fmgoat,63a43335-220a-4eab-b73b-d89ba2fcb024,stadv,9214795039
3877,korhonen,zhang,63a43335-220a-4eab-b73b-d89ba2fcb024,korhonen,3567613299
3878,zhang,zhang,63a43335-220a-4eab-b73b-d89ba2fcb024,stadv,5906203942
3879,good,bad,63a43335-220a-4eab-b73b-d89ba2fcb024,good,v3
3880,fmgoat,stadv,63a43335-220a-4eab-b73b-d89ba2fcb024,fmgoat,4633306112
3881,clear,stadv,63a43335-220a-4eab-b73b-d89ba2fcb024,clear,4424481742
3882,good,good,63a43335-220a-4eab-b73b-d89ba2fcb024,bad,v3
3883,clear,fmgoat,63a43335-220a-4eab-b73b-d89ba2fcb024,clear,4842717407
3884,clear,korhonen,63a43335-220a-4eab-b73b-d89ba2fcb024,clear,8597381500
3885,clear,zhang,63a43335-220a-4eab-b73b-d89ba2fcb024,clear,8351568109
3886,good,good,63a43335-220a-4eab-b73b-d89ba2fcb024,bad,v7
3887,zhang,fmgoat,63a43335-220a-4eab-b73b-d89ba2fcb024,zhang,4107566763
3888,fmgoat,fmgoat,63a43335-220a-4eab-b73b-d89ba2fcb024,zhang,9716988368
3889,fmgoat,fmgoat,63a43335-220a-4eab-b73b-d89ba2fcb024,korhonen,6077930890
3890,clear,clear,63a43335-220a-4eab-b73b-d89ba2fcb024,korhonen,9469622762
3891,,zhang,63a43335-220a-4eab-b73b-d89ba2fcb024,fmgoat,5130906829
3892,clear,clear,86418385-b9d0-41fb-8151-7d29ce12a8e9,zhang,8351568109
3893,clear,stadv,86418385-b9d0-41fb-8151-7d29ce12a8e9,clear,9469622762
3894,clear,korhonen,86418385-b9d0-41fb-8151-7d29ce12a8e9,clear,8597381500
3895,fmgoat,korhonen,86418385-b9d0-41fb-8151-7d29ce12a8e9,fmgoat,6077930890
3896,clear,fmgoat,86418385-b9d0-41fb-8151-7d29ce12a8e9,clear,2909358760
3897,good,good,86418385-b9d0-41fb-8151-7d29ce12a8e9,bad,v3
3898,korhonen,zhang,86418385-b9d0-41fb-8151-7d29ce12a8e9,korhonen,6285601097
3899,fmgoat,stadv,86418385-b9d0-41fb-8151-7d29ce12a8e9,fmgoat,7160553409
3900,korhonen,zhang,86418385-b9d0-41fb-8151-7d29ce12a8e9,korhonen,3567613299
3901,clear,stadv,86418385-b9d0-41fb-8151-7d29ce12a8e9,clear,4424481742
3902,fmgoat,stadv,86418385-b9d0-41fb-8151-7d29ce12a8e9,fmgoat,4633306112
3903,good,good,86418385-b9d0-41fb-8151-7d29ce12a8e9,bad,v4
3904,fmgoat,zhang,86418385-b9d0-41fb-8151-7d29ce12a8e9,fmgoat,9716988368
3905,clear,clear,86418385-b9d0-41fb-8151-7d29ce12a8e9,korhonen,9214795039
3906,fmgoat,stadv,86418385-b9d0-41fb-8151-7d29ce12a8e9,fmgoat,5906203942
3907,good,bad,86418385-b9d0-41fb-8151-7d29ce12a8e9,good,v2
3908,clear,fmgoat,86418385-b9d0-41fb-8151-7d29ce12a8e9,clear,4842717407
3909,,zhang,86418385-b9d0-41fb-8151-7d29ce12a8e9,fmgoat,5130906829
3910,good,bad,ac7b369d-0963-4da4-8244-a165113fc0ac,good,v5
3911,fmgoat,fmgoat,ac7b369d-0963-4da4-8244-a165113fc0ac,korhonen,4633306112
3912,clear,stadv,ac7b369d-0963-4da4-8244-a165113fc0ac,clear,4424481742
3913,fmgoat,zhang,ac7b369d-0963-4da4-8244-a165113fc0ac,fmgoat,8597381500
3914,clear,zhang,ac7b369d-0963-4da4-8244-a165113fc0ac,clear,8351568109
3915,korhonen,korhonen,ac7b369d-0963-4da4-8244-a165113fc0ac,zhang,3567613299
3916,fmgoat,zhang,ac7b369d-0963-4da4-8244-a165113fc0ac,fmgoat,5130906829
3917,good,bad,ac7b369d-0963-4da4-8244-a165113fc0ac,good,v6
3918,fmgoat,fmgoat,ac7b369d-0963-4da4-8244-a165113fc0ac,stadv,5906203942
3919,fmgoat,fmgoat,ac7b369d-0963-4da4-8244-a165113fc0ac,zhang,9716988368
3920,fmgoat,stadv,ac7b369d-0963-4da4-8244-a165113fc0ac,fmgoat,7160553409
3921,fmgoat,zhang,ac7b369d-0963-4da4-8244-a165113fc0ac,fmgoat,4107566763
3922,good,good,ac7b369d-0963-4da4-8244-a165113fc0ac,bad,v2
3923,clear,stadv,ac7b369d-0963-4da4-8244-a165113fc0ac,clear,9469622762
3924,fmgoat,fmgoat,ac7b369d-0963-4da4-8244-a165113fc0ac,korhonen,6285601097
3925,clear,clear,ac7b369d-0963-4da4-8244-a165113fc0ac,zhang,8179375247
3926,clear,clear,1a7325db-d29e-40a1-8e2c-71ba6962f551,zhang,8351568109
3927,korhonen,zhang,1a7325db-d29e-40a1-8e2c-71ba6962f551,korhonen,3567613299
3928,clear,clear,1a7325db-d29e-40a1-8e2c-71ba6962f551,fmgoat,2909358760
3929,fmgoat,korhonen,1a7325db-d29e-40a1-8e2c-71ba6962f551,fmgoat,6285601097
3930,clear,fmgoat,1a7325db-d29e-40a1-8e2c-71ba6962f551,clear,7160553409
3931,zhang,stadv,1a7325db-d29e-40a1-8e2c-71ba6962f551,zhang,5906203942
3932,clear,clear,1a7325db-d29e-40a1-8e2c-71ba6962f551,zhang,8179375247
3933,,zhang,1a7325db-d29e-40a1-8e2c-71ba6962f551,fmgoat,9716988368
3934,clear,clear,1a7325db-d29e-40a1-8e2c-71ba6962f551,fmgoat,4842717407
3935,zhang,fmgoat,1a7325db-d29e-40a1-8e2c-71ba6962f551,zhang,8597381500
3936,fmgoat,zhang,1a7325db-d29e-40a1-8e2c-71ba6962f551,fmgoat,5130906829
3937,good,bad,1a7325db-d29e-40a1-8e2c-71ba6962f551,good,v1
3938,good,bad,1a7325db-d29e-40a1-8e2c-71ba6962f551,good,v7
3939,fmgoat,stadv,1a7325db-d29e-40a1-8e2c-71ba6962f551,fmgoat,4633306112
3940,good,bad,1a7325db-d29e-40a1-8e2c-71ba6962f551,good,v3
3941,clear,clear,1a7325db-d29e-40a1-8e2c-71ba6962f551,korhonen,9214795039
3942,clear,stadv,1a7325db-d29e-40a1-8e2c-71ba6962f551,clear,4424481742
3943,fmgoat,fmgoat,a5bde3f6-6232-4986-a8a8-ea6295f37f56,korhonen,7160553409
3944,good,bad,a5bde3f6-6232-4986-a8a8-ea6295f37f56,good,v3
3945,clear,stadv,a5bde3f6-6232-4986-a8a8-ea6295f37f56,clear,5906203942
3946,korhonen,korhonen,a5bde3f6-6232-4986-a8a8-ea6295f37f56,zhang,8597381500
3947,zhang,zhang,a5bde3f6-6232-4986-a8a8-ea6295f37f56,stadv,3567613299
3948,clear,clear,a5bde3f6-6232-4986-a8a8-ea6295f37f56,zhang,4519546786
3949,clear,clear,a5bde3f6-6232-4986-a8a8-ea6295f37f56,stadv,3309384812
3950,fmgoat,fmgoat,a5bde3f6-6232-4986-a8a8-ea6295f37f56,clear,9463363154
3951,clear,korhonen,a5bde3f6-6232-4986-a8a8-ea6295f37f56,clear,4598385226
3952,good,bad,a5bde3f6-6232-4986-a8a8-ea6295f37f56,good,v7
3953,,korhonen,a5bde3f6-6232-4986-a8a8-ea6295f37f56,zhang,2580252988
3954,korhonen,zhang,a5bde3f6-6232-4986-a8a8-ea6295f37f56,korhonen,9469622762
3955,korhonen,zhang,a5bde3f6-6232-4986-a8a8-ea6295f37f56,korhonen,9716988368
3956,good,good,a5bde3f6-6232-4986-a8a8-ea6295f37f56,bad,v4
3957,fmgoat,fmgoat,a5bde3f6-6232-4986-a8a8-ea6295f37f56,zhang,4424481742
3958,clear,clear,a5bde3f6-6232-4986-a8a8-ea6295f37f56,zhang,4796228876
3959,fmgoat,stadv,a5bde3f6-6232-4986-a8a8-ea6295f37f56,fmgoat,4107566763
3960,korhonen,fmgoat,a5bde3f6-6232-4986-a8a8-ea6295f37f56,korhonen,8351568109
3961,good,good,4609164c-3649-4f36-aa09-7fc4793caf9f,bad,v2
3962,zhang,zhang,4609164c-3649-4f36-aa09-7fc4793caf9f,korhonen,4796228876
3963,korhonen,korhonen,4609164c-3649-4f36-aa09-7fc4793caf9f,stadv,8597381500
3964,clear,clear,4609164c-3649-4f36-aa09-7fc4793caf9f,zhang,5130906829
3965,good,good,4609164c-3649-4f36-aa09-7fc4793caf9f,bad,v1
3966,fmgoat,stadv,4609164c-3649-4f36-aa09-7fc4793caf9f,fmgoat,4424481742
3967,clear,clear,4609164c-3649-4f36-aa09-7fc4793caf9f,korhonen,8351568109
3968,zhang,fmgoat,4609164c-3649-4f36-aa09-7fc4793caf9f,zhang,4842717407
3969,korhonen,stadv,4609164c-3649-4f36-aa09-7fc4793caf9f,korhonen,2909358760
3970,zhang,stadv,4609164c-3649-4f36-aa09-7fc4793caf9f,zhang,6027104916
3971,zhang,stadv,4609164c-3649-4f36-aa09-7fc4793caf9f,zhang,4519546786
3972,zhang,stadv,4609164c-3649-4f36-aa09-7fc4793caf9f,zhang,2580252988
3973,clear,clear,4609164c-3649-4f36-aa09-7fc4793caf9f,korhonen,7160553409
3974,good,good,4609164c-3649-4f36-aa09-7fc4793caf9f,bad,v4
3975,,korhonen,4609164c-3649-4f36-aa09-7fc4793caf9f,zhang,6077930890
3976,korhonen,stadv,1f94eafc-4cde-49bb-ad64-ca38c6ad3dbb,korhonen,8597381500
3977,good,bad,1f94eafc-4cde-49bb-ad64-ca38c6ad3dbb,good,v5
3978,clear,korhonen,1f94eafc-4cde-49bb-ad64-ca38c6ad3dbb,clear,7160553409
3979,korhonen,korhonen,1f94eafc-4cde-49bb-ad64-ca38c6ad3dbb,stadv,2909358760
3980,clear,clear,1f94eafc-4cde-49bb-ad64-ca38c6ad3dbb,korhonen,6285601097
3981,,korhonen,1f94eafc-4cde-49bb-ad64-ca38c6ad3dbb,zhang,3309384812
3982,clear,clear,1f94eafc-4cde-49bb-ad64-ca38c6ad3dbb,korhonen,8351568109
3983,zhang,zhang,1f94eafc-4cde-49bb-ad64-ca38c6ad3dbb,stadv,2580252988
3984,korhonen,fmgoat,1f94eafc-4cde-49bb-ad64-ca38c6ad3dbb,korhonen,4842717407
3985,good,good,1f94eafc-4cde-49bb-ad64-ca38c6ad3dbb,bad,v1
3986,fmgoat,fmgoat,1f94eafc-4cde-49bb-ad64-ca38c6ad3dbb,korhonen,6027104916
3987,fmgoat,korhonen,1f94eafc-4cde-49bb-ad64-ca38c6ad3dbb,fmgoat,9716988368
3988,clear,clear,1f94eafc-4cde-49bb-ad64-ca38c6ad3dbb,stadv,4796228876
3989,clear,zhang,1f94eafc-4cde-49bb-ad64-ca38c6ad3dbb,clear,4633306112
3990,good,good,1f94eafc-4cde-49bb-ad64-ca38c6ad3dbb,bad,v4
3991,clear,clear,1f94eafc-4cde-49bb-ad64-ca38c6ad3dbb,korhonen,3567613299
3992,clear,zhang,1f94eafc-4cde-49bb-ad64-ca38c6ad3dbb,clear,5130906829
3993,,zhang,1f94eafc-4cde-49bb-ad64-ca38c6ad3dbb,korhonen,6077930890
3994,korhonen,stadv,e6261728-bb17-4655-8e05-73f87a3d959c,korhonen,7160553409
3995,clear,clear,e6261728-bb17-4655-8e05-73f87a3d959c,zhang,2909358760
3996,good,bad,e6261728-bb17-4655-8e05-73f87a3d959c,good,v3
3997,clear,clear,e6261728-bb17-4655-8e05-73f87a3d959c,zhang,9463363154
3998,fmgoat,korhonen,e6261728-bb17-4655-8e05-73f87a3d959c,fmgoat,6027104916
3999,korhonen,korhonen,e6261728-bb17-4655-8e05-73f87a3d959c,zhang,6077930890
4000,clear,clear,e6261728-bb17-4655-8e05-73f87a3d959c,korhonen,3567613299
4001,korhonen,korhonen,e6261728-bb17-4655-8e05-73f87a3d959c,fmgoat,4107566763
4002,korhonen,fmgoat,e6261728-bb17-4655-8e05-73f87a3d959c,korhonen,4842717407
4003,korhonen,korhonen,e6261728-bb17-4655-8e05-73f87a3d959c,stadv,8597381500
4004,good,bad,e6261728-bb17-4655-8e05-73f87a3d959c,good,v2
4005,clear,stadv,e6261728-bb17-4655-8e05-73f87a3d959c,clear,4519546786
4006,korhonen,zhang,e6261728-bb17-4655-8e05-73f87a3d959c,korhonen,3309384812
4007,zhang,zhang,e6261728-bb17-4655-8e05-73f87a3d959c,stadv,4633306112
4008,fmgoat,fmgoat,e6261728-bb17-4655-8e05-73f87a3d959c,stadv,4796228876
4009,clear,clear,e6261728-bb17-4655-8e05-73f87a3d959c,zhang,5130906829
4010,good,bad,e6261728-bb17-4655-8e05-73f87a3d959c,good,v7
4011,fmgoat,fmgoat,e6261728-bb17-4655-8e05-73f87a3d959c,korhonen,8348001072
4012,clear,zhang,180f4ef9-6359-4100-9c21-3eb3296c5685,clear,4424481742
4013,korhonen,fmgoat,180f4ef9-6359-4100-9c21-3eb3296c5685,korhonen,6027104916
4014,clear,clear,180f4ef9-6359-4100-9c21-3eb3296c5685,stadv,8179375247
4015,,korhonen,180f4ef9-6359-4100-9c21-3eb3296c5685,zhang,6077930890
4016,fmgoat,fmgoat,180f4ef9-6359-4100-9c21-3eb3296c5685,clear,9716988368
4017,korhonen,fmgoat,180f4ef9-6359-4100-9c21-3eb3296c5685,korhonen,4107566763
4018,good,bad,180f4ef9-6359-4100-9c21-3eb3296c5685,good,v3
4019,korhonen,stadv,180f4ef9-6359-4100-9c21-3eb3296c5685,korhonen,9214795039
4020,clear,korhonen,180f4ef9-6359-4100-9c21-3eb3296c5685,clear,7160553409
4021,clear,fmgoat,180f4ef9-6359-4100-9c21-3eb3296c5685,clear,4796228876
4022,good,bad,180f4ef9-6359-4100-9c21-3eb3296c5685,good,v2
4023,zhang,zhang,180f4ef9-6359-4100-9c21-3eb3296c5685,stadv,2580252988
4024,clear,clear,180f4ef9-6359-4100-9c21-3eb3296c5685,korhonen,8348001072
4025,clear,stadv,180f4ef9-6359-4100-9c21-3eb3296c5685,clear,3567613299
4026,zhang,fmgoat,180f4ef9-6359-4100-9c21-3eb3296c5685,zhang,4842717407
4027,korhonen,korhonen,180f4ef9-6359-4100-9c21-3eb3296c5685,stadv,8597381500
4028,clear,clear,180f4ef9-6359-4100-9c21-3eb3296c5685,fmgoat,9463363154
4029,clear,clear,180f4ef9-6359-4100-9c21-3eb3296c5685,zhang,2909358760
4030,good,good,180f4ef9-6359-4100-9c21-3eb3296c5685,bad,v5
4031,good,good,9b70584c-7367-4dd3-830b-cf410c553ee4,bad,v6
4032,clear,clear,9b70584c-7367-4dd3-830b-cf410c553ee4,zhang,2909358760
4033,clear,clear,9b70584c-7367-4dd3-830b-cf410c553ee4,zhang,6285601097
4034,,korhonen,9b70584c-7367-4dd3-830b-cf410c553ee4,fmgoat,6027104916
4035,korhonen,korhonen,9b70584c-7367-4dd3-830b-cf410c553ee4,fmgoat,4842717407
4036,zhang,zhang,9b70584c-7367-4dd3-830b-cf410c553ee4,stadv,4633306112
4037,,fmgoat,9b70584c-7367-4dd3-830b-cf410c553ee4,zhang,8179375247
4038,zhang,zhang,9b70584c-7367-4dd3-830b-cf410c553ee4,stadv,2580252988
4039,fmgoat,fmgoat,9b70584c-7367-4dd3-830b-cf410c553ee4,zhang,3567613299
4040,good,good,9b70584c-7367-4dd3-830b-cf410c553ee4,bad,v6
4041,,korhonen,9b70584c-7367-4dd3-830b-cf410c553ee4,zhang,9214795039
4042,korhonen,korhonen,9b70584c-7367-4dd3-830b-cf410c553ee4,fmgoat,8348001072
4043,,zhang,9b70584c-7367-4dd3-830b-cf410c553ee4,korhonen,8351568109
4044,good,bad,9b70584c-7367-4dd3-830b-cf410c553ee4,good,v6
4045,fmgoat,korhonen,9b70584c-7367-4dd3-830b-cf410c553ee4,fmgoat,4424481742
4046,korhonen,stadv,9b70584c-7367-4dd3-830b-cf410c553ee4,korhonen,8597381500
4047,zhang,zhang,9b70584c-7367-4dd3-830b-cf410c553ee4,stadv,3309384812
4048,korhonen,stadv,9b70584c-7367-4dd3-830b-cf410c553ee4,korhonen,4519546786
4049,clear,clear,9b70584c-7367-4dd3-830b-cf410c553ee4,zhang,5130906829
4050,,zhang,9b70584c-7367-4dd3-830b-cf410c553ee4,korhonen,9463363154
4051,fmgoat,fmgoat,53144308-d79e-40c4-adac-1a74e54c4019,clear,5906203942
4052,zhang,stadv,53144308-d79e-40c4-adac-1a74e54c4019,zhang,4796228876
4053,korhonen,clear,53144308-d79e-40c4-adac-1a74e54c4019,korhonen,3567613299
4054,korhonen,stadv,53144308-d79e-40c4-adac-1a74e54c4019,korhonen,9469622762
4055,clear,korhonen,53144308-d79e-40c4-adac-1a74e54c4019,clear,2909358760
4056,zhang,zhang,53144308-d79e-40c4-adac-1a74e54c4019,stadv,3309384812
4057,good,bad,53144308-d79e-40c4-adac-1a74e54c4019,good,v2
4058,good,good,53144308-d79e-40c4-adac-1a74e54c4019,bad,v4
4059,korhonen,korhonen,53144308-d79e-40c4-adac-1a74e54c4019,fmgoat,9214795039
4060,zhang,stadv,53144308-d79e-40c4-adac-1a74e54c4019,zhang,8597381500
4061,clear,zhang,53144308-d79e-40c4-adac-1a74e54c4019,clear,4424481742
4062,fmgoat,korhonen,53144308-d79e-40c4-adac-1a74e54c4019,fmgoat,8348001072
4063,good,good,53144308-d79e-40c4-adac-1a74e54c4019,bad,v7
4064,,fmgoat,53144308-d79e-40c4-adac-1a74e54c4019,korhonen,2580252988
4065,zhang,zhang,53144308-d79e-40c4-adac-1a74e54c4019,stadv,4842717407
4066,korhonen,stadv,53144308-d79e-40c4-adac-1a74e54c4019,korhonen,9716988368
4067,korhonen,stadv,997d7bab-8cf5-47dc-9d09-578f2e27808f,korhonen,4796228876
4068,good,bad,997d7bab-8cf5-47dc-9d09-578f2e27808f,good,v4
4069,clear,clear,997d7bab-8cf5-47dc-9d09-578f2e27808f,zhang,9716988368
4070,clear,clear,997d7bab-8cf5-47dc-9d09-578f2e27808f,korhonen,4598385226
4071,clear,clear,997d7bab-8cf5-47dc-9d09-578f2e27808f,zhang,9469622762
4072,zhang,zhang,997d7bab-8cf5-47dc-9d09-578f2e27808f,stadv,6285601097
4073,clear,clear,997d7bab-8cf5-47dc-9d09-578f2e27808f,zhang,9463363154
4074,zhang,stadv,997d7bab-8cf5-47dc-9d09-578f2e27808f,zhang,5130906829
4075,good,bad,997d7bab-8cf5-47dc-9d09-578f2e27808f,good,v3
4076,korhonen,stadv,997d7bab-8cf5-47dc-9d09-578f2e27808f,korhonen,4107566763
4077,good,good,997d7bab-8cf5-47dc-9d09-578f2e27808f,bad,v2
4078,stadv,stadv,997d7bab-8cf5-47dc-9d09-578f2e27808f,zhang,4424481742
4079,clear,stadv,997d7bab-8cf5-47dc-9d09-578f2e27808f,clear,3567613299
4080,clear,clear,997d7bab-8cf5-47dc-9d09-578f2e27808f,zhang,4519546786
4081,clear,korhonen,997d7bab-8cf5-47dc-9d09-578f2e27808f,clear,8179375247
4082,zhang,stadv,997d7bab-8cf5-47dc-9d09-578f2e27808f,zhang,7160553409
4083,zhang,stadv,997d7bab-8cf5-47dc-9d09-578f2e27808f,zhang,4633306112
4084,fmgoat,fmgoat,997d7bab-8cf5-47dc-9d09-578f2e27808f,stadv,3309384812
4085,zhang,zhang,997d7bab-8cf5-47dc-9d09-578f2e27808f,stadv,6077930890
4086,clear,clear,5c12e615-f36f-44ab-a910-619ca5fc3575,zhang,8597381500
4087,korhonen,korhonen,5c12e615-f36f-44ab-a910-619ca5fc3575,zhang,6285601097
4088,good,bad,5c12e615-f36f-44ab-a910-619ca5fc3575,good,v6
4089,fmgoat,korhonen,5c12e615-f36f-44ab-a910-619ca5fc3575,fmgoat,4633306112
4090,good,bad,5c12e615-f36f-44ab-a910-619ca5fc3575,good,v1
4091,fmgoat,fmgoat,5c12e615-f36f-44ab-a910-619ca5fc3575,stadv,9469622762
4092,korhonen,stadv,5c12e615-f36f-44ab-a910-619ca5fc3575,korhonen,6077930890
4093,fmgoat,stadv,5c12e615-f36f-44ab-a910-619ca5fc3575,fmgoat,8179375247
4094,clear,clear,5c12e615-f36f-44ab-a910-619ca5fc3575,fmgoat,4796228876
4095,zhang,zhang,5c12e615-f36f-44ab-a910-619ca5fc3575,korhonen,4519546786
4096,korhonen,korhonen,5c12e615-f36f-44ab-a910-619ca5fc3575,stadv,3309384812
4097,zhang,stadv,5c12e615-f36f-44ab-a910-619ca5fc3575,zhang,2909358760
4098,fmgoat,zhang,5c12e615-f36f-44ab-a910-619ca5fc3575,fmgoat,7160553409
4099,clear,stadv,5c12e615-f36f-44ab-a910-619ca5fc3575,clear,9463363154
4100,zhang,fmgoat,5c12e615-f36f-44ab-a910-619ca5fc3575,zhang,9214795039
4101,fmgoat,fmgoat,5c12e615-f36f-44ab-a910-619ca5fc3575,stadv,2580252988
4102,good,good,5c12e615-f36f-44ab-a910-619ca5fc3575,bad,v4
4103,clear,korhonen,5c12e615-f36f-44ab-a910-619ca5fc3575,clear,5130906829
4104,clear,clear,5c12e615-f36f-44ab-a910-619ca5fc3575,stadv,4107566763
4105,good,good,f015654b-fd28-4469-8ab6-4bbdc4b25c3b,bad,v4
4106,clear,korhonen,f015654b-fd28-4469-8ab6-4bbdc4b25c3b,clear,6285601097
4107,good,bad,f015654b-fd28-4469-8ab6-4bbdc4b25c3b,good,v3
4108,good,good,f015654b-fd28-4469-8ab6-4bbdc4b25c3b,bad,v1
4109,korhonen,korhonen,f015654b-fd28-4469-8ab6-4bbdc4b25c3b,zhang,4842717407
4110,clear,clear,f015654b-fd28-4469-8ab6-4bbdc4b25c3b,korhonen,7160553409
4111,clear,zhang,f015654b-fd28-4469-8ab6-4bbdc4b25c3b,clear,5130906829
4112,clear,clear,f015654b-fd28-4469-8ab6-4bbdc4b25c3b,korhonen,8351568109
4113,zhang,stadv,f015654b-fd28-4469-8ab6-4bbdc4b25c3b,zhang,6027104916
4114,korhonen,zhang,f015654b-fd28-4469-8ab6-4bbdc4b25c3b,korhonen,5906203942
4115,clear,stadv,f015654b-fd28-4469-8ab6-4bbdc4b25c3b,clear,4796228876
4116,korhonen,korhonen,f015654b-fd28-4469-8ab6-4bbdc4b25c3b,zhang,2580252988
4117,zhang,zhang,f015654b-fd28-4469-8ab6-4bbdc4b25c3b,korhonen,6077930890
4118,korhonen,korhonen,f015654b-fd28-4469-8ab6-4bbdc4b25c3b,zhang,8597381500
4119,korhonen,korhonen,f015654b-fd28-4469-8ab6-4bbdc4b25c3b,zhang,2909358760
4120,clear,clear,48bdd316-d828-4478-9cfb-3b94ac7dc06e,fmgoat,3567613299
4121,good,bad,48bdd316-d828-4478-9cfb-3b94ac7dc06e,good,v2
4122,clear,clear,48bdd316-d828-4478-9cfb-3b94ac7dc06e,korhonen,3309384812
4123,fmgoat,zhang,48bdd316-d828-4478-9cfb-3b94ac7dc06e,fmgoat,6285601097
4124,good,bad,48bdd316-d828-4478-9cfb-3b94ac7dc06e,good,v4
4125,clear,fmgoat,48bdd316-d828-4478-9cfb-3b94ac7dc06e,clear,2580252988
4126,fmgoat,stadv,48bdd316-d828-4478-9cfb-3b94ac7dc06e,fmgoat,4633306112
4127,good,bad,48bdd316-d828-4478-9cfb-3b94ac7dc06e,good,v3
4128,clear,clear,48bdd316-d828-4478-9cfb-3b94ac7dc06e,fmgoat,9469622762
4129,clear,clear,48bdd316-d828-4478-9cfb-3b94ac7dc06e,fmgoat,6077930890
4130,,korhonen,48bdd316-d828-4478-9cfb-3b94ac7dc06e,clear,6027104916
4131,zhang,stadv,48bdd316-d828-4478-9cfb-3b94ac7dc06e,zhang,8597381500
4132,,korhonen,48bdd316-d828-4478-9cfb-3b94ac7dc06e,zhang,8351568109
4133,zhang,zhang,48bdd316-d828-4478-9cfb-3b94ac7dc06e,clear,8348001072
4134,korhonen,fmgoat,48bdd316-d828-4478-9cfb-3b94ac7dc06e,korhonen,9214795039
4135,korhonen,korhonen,48bdd316-d828-4478-9cfb-3b94ac7dc06e,clear,4598385226
4136,clear,clear,48bdd316-d828-4478-9cfb-3b94ac7dc06e,fmgoat,7160553409
4137,,korhonen,48bdd316-d828-4478-9cfb-3b94ac7dc06e,zhang,8179375247
4138,zhang,zhang,a3808ae2-9225-4954-8c62-2cc6ede62b5e,stadv,8179375247
4139,zhang,stadv,a3808ae2-9225-4954-8c62-2cc6ede62b5e,zhang,4107566763
4140,clear,clear,a3808ae2-9225-4954-8c62-2cc6ede62b5e,zhang,8597381500
4141,korhonen,stadv,a3808ae2-9225-4954-8c62-2cc6ede62b5e,korhonen,3567613299
4142,korhonen,fmgoat,a3808ae2-9225-4954-8c62-2cc6ede62b5e,korhonen,2909358760
4143,clear,fmgoat,a3808ae2-9225-4954-8c62-2cc6ede62b5e,clear,7160553409
4144,good,bad,a3808ae2-9225-4954-8c62-2cc6ede62b5e,good,v4
4145,stadv,stadv,a3808ae2-9225-4954-8c62-2cc6ede62b5e,fmgoat,9469622762
4146,korhonen,zhang,a3808ae2-9225-4954-8c62-2cc6ede62b5e,korhonen,4424481742
4147,fmgoat,fmgoat,a3808ae2-9225-4954-8c62-2cc6ede62b5e,zhang,6285601097
4148,korhonen,stadv,a3808ae2-9225-4954-8c62-2cc6ede62b5e,korhonen,3309384812
4149,good,bad,a3808ae2-9225-4954-8c62-2cc6ede62b5e,good,v2
4150,korhonen,korhonen,a3808ae2-9225-4954-8c62-2cc6ede62b5e,fmgoat,4519546786
4151,clear,fmgoat,a3808ae2-9225-4954-8c62-2cc6ede62b5e,clear,4633306112
4152,clear,clear,a3808ae2-9225-4954-8c62-2cc6ede62b5e,stadv,9716988368
4153,korhonen,korhonen,a3808ae2-9225-4954-8c62-2cc6ede62b5e,stadv,5130906829
4154,fmgoat,zhang,a3808ae2-9225-4954-8c62-2cc6ede62b5e,fmgoat,6077930890
4155,korhonen,korhonen,a3808ae2-9225-4954-8c62-2cc6ede62b5e,zhang,8348001072
4156,good,bad,a3808ae2-9225-4954-8c62-2cc6ede62b5e,good,v4
4157,zhang,zhang,a3808ae2-9225-4954-8c62-2cc6ede62b5e,fmgoat,4598385226
4158,good,bad,fcd61305-7e3c-4bfd-9ca4-f9110187f53d,good,v3
4159,good,bad,fcd61305-7e3c-4bfd-9ca4-f9110187f53d,good,v5
4160,clear,korhonen,fcd61305-7e3c-4bfd-9ca4-f9110187f53d,clear,2580252988
4161,clear,clear,fcd61305-7e3c-4bfd-9ca4-f9110187f53d,stadv,9214795039
4162,korhonen,korhonen,fcd61305-7e3c-4bfd-9ca4-f9110187f53d,zhang,6285601097
4163,good,bad,fcd61305-7e3c-4bfd-9ca4-f9110187f53d,good,v4
4164,clear,clear,fcd61305-7e3c-4bfd-9ca4-f9110187f53d,stadv,3567613299
4165,korhonen,korhonen,fcd61305-7e3c-4bfd-9ca4-f9110187f53d,stadv,4598385226
4166,fmgoat,fmgoat,fcd61305-7e3c-4bfd-9ca4-f9110187f53d,zhang,4519546786
4167,fmgoat,korhonen,fcd61305-7e3c-4bfd-9ca4-f9110187f53d,fmgoat,5906203942
4168,clear,korhonen,fcd61305-7e3c-4bfd-9ca4-f9110187f53d,clear,4107566763
4169,fmgoat,stadv,fcd61305-7e3c-4bfd-9ca4-f9110187f53d,fmgoat,6077930890
4170,zhang,zhang,fcd61305-7e3c-4bfd-9ca4-f9110187f53d,stadv,9469622762
4171,clear,stadv,fcd61305-7e3c-4bfd-9ca4-f9110187f53d,clear,5130906829
4172,clear,korhonen,fcd61305-7e3c-4bfd-9ca4-f9110187f53d,clear,9463363154
4173,fmgoat,fmgoat,fcd61305-7e3c-4bfd-9ca4-f9110187f53d,clear,9716988368
4174,clear,fmgoat,fcd61305-7e3c-4bfd-9ca4-f9110187f53d,clear,3309384812
4175,korhonen,zhang,d73c7098-4761-4edf-a028-44990c690b1b,korhonen,4107566763
4176,good,good,d73c7098-4761-4edf-a028-44990c690b1b,bad,v3
4177,good,good,d73c7098-4761-4edf-a028-44990c690b1b,bad,v6
4178,fmgoat,fmgoat,d73c7098-4761-4edf-a028-44990c690b1b,korhonen,9716988368
4179,korhonen,korhonen,d73c7098-4761-4edf-a028-44990c690b1b,stadv,8179375247
4180,zhang,korhonen,d73c7098-4761-4edf-a028-44990c690b1b,zhang,3567613299
4181,fmgoat,fmgoat,d73c7098-4761-4edf-a028-44990c690b1b,stadv,4598385226
4182,good,good,d73c7098-4761-4edf-a028-44990c690b1b,bad,v3
4183,fmgoat,fmgoat,d73c7098-4761-4edf-a028-44990c690b1b,stadv,9469622762
4184,clear,clear,d73c7098-4761-4edf-a028-44990c690b1b,korhonen,3309384812
4185,fmgoat,stadv,d73c7098-4761-4edf-a028-44990c690b1b,fmgoat,2909358760
4186,clear,fmgoat,d73c7098-4761-4edf-a028-44990c690b1b,clear,5130906829
4187,korhonen,zhang,d73c7098-4761-4edf-a028-44990c690b1b,korhonen,4796228876
4188,clear,clear,d73c7098-4761-4edf-a028-44990c690b1b,zhang,2580252988
4189,fmgoat,stadv,d73c7098-4761-4edf-a028-44990c690b1b,fmgoat,8351568109
4190,clear,stadv,d73c7098-4761-4edf-a028-44990c690b1b,clear,4424481742
4191,zhang,zhang,d73c7098-4761-4edf-a028-44990c690b1b,stadv,6285601097
4192,clear,clear,d73c7098-4761-4edf-a028-44990c690b1b,zhang,4633306112
4193,clear,fmgoat,d73c7098-4761-4edf-a028-44990c690b1b,clear,6027104916
4194,korhonen,zhang,d73c7098-4761-4edf-a028-44990c690b1b,korhonen,7160553409
4195,clear,zhang,d73c7098-4761-4edf-a028-44990c690b1b,clear,8348001072
4196,korhonen,korhonen,7c18eb56-0776-4fe7-9d5c-4399c38118f2,stadv,8348001072
4197,good,bad,7c18eb56-0776-4fe7-9d5c-4399c38118f2,good,v1
4198,clear,clear,7c18eb56-0776-4fe7-9d5c-4399c38118f2,stadv,8351568109
4199,korhonen,korhonen,7c18eb56-0776-4fe7-9d5c-4399c38118f2,zhang,4107566763
4200,korhonen,zhang,7c18eb56-0776-4fe7-9d5c-4399c38118f2,korhonen,4424481742
4201,good,bad,7c18eb56-0776-4fe7-9d5c-4399c38118f2,good,v5
4202,korhonen,korhonen,7c18eb56-0776-4fe7-9d5c-4399c38118f2,zhang,4519546786
4203,clear,clear,7c18eb56-0776-4fe7-9d5c-4399c38118f2,fmgoat,4633306112
4204,good,bad,7c18eb56-0776-4fe7-9d5c-4399c38118f2,good,v2
4205,clear,stadv,7c18eb56-0776-4fe7-9d5c-4399c38118f2,clear,9214795039
4206,fmgoat,fmgoat,7c18eb56-0776-4fe7-9d5c-4399c38118f2,korhonen,3567613299
4207,fmgoat,zhang,7c18eb56-0776-4fe7-9d5c-4399c38118f2,fmgoat,6027104916
4208,korhonen,stadv,7c18eb56-0776-4fe7-9d5c-4399c38118f2,korhonen,2580252988
4209,clear,zhang,7c18eb56-0776-4fe7-9d5c-4399c38118f2,clear,2909358760
4210,korhonen,korhonen,7c18eb56-0776-4fe7-9d5c-4399c38118f2,zhang,7160553409
4211,fmgoat,stadv,7c18eb56-0776-4fe7-9d5c-4399c38118f2,fmgoat,3309384812
4212,clear,clear,7c18eb56-0776-4fe7-9d5c-4399c38118f2,korhonen,6077930890
4213,fmgoat,stadv,7c18eb56-0776-4fe7-9d5c-4399c38118f2,fmgoat,8179375247
4214,fmgoat,fmgoat,6e5e6587-3c43-4db9-8c0f-69ed0ff4851c,stadv,8597381500
4215,clear,korhonen,6e5e6587-3c43-4db9-8c0f-69ed0ff4851c,clear,6027104916
4216,korhonen,zhang,6e5e6587-3c43-4db9-8c0f-69ed0ff4851c,korhonen,8348001072
4217,good,good,6e5e6587-3c43-4db9-8c0f-69ed0ff4851c,bad,v6
4218,good,bad,6e5e6587-3c43-4db9-8c0f-69ed0ff4851c,good,v2
4219,korhonen,fmgoat,6e5e6587-3c43-4db9-8c0f-69ed0ff4851c,korhonen,4633306112
4220,zhang,zhang,6e5e6587-3c43-4db9-8c0f-69ed0ff4851c,clear,5906203942
4221,fmgoat,korhonen,6e5e6587-3c43-4db9-8c0f-69ed0ff4851c,fmgoat,9469622762
4222,korhonen,stadv,6e5e6587-3c43-4db9-8c0f-69ed0ff4851c,korhonen,5130906829
4223,good,bad,6e5e6587-3c43-4db9-8c0f-69ed0ff4851c,good,v1
4224,zhang,fmgoat,6e5e6587-3c43-4db9-8c0f-69ed0ff4851c,zhang,8351568109
4225,clear,fmgoat,6e5e6587-3c43-4db9-8c0f-69ed0ff4851c,clear,8179375247
4226,clear,stadv,6e5e6587-3c43-4db9-8c0f-69ed0ff4851c,clear,4598385226
4227,korhonen,stadv,6e5e6587-3c43-4db9-8c0f-69ed0ff4851c,korhonen,6285601097
4228,korhonen,korhonen,6e5e6587-3c43-4db9-8c0f-69ed0ff4851c,stadv,7160553409
4229,clear,clear,6e5e6587-3c43-4db9-8c0f-69ed0ff4851c,stadv,2909358760
4230,korhonen,fmgoat,6e5e6587-3c43-4db9-8c0f-69ed0ff4851c,korhonen,4842717407
4231,korhonen,korhonen,6e5e6587-3c43-4db9-8c0f-69ed0ff4851c,stadv,9463363154
4232,fmgoat,stadv,6e5e6587-3c43-4db9-8c0f-69ed0ff4851c,fmgoat,9214795039
4233,fmgoat,fmgoat,3329c9d8-bd9a-4334-83ba-9322e0dd931d,stadv,9716988368
4234,fmgoat,fmgoat,3329c9d8-bd9a-4334-83ba-9322e0dd931d,stadv,5906203942
4235,clear,clear,3329c9d8-bd9a-4334-83ba-9322e0dd931d,fmgoat,8597381500
4236,korhonen,korhonen,3329c9d8-bd9a-4334-83ba-9322e0dd931d,stadv,4796228876
4237,fmgoat,fmgoat,3329c9d8-bd9a-4334-83ba-9322e0dd931d,stadv,4519546786
4238,zhang,stadv,3329c9d8-bd9a-4334-83ba-9322e0dd931d,zhang,6285601097
4239,korhonen,korhonen,3329c9d8-bd9a-4334-83ba-9322e0dd931d,stadv,2580252988
4240,zhang,zhang,3329c9d8-bd9a-4334-83ba-9322e0dd931d,stadv,9469622762
4241,good,good,3329c9d8-bd9a-4334-83ba-9322e0dd931d,bad,v1
4242,good,good,3329c9d8-bd9a-4334-83ba-9322e0dd931d,bad,v2
4243,fmgoat,korhonen,3329c9d8-bd9a-4334-83ba-9322e0dd931d,fmgoat,6077930890
4244,korhonen,fmgoat,3329c9d8-bd9a-4334-83ba-9322e0dd931d,korhonen,9214795039
4245,good,bad,3329c9d8-bd9a-4334-83ba-9322e0dd931d,good,v7
4246,clear,fmgoat,3329c9d8-bd9a-4334-83ba-9322e0dd931d,clear,4598385226
4247,zhang,fmgoat,3329c9d8-bd9a-4334-83ba-9322e0dd931d,zhang,5130906829
4248,clear,clear,3329c9d8-bd9a-4334-83ba-9322e0dd931d,zhang,3309384812
4249,fmgoat,fmgoat,3329c9d8-bd9a-4334-83ba-9322e0dd931d,zhang,6027104916
4250,zhang,clear,3329c9d8-bd9a-4334-83ba-9322e0dd931d,zhang,8351568109
4251,clear,korhonen,3329c9d8-bd9a-4334-83ba-9322e0dd931d,clear,4424481742
4252,good,good,6026f7d3-d51b-4154-8f5d-88f2b0d65e23,bad,v3
4253,clear,clear,6026f7d3-d51b-4154-8f5d-88f2b0d65e23,stadv,7160553409
4254,fmgoat,fmgoat,6026f7d3-d51b-4154-8f5d-88f2b0d65e23,stadv,8597381500
4255,fmgoat,stadv,6026f7d3-d51b-4154-8f5d-88f2b0d65e23,fmgoat,8179375247
4256,zhang,stadv,6026f7d3-d51b-4154-8f5d-88f2b0d65e23,zhang,3309384812
4257,fmgoat,fmgoat,6026f7d3-d51b-4154-8f5d-88f2b0d65e23,stadv,9469622762
4258,fmgoat,stadv,6026f7d3-d51b-4154-8f5d-88f2b0d65e23,fmgoat,3567613299
4259,zhang,zhang,6026f7d3-d51b-4154-8f5d-88f2b0d65e23,stadv,9716988368
4260,clear,clear,6026f7d3-d51b-4154-8f5d-88f2b0d65e23,stadv,4598385226
4261,zhang,stadv,6026f7d3-d51b-4154-8f5d-88f2b0d65e23,zhang,4796228876
4262,clear,clear,6026f7d3-d51b-4154-8f5d-88f2b0d65e23,stadv,6285601097
4263,clear,clear,6026f7d3-d51b-4154-8f5d-88f2b0d65e23,zhang,4519546786
4264,,korhonen,6026f7d3-d51b-4154-8f5d-88f2b0d65e23,zhang,9463363154
4265,korhonen,stadv,6026f7d3-d51b-4154-8f5d-88f2b0d65e23,korhonen,5906203942
4266,zhang,fmgoat,6026f7d3-d51b-4154-8f5d-88f2b0d65e23,zhang,8351568109
4267,good,bad,6026f7d3-d51b-4154-8f5d-88f2b0d65e23,good,v2
4268,fmgoat,fmgoat,6026f7d3-d51b-4154-8f5d-88f2b0d65e23,stadv,9214795039
4269,clear,clear,6026f7d3-d51b-4154-8f5d-88f2b0d65e23,korhonen,4107566763
4270,clear,zhang,6026f7d3-d51b-4154-8f5d-88f2b0d65e23,clear,6077930890
4271,good,bad,6026f7d3-d51b-4154-8f5d-88f2b0d65e23,good,v6
4272,korhonen,korhonen,6026f7d3-d51b-4154-8f5d-88f2b0d65e23,zhang,4633306112
4273,clear,clear,6026f7d3-d51b-4154-8f5d-88f2b0d65e23,korhonen,4424481742
4274,fmgoat,fmgoat,3e989cbb-528e-4cd6-a38e-917a02b20b04,korhonen,9469622762
4275,clear,fmgoat,3e989cbb-528e-4cd6-a38e-917a02b20b04,clear,9214795039
4276,clear,clear,3e989cbb-528e-4cd6-a38e-917a02b20b04,korhonen,4107566763
4277,good,good,3e989cbb-528e-4cd6-a38e-917a02b20b04,bad,v3
4278,good,good,3e989cbb-528e-4cd6-a38e-917a02b20b04,bad,v6
4279,good,good,3e989cbb-528e-4cd6-a38e-917a02b20b04,bad,v1
4280,clear,korhonen,3e989cbb-528e-4cd6-a38e-917a02b20b04,clear,4633306112
4281,fmgoat,fmgoat,3e989cbb-528e-4cd6-a38e-917a02b20b04,korhonen,4796228876
4282,clear,korhonen,3e989cbb-528e-4cd6-a38e-917a02b20b04,clear,8348001072
4283,fmgoat,fmgoat,3e989cbb-528e-4cd6-a38e-917a02b20b04,stadv,8179375247
4284,clear,stadv,3e989cbb-528e-4cd6-a38e-917a02b20b04,clear,4519546786
4285,clear,clear,3e989cbb-528e-4cd6-a38e-917a02b20b04,zhang,6285601097
4286,korhonen,stadv,3e989cbb-528e-4cd6-a38e-917a02b20b04,korhonen,6027104916
4287,fmgoat,korhonen,3e989cbb-528e-4cd6-a38e-917a02b20b04,fmgoat,3567613299
4288,,zhang,736957de-0910-4feb-92e9-5d6fe59dd548,korhonen,4598385226
4289,clear,clear,736957de-0910-4feb-92e9-5d6fe59dd548,stadv,9214795039
4290,fmgoat,fmgoat,736957de-0910-4feb-92e9-5d6fe59dd548,zhang,8179375247
4291,korhonen,korhonen,736957de-0910-4feb-92e9-5d6fe59dd548,fmgoat,9469622762
4292,korhonen,korhonen,736957de-0910-4feb-92e9-5d6fe59dd548,stadv,4107566763
4293,korhonen,korhonen,736957de-0910-4feb-92e9-5d6fe59dd548,stadv,4424481742
4294,good,bad,736957de-0910-4feb-92e9-5d6fe59dd548,good,v3
4295,good,bad,736957de-0910-4feb-92e9-5d6fe59dd548,good,v7
4296,korhonen,korhonen,736957de-0910-4feb-92e9-5d6fe59dd548,fmgoat,8597381500
4297,good,bad,736957de-0910-4feb-92e9-5d6fe59dd548,good,v7
4298,zhang,fmgoat,736957de-0910-4feb-92e9-5d6fe59dd548,zhang,6285601097
4299,clear,clear,736957de-0910-4feb-92e9-5d6fe59dd548,korhonen,5130906829
4300,fmgoat,fmgoat,736957de-0910-4feb-92e9-5d6fe59dd548,korhonen,3567613299
4301,clear,stadv,736957de-0910-4feb-92e9-5d6fe59dd548,clear,5906203942
4302,zhang,stadv,736957de-0910-4feb-92e9-5d6fe59dd548,zhang,9463363154
4303,,korhonen,736957de-0910-4feb-92e9-5d6fe59dd548,zhang,6027104916
4304,,fmgoat,736957de-0910-4feb-92e9-5d6fe59dd548,clear,2909358760
4305,fmgoat,fmgoat,ab00d5e2-5c30-4614-94a2-4a18860d22f3,stadv,4598385226
4306,zhang,zhang,ab00d5e2-5c30-4614-94a2-4a18860d22f3,stadv,6285601097
4307,fmgoat,stadv,ab00d5e2-5c30-4614-94a2-4a18860d22f3,fmgoat,8351568109
4308,clear,zhang,ab00d5e2-5c30-4614-94a2-4a18860d22f3,clear,6077930890
4309,clear,clear,ab00d5e2-5c30-4614-94a2-4a18860d22f3,stadv,4842717407
4310,clear,korhonen,ab00d5e2-5c30-4614-94a2-4a18860d22f3,clear,4796228876
4311,clear,zhang,ab00d5e2-5c30-4614-94a2-4a18860d22f3,clear,8348001072
4312,korhonen,stadv,ab00d5e2-5c30-4614-94a2-4a18860d22f3,korhonen,5130906829
4313,zhang,stadv,ab00d5e2-5c30-4614-94a2-4a18860d22f3,zhang,9214795039
4314,zhang,zhang,ab00d5e2-5c30-4614-94a2-4a18860d22f3,fmgoat,4107566763
4315,korhonen,korhonen,ab00d5e2-5c30-4614-94a2-4a18860d22f3,fmgoat,3567613299
4316,good,bad,ab00d5e2-5c30-4614-94a2-4a18860d22f3,good,v6
4317,zhang,zhang,ab00d5e2-5c30-4614-94a2-4a18860d22f3,stadv,8179375247
4318,good,bad,ab00d5e2-5c30-4614-94a2-4a18860d22f3,good,v5
4319,good,bad,ab00d5e2-5c30-4614-94a2-4a18860d22f3,good,v4
4320,clear,clear,ab00d5e2-5c30-4614-94a2-4a18860d22f3,fmgoat,5906203942
4321,zhang,zhang,ab00d5e2-5c30-4614-94a2-4a18860d22f3,stadv,9469622762
4322,fmgoat,korhonen,ab00d5e2-5c30-4614-94a2-4a18860d22f3,fmgoat,9716988368
4323,clear,clear,1e940bac-c054-4d97-a0c3-16f527a042eb,fmgoat,4842717407
4324,fmgoat,stadv,1e940bac-c054-4d97-a0c3-16f527a042eb,fmgoat,8179375247
4325,fmgoat,fmgoat,1e940bac-c054-4d97-a0c3-16f527a042eb,stadv,6285601097
4326,clear,clear,1e940bac-c054-4d97-a0c3-16f527a042eb,zhang,3309384812
4327,fmgoat,fmgoat,1e940bac-c054-4d97-a0c3-16f527a042eb,zhang,4796228876
4328,clear,korhonen,1e940bac-c054-4d97-a0c3-16f527a042eb,clear,2909358760
4329,good,good,1e940bac-c054-4d97-a0c3-16f527a042eb,bad,v1
4330,clear,clear,1e940bac-c054-4d97-a0c3-16f527a042eb,stadv,9469622762
4331,clear,clear,1e940bac-c054-4d97-a0c3-16f527a042eb,fmgoat,5130906829
4332,fmgoat,zhang,1e940bac-c054-4d97-a0c3-16f527a042eb,fmgoat,6077930890
4333,zhang,stadv,1e940bac-c054-4d97-a0c3-16f527a042eb,zhang,4598385226
4334,clear,clear,1e940bac-c054-4d97-a0c3-16f527a042eb,stadv,9214795039
4335,clear,clear,1e940bac-c054-4d97-a0c3-16f527a042eb,stadv,9716988368
4336,clear,clear,1e940bac-c054-4d97-a0c3-16f527a042eb,zhang,4107566763
4337,fmgoat,clear,1e940bac-c054-4d97-a0c3-16f527a042eb,fmgoat,6027104916
4338,korhonen,stadv,1e940bac-c054-4d97-a0c3-16f527a042eb,korhonen,5906203942
4339,clear,clear,1e940bac-c054-4d97-a0c3-16f527a042eb,stadv,8348001072
4340,good,good,1e940bac-c054-4d97-a0c3-16f527a042eb,bad,v2
4341,good,bad,1e940bac-c054-4d97-a0c3-16f527a042eb,good,v3
4342,clear,clear,1e940bac-c054-4d97-a0c3-16f527a042eb,zhang,3567613299
4343,good,bad,ec1d82ce-a438-43b6-8e1a-5285717ee866,good,v1
4344,fmgoat,zhang,ec1d82ce-a438-43b6-8e1a-5285717ee866,fmgoat,6285601097
4345,korhonen,stadv,ec1d82ce-a438-43b6-8e1a-5285717ee866,korhonen,8351568109
4346,fmgoat,korhonen,ec1d82ce-a438-43b6-8e1a-5285717ee866,fmgoat,3567613299
4347,good,good,ec1d82ce-a438-43b6-8e1a-5285717ee866,bad,v7
4348,stadv,stadv,ec1d82ce-a438-43b6-8e1a-5285717ee866,korhonen,9214795039
4349,clear,fmgoat,ec1d82ce-a438-43b6-8e1a-5285717ee866,clear,8348001072
4350,fmgoat,stadv,ec1d82ce-a438-43b6-8e1a-5285717ee866,fmgoat,4424481742
4351,clear,clear,ec1d82ce-a438-43b6-8e1a-5285717ee866,zhang,4598385226
4352,good,bad,ec1d82ce-a438-43b6-8e1a-5285717ee866,good,v4
4353,korhonen,korhonen,ec1d82ce-a438-43b6-8e1a-5285717ee866,zhang,9463363154
4354,fmgoat,fmgoat,ec1d82ce-a438-43b6-8e1a-5285717ee866,stadv,7160553409
4355,clear,stadv,ec1d82ce-a438-43b6-8e1a-5285717ee866,clear,8179375247
4356,fmgoat,fmgoat,ec1d82ce-a438-43b6-8e1a-5285717ee866,zhang,4107566763
4357,fmgoat,zhang,ec1d82ce-a438-43b6-8e1a-5285717ee866,fmgoat,3309384812
4358,zhang,zhang,ec1d82ce-a438-43b6-8e1a-5285717ee866,stadv,4842717407
4359,zhang,zhang,ec1d82ce-a438-43b6-8e1a-5285717ee866,stadv,2909358760
4360,korhonen,stadv,ec1d82ce-a438-43b6-8e1a-5285717ee866,korhonen,6027104916
4361,,fmgoat,ec1d82ce-a438-43b6-8e1a-5285717ee866,korhonen,4633306112
4362,,korhonen,c86a1204-51de-4d9f-a516-631bf46b8025,zhang,6077930890
4363,korhonen,zhang,c86a1204-51de-4d9f-a516-631bf46b8025,korhonen,8351568109
4364,good,good,c86a1204-51de-4d9f-a516-631bf46b8025,bad,v6
4365,clear,korhonen,c86a1204-51de-4d9f-a516-631bf46b8025,clear,3567613299
4366,clear,stadv,c86a1204-51de-4d9f-a516-631bf46b8025,clear,4633306112
4367,clear,korhonen,c86a1204-51de-4d9f-a516-631bf46b8025,clear,8348001072
4368,korhonen,stadv,c86a1204-51de-4d9f-a516-631bf46b8025,korhonen,2909358760
4369,clear,clear,c86a1204-51de-4d9f-a516-631bf46b8025,stadv,4796228876
4370,fmgoat,korhonen,c86a1204-51de-4d9f-a516-631bf46b8025,fmgoat,8179375247
4371,fmgoat,korhonen,c86a1204-51de-4d9f-a516-631bf46b8025,fmgoat,6027104916
4372,clear,zhang,c86a1204-51de-4d9f-a516-631bf46b8025,clear,5130906829
4373,zhang,stadv,c86a1204-51de-4d9f-a516-631bf46b8025,zhang,2580252988
4374,fmgoat,fmgoat,c86a1204-51de-4d9f-a516-631bf46b8025,korhonen,7160553409
4375,korhonen,korhonen,c86a1204-51de-4d9f-a516-631bf46b8025,stadv,8597381500
4376,good,good,c86a1204-51de-4d9f-a516-631bf46b8025,bad,v1
4377,fmgoat,korhonen,c86a1204-51de-4d9f-a516-631bf46b8025,fmgoat,9716988368
4378,fmgoat,zhang,c86a1204-51de-4d9f-a516-631bf46b8025,fmgoat,9463363154
4379,good,good,c86a1204-51de-4d9f-a516-631bf46b8025,bad,v7
4380,korhonen,korhonen,c86a1204-51de-4d9f-a516-631bf46b8025,fmgoat,4842717407
4381,fmgoat,fmgoat,b1e2b97c-cee2-4d52-bcce-7f958e6884d4,stadv,3309384812
4382,good,bad,b1e2b97c-cee2-4d52-bcce-7f958e6884d4,good,v5
4383,korhonen,korhonen,b1e2b97c-cee2-4d52-bcce-7f958e6884d4,stadv,6027104916
4384,korhonen,stadv,b1e2b97c-cee2-4d52-bcce-7f958e6884d4,korhonen,9469622762
4385,korhonen,korhonen,b1e2b97c-cee2-4d52-bcce-7f958e6884d4,stadv,9716988368
4386,korhonen,korhonen,b1e2b97c-cee2-4d52-bcce-7f958e6884d4,fmgoat,8179375247
4387,clear,clear,b1e2b97c-cee2-4d52-bcce-7f958e6884d4,korhonen,4424481742
4388,clear,clear,b1e2b97c-cee2-4d52-bcce-7f958e6884d4,zhang,8348001072
4389,zhang,zhang,b1e2b97c-cee2-4d52-bcce-7f958e6884d4,fmgoat,2580252988
4390,good,bad,b1e2b97c-cee2-4d52-bcce-7f958e6884d4,good,v2
4391,fmgoat,zhang,b1e2b97c-cee2-4d52-bcce-7f958e6884d4,fmgoat,7160553409
4392,korhonen,zhang,b1e2b97c-cee2-4d52-bcce-7f958e6884d4,korhonen,5130906829
4393,clear,clear,b1e2b97c-cee2-4d52-bcce-7f958e6884d4,korhonen,3567613299
4394,fmgoat,stadv,b1e2b97c-cee2-4d52-bcce-7f958e6884d4,fmgoat,2909358760
4395,good,good,b1e2b97c-cee2-4d52-bcce-7f958e6884d4,bad,v1
4396,zhang,fmgoat,b1e2b97c-cee2-4d52-bcce-7f958e6884d4,zhang,6077930890
4397,korhonen,korhonen,6f0b276a-dba4-45d2-add5-8e10de9687ab,zhang,4796228876
4398,clear,stadv,6f0b276a-dba4-45d2-add5-8e10de9687ab,clear,4598385226
4399,clear,clear,6f0b276a-dba4-45d2-add5-8e10de9687ab,zhang,7160553409
4400,clear,stadv,6f0b276a-dba4-45d2-add5-8e10de9687ab,clear,6027104916
4401,clear,zhang,6f0b276a-dba4-45d2-add5-8e10de9687ab,clear,9469622762
4402,fmgoat,zhang,6f0b276a-dba4-45d2-add5-8e10de9687ab,fmgoat,4424481742
4403,korhonen,korhonen,6f0b276a-dba4-45d2-add5-8e10de9687ab,stadv,8179375247
4404,clear,clear,6f0b276a-dba4-45d2-add5-8e10de9687ab,zhang,8597381500
4405,zhang,stadv,6f0b276a-dba4-45d2-add5-8e10de9687ab,zhang,6285601097
4406,stadv,stadv,6f0b276a-dba4-45d2-add5-8e10de9687ab,korhonen,9463363154
4407,korhonen,korhonen,6f0b276a-dba4-45d2-add5-8e10de9687ab,fmgoat,5130906829
4408,clear,clear,6f0b276a-dba4-45d2-add5-8e10de9687ab,fmgoat,6077930890
4409,clear,fmgoat,6f0b276a-dba4-45d2-add5-8e10de9687ab,clear,4519546786
4410,good,bad,6f0b276a-dba4-45d2-add5-8e10de9687ab,good,v7
4411,good,bad,6f0b276a-dba4-45d2-add5-8e10de9687ab,good,v7
4412,zhang,korhonen,6f0b276a-dba4-45d2-add5-8e10de9687ab,zhang,4633306112
4413,korhonen,stadv,6f0b276a-dba4-45d2-add5-8e10de9687ab,korhonen,9716988368
4414,good,bad,6f0b276a-dba4-45d2-add5-8e10de9687ab,good,v7
4415,clear,clear,6f0b276a-dba4-45d2-add5-8e10de9687ab,zhang,4842717407
4416,stadv,korhonen,6f0b276a-dba4-45d2-add5-8e10de9687ab,stadv,8348001072
4417,stadv,zhang,6f0b276a-dba4-45d2-add5-8e10de9687ab,stadv,9214795039
4418,good,good,ebd15e73-1f4e-4b1b-b15e-c90abd6ee4a0,bad,v3
4419,korhonen,korhonen,ebd15e73-1f4e-4b1b-b15e-c90abd6ee4a0,stadv,4633306112
4420,clear,stadv,ebd15e73-1f4e-4b1b-b15e-c90abd6ee4a0,clear,8597381500
4421,zhang,stadv,ebd15e73-1f4e-4b1b-b15e-c90abd6ee4a0,zhang,5906203942
4422,good,good,ebd15e73-1f4e-4b1b-b15e-c90abd6ee4a0,bad,v3
4423,good,bad,ebd15e73-1f4e-4b1b-b15e-c90abd6ee4a0,good,v5
4424,clear,clear,ebd15e73-1f4e-4b1b-b15e-c90abd6ee4a0,fmgoat,9463363154
4425,,korhonen,ebd15e73-1f4e-4b1b-b15e-c90abd6ee4a0,zhang,9716988368
4426,fmgoat,stadv,ebd15e73-1f4e-4b1b-b15e-c90abd6ee4a0,fmgoat,6077930890
4427,korhonen,korhonen,ebd15e73-1f4e-4b1b-b15e-c90abd6ee4a0,zhang,6285601097
4428,fmgoat,fmgoat,ebd15e73-1f4e-4b1b-b15e-c90abd6ee4a0,korhonen,7160553409
4429,korhonen,zhang,ebd15e73-1f4e-4b1b-b15e-c90abd6ee4a0,korhonen,9469622762
4430,korhonen,korhonen,ebd15e73-1f4e-4b1b-b15e-c90abd6ee4a0,zhang,2580252988
4431,clear,zhang,ebd15e73-1f4e-4b1b-b15e-c90abd6ee4a0,clear,4519546786
4432,fmgoat,fmgoat,ebd15e73-1f4e-4b1b-b15e-c90abd6ee4a0,stadv,4796228876
4433,fmgoat,fmgoat,ebd15e73-1f4e-4b1b-b15e-c90abd6ee4a0,stadv,4107566763
4434,fmgoat,fmgoat,ebd15e73-1f4e-4b1b-b15e-c90abd6ee4a0,zhang,4424481742
4435,korhonen,korhonen,ebd15e73-1f4e-4b1b-b15e-c90abd6ee4a0,stadv,3309384812
4436,korhonen,korhonen,ebd15e73-1f4e-4b1b-b15e-c90abd6ee4a0,clear,4598385226
4437,korhonen,zhang,3da822ea-cd03-46b8-ac89-b69489dba28d,korhonen,4796228876
4438,clear,zhang,3da822ea-cd03-46b8-ac89-b69489dba28d,clear,5130906829
4439,clear,korhonen,3da822ea-cd03-46b8-ac89-b69489dba28d,clear,4519546786
4440,korhonen,korhonen,3da822ea-cd03-46b8-ac89-b69489dba28d,stadv,8597381500
4441,clear,clear,3da822ea-cd03-46b8-ac89-b69489dba28d,stadv,9463363154
4442,good,bad,3da822ea-cd03-46b8-ac89-b69489dba28d,good,v5
4443,fmgoat,korhonen,3da822ea-cd03-46b8-ac89-b69489dba28d,fmgoat,6027104916
4444,clear,zhang,3da822ea-cd03-46b8-ac89-b69489dba28d,clear,4633306112
4445,fmgoat,stadv,3da822ea-cd03-46b8-ac89-b69489dba28d,fmgoat,3309384812
4446,zhang,zhang,3da822ea-cd03-46b8-ac89-b69489dba28d,fmgoat,4842717407
4447,good,good,3da822ea-cd03-46b8-ac89-b69489dba28d,bad,v5
4448,clear,clear,3da822ea-cd03-46b8-ac89-b69489dba28d,korhonen,8348001072
4449,zhang,korhonen,3da822ea-cd03-46b8-ac89-b69489dba28d,zhang,8351568109
4450,korhonen,zhang,3da822ea-cd03-46b8-ac89-b69489dba28d,korhonen,5906203942
4451,fmgoat,fmgoat,3da822ea-cd03-46b8-ac89-b69489dba28d,korhonen,8179375247
4452,clear,korhonen,3da822ea-cd03-46b8-ac89-b69489dba28d,clear,3567613299
4453,good,good,3da822ea-cd03-46b8-ac89-b69489dba28d,bad,v5
4454,good,good,d98e8364-5331-426c-8fef-87c00c6d34f2,bad,v1
4455,clear,clear,d98e8364-5331-426c-8fef-87c00c6d34f2,zhang,4796228876
4456,clear,zhang,d98e8364-5331-426c-8fef-87c00c6d34f2,clear,6077930890
4457,fmgoat,fmgoat,d98e8364-5331-426c-8fef-87c00c6d34f2,zhang,5906203942
4458,korhonen,stadv,d98e8364-5331-426c-8fef-87c00c6d34f2,korhonen,7160553409
4459,korhonen,korhonen,d98e8364-5331-426c-8fef-87c00c6d34f2,zhang,9463363154
4460,fmgoat,korhonen,d98e8364-5331-426c-8fef-87c00c6d34f2,fmgoat,6027104916
4461,fmgoat,stadv,d98e8364-5331-426c-8fef-87c00c6d34f2,fmgoat,8351568109
4462,good,bad,d98e8364-5331-426c-8fef-87c00c6d34f2,good,v5
4463,good,bad,d98e8364-5331-426c-8fef-87c00c6d34f2,good,v3
4464,fmgoat,fmgoat,d98e8364-5331-426c-8fef-87c00c6d34f2,stadv,6285601097
4465,korhonen,stadv,d98e8364-5331-426c-8fef-87c00c6d34f2,korhonen,4107566763
4466,clear,zhang,d98e8364-5331-426c-8fef-87c00c6d34f2,clear,4519546786
4467,zhang,zhang,d98e8364-5331-426c-8fef-87c00c6d34f2,fmgoat,9214795039
4468,,zhang,d98e8364-5331-426c-8fef-87c00c6d34f2,fmgoat,8179375247
4469,,fmgoat,d98e8364-5331-426c-8fef-87c00c6d34f2,clear,4598385226
4470,clear,stadv,471e01c5-a15c-405e-8e33-6b9b37401638,clear,3309384812
4471,zhang,zhang,471e01c5-a15c-405e-8e33-6b9b37401638,fmgoat,4519546786
4472,korhonen,korhonen,471e01c5-a15c-405e-8e33-6b9b37401638,clear,2909358760
4473,fmgoat,clear,471e01c5-a15c-405e-8e33-6b9b37401638,fmgoat,4424481742
4474,clear,fmgoat,471e01c5-a15c-405e-8e33-6b9b37401638,clear,8179375247
4475,stadv,zhang,471e01c5-a15c-405e-8e33-6b9b37401638,stadv,9469622762
4476,korhonen,fmgoat,471e01c5-a15c-405e-8e33-6b9b37401638,korhonen,5130906829
4477,korhonen,zhang,471e01c5-a15c-405e-8e33-6b9b37401638,korhonen,4796228876
4478,good,bad,471e01c5-a15c-405e-8e33-6b9b37401638,good,v6
4479,clear,korhonen,471e01c5-a15c-405e-8e33-6b9b37401638,clear,5906203942
4480,korhonen,stadv,471e01c5-a15c-405e-8e33-6b9b37401638,korhonen,3567613299
4481,clear,clear,471e01c5-a15c-405e-8e33-6b9b37401638,korhonen,2580252988
4482,clear,clear,471e01c5-a15c-405e-8e33-6b9b37401638,zhang,4633306112
4483,good,bad,471e01c5-a15c-405e-8e33-6b9b37401638,good,v2
4484,korhonen,zhang,471e01c5-a15c-405e-8e33-6b9b37401638,korhonen,6077930890
4485,clear,stadv,471e01c5-a15c-405e-8e33-6b9b37401638,clear,9214795039
4486,korhonen,stadv,471e01c5-a15c-405e-8e33-6b9b37401638,korhonen,8351568109
4487,clear,zhang,471e01c5-a15c-405e-8e33-6b9b37401638,clear,8348001072
4488,good,bad,471e01c5-a15c-405e-8e33-6b9b37401638,good,v7
4489,zhang,clear,0186821a-2969-4c31-b1e4-f3da4da6dd7d,zhang,4598385226
4490,zhang,zhang,0186821a-2969-4c31-b1e4-f3da4da6dd7d,stadv,4633306112
4491,good,good,0186821a-2969-4c31-b1e4-f3da4da6dd7d,bad,v6
4492,korhonen,fmgoat,0186821a-2969-4c31-b1e4-f3da4da6dd7d,korhonen,4107566763
4493,clear,korhonen,0186821a-2969-4c31-b1e4-f3da4da6dd7d,clear,2909358760
4494,fmgoat,fmgoat,0186821a-2969-4c31-b1e4-f3da4da6dd7d,korhonen,8348001072
4495,fmgoat,fmgoat,0186821a-2969-4c31-b1e4-f3da4da6dd7d,korhonen,9716988368
4496,fmgoat,zhang,0186821a-2969-4c31-b1e4-f3da4da6dd7d,fmgoat,2580252988
4497,korhonen,zhang,0186821a-2969-4c31-b1e4-f3da4da6dd7d,korhonen,4519546786
4498,fmgoat,fmgoat,0186821a-2969-4c31-b1e4-f3da4da6dd7d,zhang,5906203942
4499,good,good,0186821a-2969-4c31-b1e4-f3da4da6dd7d,bad,v3
4500,korhonen,zhang,0186821a-2969-4c31-b1e4-f3da4da6dd7d,korhonen,4796228876
4501,zhang,zhang,0186821a-2969-4c31-b1e4-f3da4da6dd7d,korhonen,8351568109
4502,clear,clear,0186821a-2969-4c31-b1e4-f3da4da6dd7d,korhonen,3567613299
4503,zhang,fmgoat,0186821a-2969-4c31-b1e4-f3da4da6dd7d,zhang,4842717407
4504,korhonen,korhonen,0186821a-2969-4c31-b1e4-f3da4da6dd7d,fmgoat,3309384812
4505,zhang,stadv,0186821a-2969-4c31-b1e4-f3da4da6dd7d,zhang,7160553409
4506,fmgoat,fmgoat,0186821a-2969-4c31-b1e4-f3da4da6dd7d,zhang,6077930890
4507,good,bad,0186821a-2969-4c31-b1e4-f3da4da6dd7d,good,v2
4508,clear,clear,0186821a-2969-4c31-b1e4-f3da4da6dd7d,zhang,4424481742
4509,,clear,0186821a-2969-4c31-b1e4-f3da4da6dd7d,zhang,5130906829
4510,fmgoat,fmgoat,ae5cd498-0be1-47c3-bcca-0a20f3a6f4f3,stadv,4424481742
4511,clear,stadv,ae5cd498-0be1-47c3-bcca-0a20f3a6f4f3,clear,3567613299
4512,stadv,zhang,ae5cd498-0be1-47c3-bcca-0a20f3a6f4f3,stadv,7160553409
4513,clear,stadv,ae5cd498-0be1-47c3-bcca-0a20f3a6f4f3,clear,4633306112
4514,korhonen,zhang,ae5cd498-0be1-47c3-bcca-0a20f3a6f4f3,korhonen,4796228876
4515,,korhonen,ae5cd498-0be1-47c3-bcca-0a20f3a6f4f3,fmgoat,9716988368
4516,fmgoat,fmgoat,ae5cd498-0be1-47c3-bcca-0a20f3a6f4f3,korhonen,3309384812
4517,zhang,zhang,ae5cd498-0be1-47c3-bcca-0a20f3a6f4f3,stadv,4842717407
4518,good,bad,ae5cd498-0be1-47c3-bcca-0a20f3a6f4f3,good,v5
4519,korhonen,zhang,ae5cd498-0be1-47c3-bcca-0a20f3a6f4f3,korhonen,9214795039
4520,zhang,fmgoat,ae5cd498-0be1-47c3-bcca-0a20f3a6f4f3,zhang,8351568109
4521,good,bad,ae5cd498-0be1-47c3-bcca-0a20f3a6f4f3,good,v1
4522,korhonen,stadv,ae5cd498-0be1-47c3-bcca-0a20f3a6f4f3,korhonen,2909358760
4523,korhonen,korhonen,ae5cd498-0be1-47c3-bcca-0a20f3a6f4f3,fmgoat,6027104916
4524,clear,clear,ae5cd498-0be1-47c3-bcca-0a20f3a6f4f3,zhang,6285601097
4525,korhonen,korhonen,ae5cd498-0be1-47c3-bcca-0a20f3a6f4f3,zhang,9463363154
4526,good,bad,ae5cd498-0be1-47c3-bcca-0a20f3a6f4f3,good,v5
4527,stadv,zhang,f7e70128-decd-4a1a-a2fa-f3faa2bdfbaf,stadv,3309384812
4528,korhonen,korhonen,f7e70128-decd-4a1a-a2fa-f3faa2bdfbaf,zhang,4796228876
4529,korhonen,fmgoat,f7e70128-decd-4a1a-a2fa-f3faa2bdfbaf,korhonen,6027104916
4530,zhang,zhang,f7e70128-decd-4a1a-a2fa-f3faa2bdfbaf,stadv,2909358760
4531,clear,korhonen,f7e70128-decd-4a1a-a2fa-f3faa2bdfbaf,clear,4633306112
4532,korhonen,korhonen,f7e70128-decd-4a1a-a2fa-f3faa2bdfbaf,zhang,6077930890
4533,korhonen,zhang,f7e70128-decd-4a1a-a2fa-f3faa2bdfbaf,korhonen,5906203942
4534,fmgoat,korhonen,f7e70128-decd-4a1a-a2fa-f3faa2bdfbaf,fmgoat,8348001072
4535,clear,clear,f7e70128-decd-4a1a-a2fa-f3faa2bdfbaf,stadv,4519546786
4536,good,good,f7e70128-decd-4a1a-a2fa-f3faa2bdfbaf,bad,v7
4537,fmgoat,korhonen,f7e70128-decd-4a1a-a2fa-f3faa2bdfbaf,fmgoat,4842717407
4538,clear,korhonen,f7e70128-decd-4a1a-a2fa-f3faa2bdfbaf,clear,3567613299
4539,stadv,stadv,f7e70128-decd-4a1a-a2fa-f3faa2bdfbaf,korhonen,9214795039
4540,good,bad,f7e70128-decd-4a1a-a2fa-f3faa2bdfbaf,good,v1
4541,good,bad,f7e70128-decd-4a1a-a2fa-f3faa2bdfbaf,good,v2
4542,fmgoat,stadv,f7e70128-decd-4a1a-a2fa-f3faa2bdfbaf,fmgoat,2580252988
4543,good,bad,d284f624-7cac-4897-a6ca-e24127d9a0e1,good,v3
4544,zhang,stadv,d284f624-7cac-4897-a6ca-e24127d9a0e1,zhang,9469622762
4545,clear,clear,d284f624-7cac-4897-a6ca-e24127d9a0e1,fmgoat,3309384812
4546,fmgoat,clear,d284f624-7cac-4897-a6ca-e24127d9a0e1,fmgoat,9716988368
4547,stadv,korhonen,d284f624-7cac-4897-a6ca-e24127d9a0e1,stadv,6077930890
4548,clear,fmgoat,d284f624-7cac-4897-a6ca-e24127d9a0e1,clear,8179375247
4549,good,bad,d284f624-7cac-4897-a6ca-e24127d9a0e1,good,v4
4550,korhonen,korhonen,d284f624-7cac-4897-a6ca-e24127d9a0e1,stadv,6027104916
4551,clear,clear,d284f624-7cac-4897-a6ca-e24127d9a0e1,zhang,7160553409
4552,clear,clear,d284f624-7cac-4897-a6ca-e24127d9a0e1,fmgoat,8351568109
4553,good,good,d284f624-7cac-4897-a6ca-e24127d9a0e1,bad,v7
4554,zhang,stadv,d284f624-7cac-4897-a6ca-e24127d9a0e1,zhang,4842717407
4555,fmgoat,stadv,d284f624-7cac-4897-a6ca-e24127d9a0e1,fmgoat,2580252988
4556,clear,clear,d284f624-7cac-4897-a6ca-e24127d9a0e1,zhang,9214795039
4557,clear,stadv,d284f624-7cac-4897-a6ca-e24127d9a0e1,clear,3567613299
4558,korhonen,stadv,d284f624-7cac-4897-a6ca-e24127d9a0e1,korhonen,5906203942
4559,clear,stadv,d284f624-7cac-4897-a6ca-e24127d9a0e1,clear,4633306112
4560,clear,fmgoat,d284f624-7cac-4897-a6ca-e24127d9a0e1,clear,8597381500
4561,fmgoat,stadv,d284f624-7cac-4897-a6ca-e24127d9a0e1,fmgoat,6285601097
4562,clear,clear,d284f624-7cac-4897-a6ca-e24127d9a0e1,fmgoat,4598385226
4563,fmgoat,zhang,d284f624-7cac-4897-a6ca-e24127d9a0e1,fmgoat,9463363154
4564,clear,clear,d7756867-3a04-4f97-9e92-175e31973646,stadv,6077930890
4565,korhonen,korhonen,d7756867-3a04-4f97-9e92-175e31973646,fmgoat,4107566763
4566,good,good,d7756867-3a04-4f97-9e92-175e31973646,bad,v1
4567,,zhang,d7756867-3a04-4f97-9e92-175e31973646,fmgoat,8179375247
4568,fmgoat,fmgoat,d7756867-3a04-4f97-9e92-175e31973646,stadv,4424481742
4569,good,good,d7756867-3a04-4f97-9e92-175e31973646,bad,v6
4570,fmgoat,stadv,d7756867-3a04-4f97-9e92-175e31973646,fmgoat,4519546786
4571,fmgoat,fmgoat,d7756867-3a04-4f97-9e92-175e31973646,stadv,4842717407
4572,fmgoat,fmgoat,d7756867-3a04-4f97-9e92-175e31973646,stadv,6285601097
4573,good,good,d7756867-3a04-4f97-9e92-175e31973646,bad,v4
4574,korhonen,stadv,d7756867-3a04-4f97-9e92-175e31973646,korhonen,4598385226
4575,clear,stadv,d7756867-3a04-4f97-9e92-175e31973646,clear,8597381500
4576,clear,clear,d7756867-3a04-4f97-9e92-175e31973646,stadv,5130906829
4577,clear,korhonen,d7756867-3a04-4f97-9e92-175e31973646,clear,9463363154
4578,clear,korhonen,d7756867-3a04-4f97-9e92-175e31973646,clear,3309384812
4579,clear,clear,d7756867-3a04-4f97-9e92-175e31973646,korhonen,4633306112
4580,clear,clear,d7756867-3a04-4f97-9e92-175e31973646,fmgoat,2580252988
4581,fmgoat,korhonen,cb9bc759-4c7a-4686-b087-89fdb1a43dde,fmgoat,4796228876
4582,good,good,cb9bc759-4c7a-4686-b087-89fdb1a43dde,bad,v4
4583,fmgoat,korhonen,cb9bc759-4c7a-4686-b087-89fdb1a43dde,fmgoat,7160553409
4584,clear,fmgoat,cb9bc759-4c7a-4686-b087-89fdb1a43dde,clear,4107566763
4585,zhang,stadv,cb9bc759-4c7a-4686-b087-89fdb1a43dde,zhang,9469622762
4586,fmgoat,fmgoat,cb9bc759-4c7a-4686-b087-89fdb1a43dde,zhang,8348001072
4587,good,bad,cb9bc759-4c7a-4686-b087-89fdb1a43dde,good,v5
4588,fmgoat,fmgoat,cb9bc759-4c7a-4686-b087-89fdb1a43dde,korhonen,3567613299
4589,korhonen,fmgoat,cb9bc759-4c7a-4686-b087-89fdb1a43dde,korhonen,8179375247
4590,good,bad,cb9bc759-4c7a-4686-b087-89fdb1a43dde,good,v7
4591,clear,fmgoat,cb9bc759-4c7a-4686-b087-89fdb1a43dde,clear,3309384812
4592,clear,zhang,cb9bc759-4c7a-4686-b087-89fdb1a43dde,clear,6027104916
4593,,fmgoat,cb9bc759-4c7a-4686-b087-89fdb1a43dde,stadv,4633306112
4594,clear,korhonen,ea2c7298-ebe3-47b3-9604-e2da15f3e2d1,clear,7160553409
4595,good,good,ea2c7298-ebe3-47b3-9604-e2da15f3e2d1,bad,v6
4596,clear,clear,ea2c7298-ebe3-47b3-9604-e2da15f3e2d1,stadv,4796228876
4597,clear,clear,ea2c7298-ebe3-47b3-9604-e2da15f3e2d1,korhonen,8348001072
4598,zhang,zhang,ea2c7298-ebe3-47b3-9604-e2da15f3e2d1,stadv,6027104916
4599,,korhonen,ea2c7298-ebe3-47b3-9604-e2da15f3e2d1,zhang,4842717407
4600,good,bad,ea2c7298-ebe3-47b3-9604-e2da15f3e2d1,good,v5
4601,,korhonen,ea2c7298-ebe3-47b3-9604-e2da15f3e2d1,zhang,6077930890
4602,korhonen,korhonen,ea2c7298-ebe3-47b3-9604-e2da15f3e2d1,stadv,8597381500
4603,zhang,zhang,ea2c7298-ebe3-47b3-9604-e2da15f3e2d1,stadv,4519546786
4604,clear,korhonen,ea2c7298-ebe3-47b3-9604-e2da15f3e2d1,clear,6285601097
4605,good,bad,ea2c7298-ebe3-47b3-9604-e2da15f3e2d1,good,v6
4606,clear,korhonen,ea2c7298-ebe3-47b3-9604-e2da15f3e2d1,clear,8351568109
4607,clear,stadv,02e23db4-d258-4620-bacd-87062db0588a,clear,4842717407
4608,clear,clear,02e23db4-d258-4620-bacd-87062db0588a,korhonen,3567613299
4609,clear,clear,02e23db4-d258-4620-bacd-87062db0588a,korhonen,4424481742
4610,zhang,stadv,02e23db4-d258-4620-bacd-87062db0588a,zhang,2909358760
4611,clear,clear,02e23db4-d258-4620-bacd-87062db0588a,zhang,9463363154
4612,fmgoat,stadv,02e23db4-d258-4620-bacd-87062db0588a,fmgoat,6027104916
4613,good,bad,02e23db4-d258-4620-bacd-87062db0588a,good,v4
4614,good,good,02e23db4-d258-4620-bacd-87062db0588a,bad,v6
4615,clear,clear,02e23db4-d258-4620-bacd-87062db0588a,fmgoat,8597381500
4616,good,good,02e23db4-d258-4620-bacd-87062db0588a,bad,v1
4617,clear,clear,02e23db4-d258-4620-bacd-87062db0588a,fmgoat,4519546786
4618,clear,clear,02e23db4-d258-4620-bacd-87062db0588a,stadv,8179375247
4619,clear,korhonen,02e23db4-d258-4620-bacd-87062db0588a,clear,5906203942
4620,,fmgoat,02e23db4-d258-4620-bacd-87062db0588a,stadv,9214795039
4621,zhang,stadv,02e23db4-d258-4620-bacd-87062db0588a,zhang,9469622762
4622,korhonen,korhonen,02e23db4-d258-4620-bacd-87062db0588a,stadv,9716988368
4623,clear,stadv,02e23db4-d258-4620-bacd-87062db0588a,clear,6285601097
4624,korhonen,stadv,00716346-3546-4860-865d-1348169e9138,korhonen,4842717407
4625,good,bad,00716346-3546-4860-865d-1348169e9138,good,v2
4626,clear,clear,00716346-3546-4860-865d-1348169e9138,zhang,8179375247
4627,good,bad,00716346-3546-4860-865d-1348169e9138,good,v6
4628,korhonen,korhonen,00716346-3546-4860-865d-1348169e9138,fmgoat,3309384812
4629,zhang,zhang,00716346-3546-4860-865d-1348169e9138,stadv,8351568109
4630,korhonen,zhang,00716346-3546-4860-865d-1348169e9138,korhonen,4796228876
4631,clear,zhang,00716346-3546-4860-865d-1348169e9138,clear,4598385226
4632,korhonen,zhang,00716346-3546-4860-865d-1348169e9138,korhonen,8348001072
4633,clear,stadv,00716346-3546-4860-865d-1348169e9138,clear,2580252988
4634,zhang,clear,00716346-3546-4860-865d-1348169e9138,zhang,4107566763
4635,clear,fmgoat,00716346-3546-4860-865d-1348169e9138,clear,5906203942
4636,korhonen,korhonen,00716346-3546-4860-865d-1348169e9138,clear,9463363154
4637,clear,fmgoat,00716346-3546-4860-865d-1348169e9138,clear,4424481742
4638,good,bad,00716346-3546-4860-865d-1348169e9138,good,v5
4639,zhang,zhang,00716346-3546-4860-865d-1348169e9138,stadv,9469622762
4640,korhonen,stadv,192a18c3-f717-4da3-bb51-adfbbb87ab6e,korhonen,2580252988
4641,fmgoat,korhonen,192a18c3-f717-4da3-bb51-adfbbb87ab6e,fmgoat,9463363154
4642,korhonen,stadv,192a18c3-f717-4da3-bb51-adfbbb87ab6e,korhonen,8179375247
4643,clear,stadv,192a18c3-f717-4da3-bb51-adfbbb87ab6e,clear,8348001072
4644,zhang,zhang,192a18c3-f717-4da3-bb51-adfbbb87ab6e,korhonen,4633306112
4645,,zhang,192a18c3-f717-4da3-bb51-adfbbb87ab6e,korhonen,6077930890
4646,good,bad,192a18c3-f717-4da3-bb51-adfbbb87ab6e,good,v7
4647,clear,clear,192a18c3-f717-4da3-bb51-adfbbb87ab6e,zhang,3309384812
4648,clear,clear,192a18c3-f717-4da3-bb51-adfbbb87ab6e,korhonen,4424481742
4649,good,bad,192a18c3-f717-4da3-bb51-adfbbb87ab6e,good,v7
4650,zhang,zhang,192a18c3-f717-4da3-bb51-adfbbb87ab6e,fmgoat,9214795039
4651,korhonen,fmgoat,192a18c3-f717-4da3-bb51-adfbbb87ab6e,korhonen,4842717407
4652,zhang,zhang,192a18c3-f717-4da3-bb51-adfbbb87ab6e,stadv,8597381500
4653,korhonen,korhonen,192a18c3-f717-4da3-bb51-adfbbb87ab6e,zhang,7160553409
4654,good,bad,192a18c3-f717-4da3-bb51-adfbbb87ab6e,good,v5
4655,zhang,zhang,192a18c3-f717-4da3-bb51-adfbbb87ab6e,stadv,8351568109
4656,korhonen,stadv,fa5b0916-f294-462e-9f29-a876df71b4f5,korhonen,8597381500
4657,clear,clear,fa5b0916-f294-462e-9f29-a876df71b4f5,zhang,5130906829
4658,good,good,fa5b0916-f294-462e-9f29-a876df71b4f5,bad,v5
4659,clear,stadv,fa5b0916-f294-462e-9f29-a876df71b4f5,clear,3567613299
4660,good,bad,fa5b0916-f294-462e-9f29-a876df71b4f5,good,v3
4661,fmgoat,fmgoat,fa5b0916-f294-462e-9f29-a876df71b4f5,stadv,4424481742
4662,zhang,zhang,fa5b0916-f294-462e-9f29-a876df71b4f5,fmgoat,4842717407
4663,clear,korhonen,fa5b0916-f294-462e-9f29-a876df71b4f5,clear,8348001072
4664,zhang,zhang,fa5b0916-f294-462e-9f29-a876df71b4f5,stadv,6027104916
4665,korhonen,korhonen,fa5b0916-f294-462e-9f29-a876df71b4f5,zhang,2909358760
4666,clear,clear,fa5b0916-f294-462e-9f29-a876df71b4f5,korhonen,8351568109
4667,clear,stadv,fa5b0916-f294-462e-9f29-a876df71b4f5,clear,2580252988
4668,clear,clear,fa5b0916-f294-462e-9f29-a876df71b4f5,korhonen,7160553409
4669,good,bad,fa5b0916-f294-462e-9f29-a876df71b4f5,good,v4
4670,clear,korhonen,fa5b0916-f294-462e-9f29-a876df71b4f5,clear,6285601097
4671,zhang,zhang,fa5b0916-f294-462e-9f29-a876df71b4f5,korhonen,6077930890
4672,zhang,stadv,d29d69c7-b6f5-4b9d-ba89-a403ed319e01,zhang,4519546786
4673,korhonen,zhang,d29d69c7-b6f5-4b9d-ba89-a403ed319e01,korhonen,2909358760
4674,zhang,stadv,d29d69c7-b6f5-4b9d-ba89-a403ed319e01,zhang,6027104916
4675,clear,clear,d29d69c7-b6f5-4b9d-ba89-a403ed319e01,korhonen,8351568109
4676,fmgoat,stadv,d29d69c7-b6f5-4b9d-ba89-a403ed319e01,fmgoat,4424481742
4677,good,bad,d29d69c7-b6f5-4b9d-ba89-a403ed319e01,good,v2
4678,korhonen,zhang,d29d69c7-b6f5-4b9d-ba89-a403ed319e01,korhonen,4796228876
4679,clear,clear,d29d69c7-b6f5-4b9d-ba89-a403ed319e01,zhang,5130906829
4680,korhonen,korhonen,d29d69c7-b6f5-4b9d-ba89-a403ed319e01,zhang,4842717407
4681,clear,korhonen,d29d69c7-b6f5-4b9d-ba89-a403ed319e01,clear,7160553409
4682,korhonen,korhonen,d29d69c7-b6f5-4b9d-ba89-a403ed319e01,stadv,8597381500
4683,good,good,d29d69c7-b6f5-4b9d-ba89-a403ed319e01,bad,v4
4684,korhonen,korhonen,d29d69c7-b6f5-4b9d-ba89-a403ed319e01,zhang,6077930890
4685,good,bad,d29d69c7-b6f5-4b9d-ba89-a403ed319e01,good,v1
4686,clear,clear,d29d69c7-b6f5-4b9d-ba89-a403ed319e01,korhonen,8348001072
4687,fmgoat,stadv,7d7e688a-ebbe-4328-9935-9de35baf9551,fmgoat,4424481742
4688,zhang,zhang,7d7e688a-ebbe-4328-9935-9de35baf9551,stadv,6027104916
4689,zhang,zhang,7d7e688a-ebbe-4328-9935-9de35baf9551,fmgoat,4842717407
4690,clear,clear,7d7e688a-ebbe-4328-9935-9de35baf9551,korhonen,8351568109
4691,good,good,7d7e688a-ebbe-4328-9935-9de35baf9551,bad,v6
4692,clear,clear,7d7e688a-ebbe-4328-9935-9de35baf9551,korhonen,7160553409
4693,clear,clear,7d7e688a-ebbe-4328-9935-9de35baf9551,korhonen,6285601097
4694,zhang,zhang,7d7e688a-ebbe-4328-9935-9de35baf9551,stadv,2580252988
4695,good,good,7d7e688a-ebbe-4328-9935-9de35baf9551,bad,v7
4696,korhonen,clear,7d7e688a-ebbe-4328-9935-9de35baf9551,korhonen,8348001072
4697,good,good,7d7e688a-ebbe-4328-9935-9de35baf9551,bad,v3
4698,zhang,korhonen,7d7e688a-ebbe-4328-9935-9de35baf9551,zhang,2909358760
4699,korhonen,zhang,7d7e688a-ebbe-4328-9935-9de35baf9551,korhonen,4796228876
4700,zhang,stadv,7d7e688a-ebbe-4328-9935-9de35baf9551,zhang,4519546786
4701,korhonen,korhonen,7d7e688a-ebbe-4328-9935-9de35baf9551,stadv,8597381500
4702,korhonen,zhang,7d7e688a-ebbe-4328-9935-9de35baf9551,korhonen,6077930890
4703,clear,zhang,674b666d-221b-4146-ac9d-9696940132de,clear,9214795039
4704,korhonen,stadv,674b666d-221b-4146-ac9d-9696940132de,korhonen,6077930890
4705,zhang,zhang,674b666d-221b-4146-ac9d-9696940132de,stadv,2580252988
4706,korhonen,fmgoat,674b666d-221b-4146-ac9d-9696940132de,korhonen,4842717407
4707,good,bad,674b666d-221b-4146-ac9d-9696940132de,good,v7
4708,korhonen,korhonen,674b666d-221b-4146-ac9d-9696940132de,zhang,4519546786
4709,fmgoat,fmgoat,674b666d-221b-4146-ac9d-9696940132de,stadv,8179375247
4710,korhonen,korhonen,674b666d-221b-4146-ac9d-9696940132de,stadv,6285601097
4711,good,bad,674b666d-221b-4146-ac9d-9696940132de,good,v2
4712,korhonen,fmgoat,674b666d-221b-4146-ac9d-9696940132de,korhonen,4107566763
4713,fmgoat,clear,674b666d-221b-4146-ac9d-9696940132de,fmgoat,4424481742
4714,korhonen,stadv,674b666d-221b-4146-ac9d-9696940132de,korhonen,7160553409
4715,good,bad,674b666d-221b-4146-ac9d-9696940132de,good,v6
4716,korhonen,clear,674b666d-221b-4146-ac9d-9696940132de,korhonen,3567613299
4717,clear,clear,674b666d-221b-4146-ac9d-9696940132de,stadv,4633306112
4718,zhang,zhang,674b666d-221b-4146-ac9d-9696940132de,korhonen,3309384812
4719,korhonen,korhonen,674b666d-221b-4146-ac9d-9696940132de,stadv,2909358760
4720,korhonen,zhang,fcc9e485-9c14-4e39-891f-27e1f2dbd418,korhonen,2909358760
4721,zhang,stadv,fcc9e485-9c14-4e39-891f-27e1f2dbd418,zhang,2580252988
4722,clear,zhang,fcc9e485-9c14-4e39-891f-27e1f2dbd418,clear,5130906829
4723,clear,korhonen,fcc9e485-9c14-4e39-891f-27e1f2dbd418,clear,6285601097
4724,zhang,zhang,fcc9e485-9c14-4e39-891f-27e1f2dbd418,stadv,4519546786
4725,fmgoat,stadv,fcc9e485-9c14-4e39-891f-27e1f2dbd418,fmgoat,4424481742
4726,fmgoat,stadv,fcc9e485-9c14-4e39-891f-27e1f2dbd418,fmgoat,4107566763
4727,clear,clear,fcc9e485-9c14-4e39-891f-27e1f2dbd418,stadv,4796228876
4728,clear,clear,fcc9e485-9c14-4e39-891f-27e1f2dbd418,korhonen,8348001072
4729,korhonen,zhang,fcc9e485-9c14-4e39-891f-27e1f2dbd418,korhonen,6077930890
4730,korhonen,stadv,fcc9e485-9c14-4e39-891f-27e1f2dbd418,korhonen,8597381500
4731,good,good,fcc9e485-9c14-4e39-891f-27e1f2dbd418,bad,v6
4732,good,good,fcc9e485-9c14-4e39-891f-27e1f2dbd418,bad,v1
4733,good,bad,fcc9e485-9c14-4e39-891f-27e1f2dbd418,good,v5
4734,zhang,stadv,fcc9e485-9c14-4e39-891f-27e1f2dbd418,zhang,6027104916
4735,clear,clear,fcc9e485-9c14-4e39-891f-27e1f2dbd418,korhonen,7160553409
4736,clear,clear,fcc9e485-9c14-4e39-891f-27e1f2dbd418,stadv,3567613299
4737,korhonen,korhonen,fcc9e485-9c14-4e39-891f-27e1f2dbd418,zhang,3309384812
4738,clear,korhonen,fcc9e485-9c14-4e39-891f-27e1f2dbd418,clear,8351568109
4739,fmgoat,zhang,7fe00936-1e52-4d09-be4f-7afd9e1db34e,fmgoat,9463363154
4740,good,bad,7fe00936-1e52-4d09-be4f-7afd9e1db34e,good,v5
4741,clear,clear,7fe00936-1e52-4d09-be4f-7afd9e1db34e,stadv,4519546786
4742,good,good,7fe00936-1e52-4d09-be4f-7afd9e1db34e,bad,v3
4743,korhonen,korhonen,7fe00936-1e52-4d09-be4f-7afd9e1db34e,stadv,6285601097
4744,korhonen,fmgoat,7fe00936-1e52-4d09-be4f-7afd9e1db34e,korhonen,4598385226
4745,clear,clear,7fe00936-1e52-4d09-be4f-7afd9e1db34e,zhang,2580252988
4746,clear,clear,7fe00936-1e52-4d09-be4f-7afd9e1db34e,zhang,3567613299
4747,korhonen,korhonen,7fe00936-1e52-4d09-be4f-7afd9e1db34e,zhang,8179375247
4748,korhonen,stadv,7fe00936-1e52-4d09-be4f-7afd9e1db34e,korhonen,4796228876
4749,korhonen,korhonen,7fe00936-1e52-4d09-be4f-7afd9e1db34e,stadv,9214795039
4750,clear,clear,7fe00936-1e52-4d09-be4f-7afd9e1db34e,korhonen,3309384812
4751,clear,clear,7fe00936-1e52-4d09-be4f-7afd9e1db34e,fmgoat,9469622762
4752,good,good,7fe00936-1e52-4d09-be4f-7afd9e1db34e,bad,v1
4753,clear,fmgoat,7fe00936-1e52-4d09-be4f-7afd9e1db34e,clear,8351568109
4754,clear,clear,eebb46f3-3015-499a-8c89-f2a2b56276c4,zhang,5130906829
4755,korhonen,korhonen,eebb46f3-3015-499a-8c89-f2a2b56276c4,stadv,8597381500
4756,good,bad,eebb46f3-3015-499a-8c89-f2a2b56276c4,good,v5
4757,,korhonen,eebb46f3-3015-499a-8c89-f2a2b56276c4,zhang,2909358760
4758,zhang,zhang,eebb46f3-3015-499a-8c89-f2a2b56276c4,stadv,4519546786
4759,clear,clear,eebb46f3-3015-499a-8c89-f2a2b56276c4,korhonen,8348001072
4760,zhang,stadv,eebb46f3-3015-499a-8c89-f2a2b56276c4,zhang,6027104916
4761,clear,stadv,eebb46f3-3015-499a-8c89-f2a2b56276c4,clear,4796228876
4762,clear,clear,eebb46f3-3015-499a-8c89-f2a2b56276c4,korhonen,7160553409
4763,fmgoat,zhang,eebb46f3-3015-499a-8c89-f2a2b56276c4,fmgoat,9463363154
4764,good,bad,eebb46f3-3015-499a-8c89-f2a2b56276c4,good,v3
4765,good,good,eebb46f3-3015-499a-8c89-f2a2b56276c4,bad,v4
4766,clear,korhonen,eebb46f3-3015-499a-8c89-f2a2b56276c4,clear,8351568109
4767,,zhang,eebb46f3-3015-499a-8c89-f2a2b56276c4,korhonen,6077930890
4768,zhang,zhang,eebb46f3-3015-499a-8c89-f2a2b56276c4,stadv,2580252988
4769,,korhonen,eebb46f3-3015-499a-8c89-f2a2b56276c4,zhang,4842717407
4770,clear,stadv,44b7d884-8fdd-441c-abd7-575ea53a9436,clear,9716988368
4771,fmgoat,fmgoat,44b7d884-8fdd-441c-abd7-575ea53a9436,zhang,3567613299
4772,clear,clear,44b7d884-8fdd-441c-abd7-575ea53a9436,korhonen,5130906829
4773,clear,fmgoat,44b7d884-8fdd-441c-abd7-575ea53a9436,clear,8351568109
4774,clear,stadv,44b7d884-8fdd-441c-abd7-575ea53a9436,clear,4519546786
4775,zhang,fmgoat,44b7d884-8fdd-441c-abd7-575ea53a9436,zhang,8179375247
4776,korhonen,korhonen,44b7d884-8fdd-441c-abd7-575ea53a9436,fmgoat,4633306112
4777,good,bad,44b7d884-8fdd-441c-abd7-575ea53a9436,good,v3
4778,korhonen,fmgoat,44b7d884-8fdd-441c-abd7-575ea53a9436,korhonen,9214795039
4779,korhonen,clear,44b7d884-8fdd-441c-abd7-575ea53a9436,korhonen,6027104916
4780,korhonen,korhonen,44b7d884-8fdd-441c-abd7-575ea53a9436,fmgoat,2580252988
4781,clear,korhonen,44b7d884-8fdd-441c-abd7-575ea53a9436,clear,9463363154
4782,clear,clear,44b7d884-8fdd-441c-abd7-575ea53a9436,korhonen,3309384812
4783,fmgoat,korhonen,44b7d884-8fdd-441c-abd7-575ea53a9436,fmgoat,6285601097
4784,good,good,44b7d884-8fdd-441c-abd7-575ea53a9436,bad,v6
4785,good,good,44b7d884-8fdd-441c-abd7-575ea53a9436,bad,v7
4786,clear,fmgoat,44b7d884-8fdd-441c-abd7-575ea53a9436,clear,5906203942
4787,korhonen,korhonen,44b7d884-8fdd-441c-abd7-575ea53a9436,stadv,9469622762
4788,clear,clear,44b7d884-8fdd-441c-abd7-575ea53a9436,fmgoat,4424481742
4789,zhang,stadv,44b7d884-8fdd-441c-abd7-575ea53a9436,zhang,4598385226
4790,zhang,zhang,44b7d884-8fdd-441c-abd7-575ea53a9436,stadv,8348001072
4791,clear,clear,aabc34c8-31a5-42da-b568-4f28b6d7b841,stadv,4796228876
4792,korhonen,korhonen,aabc34c8-31a5-42da-b568-4f28b6d7b841,clear,8348001072
4793,,korhonen,aabc34c8-31a5-42da-b568-4f28b6d7b841,zhang,8351568109
4794,clear,stadv,aabc34c8-31a5-42da-b568-4f28b6d7b841,clear,3567613299
4795,clear,clear,aabc34c8-31a5-42da-b568-4f28b6d7b841,zhang,5130906829
4796,fmgoat,fmgoat,aabc34c8-31a5-42da-b568-4f28b6d7b841,korhonen,9716988368
4797,zhang,zhang,aabc34c8-31a5-42da-b568-4f28b6d7b841,stadv,6027104916
4798,good,good,aabc34c8-31a5-42da-b568-4f28b6d7b841,bad,v4
4799,korhonen,korhonen,aabc34c8-31a5-42da-b568-4f28b6d7b841,stadv,8597381500
4800,,zhang,aabc34c8-31a5-42da-b568-4f28b6d7b841,korhonen,3309384812
4801,good,good,aabc34c8-31a5-42da-b568-4f28b6d7b841,bad,v2
4802,good,good,aabc34c8-31a5-42da-b568-4f28b6d7b841,bad,v6
4803,clear,korhonen,aabc34c8-31a5-42da-b568-4f28b6d7b841,clear,7160553409
4804,zhang,stadv,aabc34c8-31a5-42da-b568-4f28b6d7b841,zhang,2580252988
4805,korhonen,korhonen,aabc34c8-31a5-42da-b568-4f28b6d7b841,stadv,2909358760
4806,korhonen,korhonen,258e94f4-1a2e-42d0-8074-657b1abe31f2,zhang,4796228876
4807,good,bad,258e94f4-1a2e-42d0-8074-657b1abe31f2,good,v1
4808,good,good,258e94f4-1a2e-42d0-8074-657b1abe31f2,bad,v6
4809,zhang,stadv,258e94f4-1a2e-42d0-8074-657b1abe31f2,zhang,6027104916
4810,zhang,zhang,258e94f4-1a2e-42d0-8074-657b1abe31f2,stadv,2580252988
4811,clear,clear,258e94f4-1a2e-42d0-8074-657b1abe31f2,korhonen,7160553409
4812,clear,clear,258e94f4-1a2e-42d0-8074-657b1abe31f2,korhonen,8348001072
4813,fmgoat,stadv,258e94f4-1a2e-42d0-8074-657b1abe31f2,fmgoat,4424481742
4814,fmgoat,fmgoat,258e94f4-1a2e-42d0-8074-657b1abe31f2,korhonen,9716988368
4815,korhonen,korhonen,258e94f4-1a2e-42d0-8074-657b1abe31f2,zhang,6077930890
4816,,korhonen,258e94f4-1a2e-42d0-8074-657b1abe31f2,zhang,4842717407
4817,korhonen,stadv,258e94f4-1a2e-42d0-8074-657b1abe31f2,korhonen,2909358760
4818,good,bad,258e94f4-1a2e-42d0-8074-657b1abe31f2,good,v7
4819,korhonen,stadv,258e94f4-1a2e-42d0-8074-657b1abe31f2,korhonen,8597381500
4820,clear,stadv,7bab6d1e-39e4-4c89-857a-95d22fc62785,clear,4796228876
4821,zhang,zhang,7bab6d1e-39e4-4c89-857a-95d22fc62785,stadv,4519546786
4822,good,good,7bab6d1e-39e4-4c89-857a-95d22fc62785,bad,v1
4823,zhang,zhang,7bab6d1e-39e4-4c89-857a-95d22fc62785,korhonen,8351568109
4824,fmgoat,fmgoat,7bab6d1e-39e4-4c89-857a-95d22fc62785,stadv,4424481742
4825,korhonen,stadv,7bab6d1e-39e4-4c89-857a-95d22fc62785,korhonen,8597381500
4826,good,good,7bab6d1e-39e4-4c89-857a-95d22fc62785,bad,v1
4827,fmgoat,fmgoat,7bab6d1e-39e4-4c89-857a-95d22fc62785,zhang,9463363154
4828,korhonen,zhang,7bab6d1e-39e4-4c89-857a-95d22fc62785,korhonen,4842717407
4829,zhang,zhang,7bab6d1e-39e4-4c89-857a-95d22fc62785,stadv,6027104916
4830,clear,korhonen,7bab6d1e-39e4-4c89-857a-95d22fc62785,clear,8348001072
4831,korhonen,zhang,7bab6d1e-39e4-4c89-857a-95d22fc62785,korhonen,2909358760
4832,clear,clear,7bab6d1e-39e4-4c89-857a-95d22fc62785,korhonen,7160553409
4833,good,good,7bab6d1e-39e4-4c89-857a-95d22fc62785,bad,v6
4834,good,bad,dae51f8c-8b41-4444-9f4e-f47c479474f7,good,v2
4835,korhonen,zhang,dae51f8c-8b41-4444-9f4e-f47c479474f7,korhonen,4796228876
4836,korhonen,stadv,dae51f8c-8b41-4444-9f4e-f47c479474f7,korhonen,8597381500
4837,good,bad,dae51f8c-8b41-4444-9f4e-f47c479474f7,good,v6
4838,clear,korhonen,dae51f8c-8b41-4444-9f4e-f47c479474f7,clear,6285601097
4839,fmgoat,fmgoat,dae51f8c-8b41-4444-9f4e-f47c479474f7,korhonen,9716988368
4840,fmgoat,zhang,dae51f8c-8b41-4444-9f4e-f47c479474f7,fmgoat,9463363154
4841,clear,clear,dae51f8c-8b41-4444-9f4e-f47c479474f7,zhang,5130906829
4842,zhang,korhonen,dae51f8c-8b41-4444-9f4e-f47c479474f7,zhang,6077930890
4843,zhang,fmgoat,dae51f8c-8b41-4444-9f4e-f47c479474f7,zhang,4842717407
4844,clear,clear,dae51f8c-8b41-4444-9f4e-f47c479474f7,korhonen,7160553409
4845,korhonen,korhonen,dae51f8c-8b41-4444-9f4e-f47c479474f7,stadv,2909358760
4846,stadv,zhang,dae51f8c-8b41-4444-9f4e-f47c479474f7,stadv,6027104916
4847,good,good,dae51f8c-8b41-4444-9f4e-f47c479474f7,bad,v3
4848,korhonen,zhang,dae51f8c-8b41-4444-9f4e-f47c479474f7,korhonen,8351568109
4849,zhang,stadv,dae51f8c-8b41-4444-9f4e-f47c479474f7,zhang,2580252988
4850,good,good,f15399e1-cfb4-4e28-8e51-46e48f3f906b,bad,v1
4851,clear,korhonen,f15399e1-cfb4-4e28-8e51-46e48f3f906b,clear,7160553409
4852,korhonen,zhang,f15399e1-cfb4-4e28-8e51-46e48f3f906b,korhonen,4796228876
4853,clear,korhonen,f15399e1-cfb4-4e28-8e51-46e48f3f906b,clear,8348001072
4854,clear,korhonen,f15399e1-cfb4-4e28-8e51-46e48f3f906b,clear,8351568109
4855,clear,zhang,f15399e1-cfb4-4e28-8e51-46e48f3f906b,clear,5130906829
4856,korhonen,zhang,f15399e1-cfb4-4e28-8e51-46e48f3f906b,korhonen,2909358760
4857,zhang,zhang,f15399e1-cfb4-4e28-8e51-46e48f3f906b,stadv,2580252988
4858,fmgoat,korhonen,f15399e1-cfb4-4e28-8e51-46e48f3f906b,fmgoat,9716988368
4859,korhonen,korhonen,f15399e1-cfb4-4e28-8e51-46e48f3f906b,stadv,8597381500
4860,,korhonen,f15399e1-cfb4-4e28-8e51-46e48f3f906b,zhang,4842717407
4861,zhang,zhang,f15399e1-cfb4-4e28-8e51-46e48f3f906b,stadv,6027104916
4862,fmgoat,stadv,f15399e1-cfb4-4e28-8e51-46e48f3f906b,fmgoat,4424481742
4863,good,good,f15399e1-cfb4-4e28-8e51-46e48f3f906b,bad,v2
4864,good,good,f15399e1-cfb4-4e28-8e51-46e48f3f906b,bad,v6
4865,clear,clear,f15399e1-cfb4-4e28-8e51-46e48f3f906b,stadv,3567613299
4866,,zhang,f15399e1-cfb4-4e28-8e51-46e48f3f906b,korhonen,6077930890
4867,good,good,fb9b076b-b1d7-46b6-b4ed-fddb62fb59f0,bad,v1
4868,clear,clear,fb9b076b-b1d7-46b6-b4ed-fddb62fb59f0,zhang,5130906829
4869,clear,clear,fb9b076b-b1d7-46b6-b4ed-fddb62fb59f0,stadv,3567613299
4870,clear,korhonen,fb9b076b-b1d7-46b6-b4ed-fddb62fb59f0,clear,7160553409
4871,zhang,zhang,fb9b076b-b1d7-46b6-b4ed-fddb62fb59f0,stadv,4519546786
4872,korhonen,korhonen,fb9b076b-b1d7-46b6-b4ed-fddb62fb59f0,stadv,2909358760
4873,good,good,fb9b076b-b1d7-46b6-b4ed-fddb62fb59f0,bad,v3
4874,clear,korhonen,fb9b076b-b1d7-46b6-b4ed-fddb62fb59f0,clear,8348001072
4875,korhonen,korhonen,fb9b076b-b1d7-46b6-b4ed-fddb62fb59f0,stadv,8597381500
4876,clear,clear,fb9b076b-b1d7-46b6-b4ed-fddb62fb59f0,korhonen,6285601097
4877,clear,clear,fb9b076b-b1d7-46b6-b4ed-fddb62fb59f0,korhonen,8351568109
4878,clear,clear,fb9b076b-b1d7-46b6-b4ed-fddb62fb59f0,stadv,4796228876
4879,fmgoat,fmgoat,fb9b076b-b1d7-46b6-b4ed-fddb62fb59f0,zhang,9463363154
4880,good,good,fb9b076b-b1d7-46b6-b4ed-fddb62fb59f0,bad,v4
4881,zhang,stadv,fb9b076b-b1d7-46b6-b4ed-fddb62fb59f0,zhang,6027104916
4882,,zhang,fb9b076b-b1d7-46b6-b4ed-fddb62fb59f0,korhonen,6077930890
4883,,zhang,fb9b076b-b1d7-46b6-b4ed-fddb62fb59f0,korhonen,4842717407
4884,good,bad,fad02cfd-8b18-4d0e-a2af-8bb621183214,good,v1
4885,korhonen,stadv,fad02cfd-8b18-4d0e-a2af-8bb621183214,korhonen,8597381500
4886,clear,clear,fad02cfd-8b18-4d0e-a2af-8bb621183214,zhang,5130906829
4887,clear,korhonen,fad02cfd-8b18-4d0e-a2af-8bb621183214,clear,7160553409
4888,fmgoat,fmgoat,fad02cfd-8b18-4d0e-a2af-8bb621183214,zhang,9463363154
4889,good,bad,fad02cfd-8b18-4d0e-a2af-8bb621183214,good,v4
4890,korhonen,korhonen,fad02cfd-8b18-4d0e-a2af-8bb621183214,zhang,2909358760
4891,korhonen,korhonen,fad02cfd-8b18-4d0e-a2af-8bb621183214,zhang,6077930890
4892,zhang,stadv,fad02cfd-8b18-4d0e-a2af-8bb621183214,zhang,2580252988
4893,zhang,stadv,fad02cfd-8b18-4d0e-a2af-8bb621183214,zhang,6027104916
4894,clear,clear,fad02cfd-8b18-4d0e-a2af-8bb621183214,stadv,3567613299
4895,good,bad,fad02cfd-8b18-4d0e-a2af-8bb621183214,good,v5
4896,clear,clear,fad02cfd-8b18-4d0e-a2af-8bb621183214,korhonen,8348001072
4897,clear,clear,fad02cfd-8b18-4d0e-a2af-8bb621183214,stadv,4796228876
4898,zhang,zhang,fad02cfd-8b18-4d0e-a2af-8bb621183214,korhonen,3309384812
4899,fmgoat,korhonen,fad02cfd-8b18-4d0e-a2af-8bb621183214,fmgoat,9716988368
4900,,zhang,fad02cfd-8b18-4d0e-a2af-8bb621183214,korhonen,4842717407
4901,fmgoat,zhang,0bfbc549-7e10-437b-a0d3-500840b55a0f,fmgoat,6285601097
4902,korhonen,fmgoat,0bfbc549-7e10-437b-a0d3-500840b55a0f,korhonen,8179375247
4903,good,good,0bfbc549-7e10-437b-a0d3-500840b55a0f,bad,v7
4904,fmgoat,fmgoat,0bfbc549-7e10-437b-a0d3-500840b55a0f,zhang,8348001072
4905,korhonen,fmgoat,0bfbc549-7e10-437b-a0d3-500840b55a0f,korhonen,4598385226
4906,stadv,stadv,0bfbc549-7e10-437b-a0d3-500840b55a0f,korhonen,6077930890
4907,clear,stadv,0bfbc549-7e10-437b-a0d3-500840b55a0f,clear,7160553409
4908,zhang,clear,0bfbc549-7e10-437b-a0d3-500840b55a0f,zhang,9469622762
4909,good,good,0bfbc549-7e10-437b-a0d3-500840b55a0f,bad,v7
4910,clear,korhonen,0bfbc549-7e10-437b-a0d3-500840b55a0f,clear,4796228876
4911,korhonen,korhonen,0bfbc549-7e10-437b-a0d3-500840b55a0f,fmgoat,3309384812
4912,korhonen,fmgoat,0bfbc549-7e10-437b-a0d3-500840b55a0f,korhonen,4842717407
4913,clear,clear,0bfbc549-7e10-437b-a0d3-500840b55a0f,stadv,5906203942
4914,good,bad,0bfbc549-7e10-437b-a0d3-500840b55a0f,good,v7
4915,fmgoat,fmgoat,0bfbc549-7e10-437b-a0d3-500840b55a0f,korhonen,2580252988
4916,zhang,zhang,0bfbc549-7e10-437b-a0d3-500840b55a0f,korhonen,9716988368
4917,fmgoat,stadv,0bfbc549-7e10-437b-a0d3-500840b55a0f,fmgoat,9463363154
4918,zhang,zhang,b5a33477-e1ad-461e-adbf-45175c4aa524,stadv,4796228876
4919,clear,zhang,b5a33477-e1ad-461e-adbf-45175c4aa524,clear,4633306112
4920,korhonen,korhonen,b5a33477-e1ad-461e-adbf-45175c4aa524,zhang,8348001072
4921,good,bad,b5a33477-e1ad-461e-adbf-45175c4aa524,good,v7
4922,fmgoat,fmgoat,b5a33477-e1ad-461e-adbf-45175c4aa524,stadv,6027104916
4923,clear,zhang,b5a33477-e1ad-461e-adbf-45175c4aa524,clear,4107566763
4924,fmgoat,stadv,b5a33477-e1ad-461e-adbf-45175c4aa524,fmgoat,2580252988
4925,fmgoat,fmgoat,b5a33477-e1ad-461e-adbf-45175c4aa524,korhonen,2909358760
4926,korhonen,stadv,b5a33477-e1ad-461e-adbf-45175c4aa524,korhonen,4519546786
4927,fmgoat,fmgoat,b5a33477-e1ad-461e-adbf-45175c4aa524,zhang,4598385226
4928,good,bad,b5a33477-e1ad-461e-adbf-45175c4aa524,good,v1
4929,clear,stadv,b5a33477-e1ad-461e-adbf-45175c4aa524,clear,4842717407
4930,zhang,fmgoat,b5a33477-e1ad-461e-adbf-45175c4aa524,zhang,9214795039
4931,clear,clear,b5a33477-e1ad-461e-adbf-45175c4aa524,stadv,9716988368
4932,good,bad,b5a33477-e1ad-461e-adbf-45175c4aa524,good,v5
4933,fmgoat,fmgoat,b5a33477-e1ad-461e-adbf-45175c4aa524,korhonen,6285601097
4934,fmgoat,fmgoat,b5a33477-e1ad-461e-adbf-45175c4aa524,stadv,8179375247
4935,clear,clear,b5a33477-e1ad-461e-adbf-45175c4aa524,korhonen,8597381500
4936,clear,clear,b5a33477-e1ad-461e-adbf-45175c4aa524,korhonen,9469622762
4937,fmgoat,korhonen,ab0b62be-0663-43d3-b7a0-540270dcd04b,fmgoat,4598385226
4938,korhonen,korhonen,ab0b62be-0663-43d3-b7a0-540270dcd04b,fmgoat,4842717407
4939,korhonen,korhonen,ab0b62be-0663-43d3-b7a0-540270dcd04b,fmgoat,8179375247
4940,clear,zhang,ab0b62be-0663-43d3-b7a0-540270dcd04b,clear,5130906829
4941,good,bad,ab0b62be-0663-43d3-b7a0-540270dcd04b,good,v5
4942,clear,korhonen,ab0b62be-0663-43d3-b7a0-540270dcd04b,clear,6285601097
4943,clear,korhonen,ab0b62be-0663-43d3-b7a0-540270dcd04b,clear,8351568109
4944,korhonen,korhonen,ab0b62be-0663-43d3-b7a0-540270dcd04b,zhang,4796228876
4945,zhang,stadv,ab0b62be-0663-43d3-b7a0-540270dcd04b,zhang,4519546786
4946,zhang,stadv,ab0b62be-0663-43d3-b7a0-540270dcd04b,zhang,2580252988
4947,korhonen,stadv,ab0b62be-0663-43d3-b7a0-540270dcd04b,korhonen,2909358760
4948,clear,clear,ab0b62be-0663-43d3-b7a0-540270dcd04b,korhonen,7160553409
4949,korhonen,korhonen,ab0b62be-0663-43d3-b7a0-540270dcd04b,zhang,6077930890
4950,good,good,ab0b62be-0663-43d3-b7a0-540270dcd04b,bad,v3
4951,korhonen,stadv,ab0b62be-0663-43d3-b7a0-540270dcd04b,korhonen,8597381500
4952,korhonen,clear,ab0b62be-0663-43d3-b7a0-540270dcd04b,korhonen,3567613299
4953,zhang,zhang,ab0b62be-0663-43d3-b7a0-540270dcd04b,korhonen,3309384812
4954,korhonen,fmgoat,ab0b62be-0663-43d3-b7a0-540270dcd04b,korhonen,6027104916
4955,good,good,ab0b62be-0663-43d3-b7a0-540270dcd04b,bad,v6
4956,clear,clear,f20b6398-9221-42dc-8a05-33bb8d777873,korhonen,3309384812
4957,fmgoat,fmgoat,f20b6398-9221-42dc-8a05-33bb8d777873,korhonen,4519546786
4958,clear,stadv,f20b6398-9221-42dc-8a05-33bb8d777873,clear,4842717407
4959,korhonen,stadv,f20b6398-9221-42dc-8a05-33bb8d777873,korhonen,4598385226
4960,clear,zhang,f20b6398-9221-42dc-8a05-33bb8d777873,clear,8348001072
4961,korhonen,clear,f20b6398-9221-42dc-8a05-33bb8d777873,korhonen,9716988368
4962,clear,zhang,f20b6398-9221-42dc-8a05-33bb8d777873,clear,6077930890
4963,korhonen,korhonen,f20b6398-9221-42dc-8a05-33bb8d777873,zhang,4107566763
4964,good,good,f20b6398-9221-42dc-8a05-33bb8d777873,bad,v4
4965,korhonen,korhonen,f20b6398-9221-42dc-8a05-33bb8d777873,stadv,6027104916
4966,fmgoat,zhang,f20b6398-9221-42dc-8a05-33bb8d777873,fmgoat,8179375247
4967,good,good,f20b6398-9221-42dc-8a05-33bb8d777873,bad,v4
4968,fmgoat,fmgoat,f20b6398-9221-42dc-8a05-33bb8d777873,korhonen,7160553409
4969,zhang,stadv,f20b6398-9221-42dc-8a05-33bb8d777873,zhang,4424481742
4970,korhonen,korhonen,f20b6398-9221-42dc-8a05-33bb8d777873,stadv,8351568109
4971,korhonen,stadv,f20b6398-9221-42dc-8a05-33bb8d777873,korhonen,9469622762
4972,fmgoat,stadv,f20b6398-9221-42dc-8a05-33bb8d777873,fmgoat,2909358760
4973,good,bad,f20b6398-9221-42dc-8a05-33bb8d777873,good,v7
4974,clear,clear,f20b6398-9221-42dc-8a05-33bb8d777873,zhang,9214795039
4975,,zhang,f20b6398-9221-42dc-8a05-33bb8d777873,clear,5906203942
4976,zhang,zhang,6ac29965-e4e3-4ab6-a2c0-c1701dff836c,fmgoat,8179375247
4977,zhang,zhang,6ac29965-e4e3-4ab6-a2c0-c1701dff836c,korhonen,6077930890
4978,zhang,zhang,6ac29965-e4e3-4ab6-a2c0-c1701dff836c,stadv,2580252988
4979,clear,korhonen,6ac29965-e4e3-4ab6-a2c0-c1701dff836c,clear,4519546786
4980,clear,clear,6ac29965-e4e3-4ab6-a2c0-c1701dff836c,zhang,5130906829
4981,good,bad,6ac29965-e4e3-4ab6-a2c0-c1701dff836c,good,v5
4982,stadv,stadv,6ac29965-e4e3-4ab6-a2c0-c1701dff836c,korhonen,8597381500
4983,clear,korhonen,6ac29965-e4e3-4ab6-a2c0-c1701dff836c,clear,8351568109
4984,good,good,6ac29965-e4e3-4ab6-a2c0-c1701dff836c,bad,v2
4985,fmgoat,fmgoat,6ac29965-e4e3-4ab6-a2c0-c1701dff836c,zhang,9463363154
4986,clear,stadv,6ac29965-e4e3-4ab6-a2c0-c1701dff836c,clear,4796228876
4987,stadv,stadv,6ac29965-e4e3-4ab6-a2c0-c1701dff836c,korhonen,2909358760
4988,fmgoat,fmgoat,6ac29965-e4e3-4ab6-a2c0-c1701dff836c,korhonen,4842717407
4989,korhonen,korhonen,6ac29965-e4e3-4ab6-a2c0-c1701dff836c,fmgoat,4598385226
4990,good,good,6ac29965-e4e3-4ab6-a2c0-c1701dff836c,bad,v5
4991,korhonen,korhonen,6ac29965-e4e3-4ab6-a2c0-c1701dff836c,fmgoat,9716988368
4992,korhonen,fmgoat,6ac29965-e4e3-4ab6-a2c0-c1701dff836c,korhonen,7160553409
4993,clear,clear,6ac29965-e4e3-4ab6-a2c0-c1701dff836c,zhang,4633306112
4994,zhang,stadv,6ac29965-e4e3-4ab6-a2c0-c1701dff836c,zhang,6027104916
4995,zhang,korhonen,6637ae89-d47b-4c56-ab2c-f817f8d85497,zhang,8351568109
4996,zhang,zhang,6637ae89-d47b-4c56-ab2c-f817f8d85497,stadv,2580252988
4997,clear,clear,6637ae89-d47b-4c56-ab2c-f817f8d85497,zhang,5130906829
4998,clear,korhonen,6637ae89-d47b-4c56-ab2c-f817f8d85497,clear,3567613299
4999,good,good,6637ae89-d47b-4c56-ab2c-f817f8d85497,bad,v6
5000,fmgoat,korhonen,6637ae89-d47b-4c56-ab2c-f817f8d85497,fmgoat,6027104916
5001,korhonen,stadv,6637ae89-d47b-4c56-ab2c-f817f8d85497,korhonen,8597381500
5002,fmgoat,fmgoat,6637ae89-d47b-4c56-ab2c-f817f8d85497,zhang,9463363154
5003,good,good,6637ae89-d47b-4c56-ab2c-f817f8d85497,bad,v4
5004,korhonen,korhonen,6637ae89-d47b-4c56-ab2c-f817f8d85497,fmgoat,4842717407
5005,korhonen,korhonen,6637ae89-d47b-4c56-ab2c-f817f8d85497,stadv,2909358760
5006,good,good,6637ae89-d47b-4c56-ab2c-f817f8d85497,bad,v1
5007,clear,clear,6637ae89-d47b-4c56-ab2c-f817f8d85497,korhonen,4519546786
5008,clear,stadv,e7c5bd25-2968-46a0-b5d1-663619eefeb8,clear,2909358760
5009,good,good,e7c5bd25-2968-46a0-b5d1-663619eefeb8,bad,v3
5010,korhonen,fmgoat,e7c5bd25-2968-46a0-b5d1-663619eefeb8,korhonen,9469622762
5011,clear,clear,e7c5bd25-2968-46a0-b5d1-663619eefeb8,stadv,9214795039
5012,zhang,stadv,e7c5bd25-2968-46a0-b5d1-663619eefeb8,zhang,4842717407
5013,korhonen,korhonen,e7c5bd25-2968-46a0-b5d1-663619eefeb8,stadv,6077930890
5014,korhonen,korhonen,e7c5bd25-2968-46a0-b5d1-663619eefeb8,stadv,8179375247
5015,clear,clear,e7c5bd25-2968-46a0-b5d1-663619eefeb8,zhang,4796228876
5016,clear,fmgoat,e7c5bd25-2968-46a0-b5d1-663619eefeb8,clear,6285601097
5017,fmgoat,stadv,e7c5bd25-2968-46a0-b5d1-663619eefeb8,fmgoat,2580252988
5018,fmgoat,stadv,e7c5bd25-2968-46a0-b5d1-663619eefeb8,fmgoat,3309384812
5019,clear,clear,e7c5bd25-2968-46a0-b5d1-663619eefeb8,stadv,8348001072
5020,korhonen,stadv,e7c5bd25-2968-46a0-b5d1-663619eefeb8,korhonen,4107566763
5021,good,bad,e7c5bd25-2968-46a0-b5d1-663619eefeb8,good,v2
5022,clear,zhang,e7c5bd25-2968-46a0-b5d1-663619eefeb8,clear,4598385226
5023,zhang,stadv,e7c5bd25-2968-46a0-b5d1-663619eefeb8,zhang,7160553409
5024,good,bad,e7c5bd25-2968-46a0-b5d1-663619eefeb8,good,v3
5025,korhonen,zhang,e7c5bd25-2968-46a0-b5d1-663619eefeb8,korhonen,5906203942
5026,clear,stadv,e7c5bd25-2968-46a0-b5d1-663619eefeb8,clear,9463363154
5027,fmgoat,fmgoat,83651ca3-ccf8-49ba-8c69-b333335ea6ab,stadv,3309384812
5028,zhang,korhonen,83651ca3-ccf8-49ba-8c69-b333335ea6ab,zhang,5906203942
5029,fmgoat,korhonen,83651ca3-ccf8-49ba-8c69-b333335ea6ab,fmgoat,6027104916
5030,fmgoat,stadv,83651ca3-ccf8-49ba-8c69-b333335ea6ab,fmgoat,2580252988
5031,clear,clear,83651ca3-ccf8-49ba-8c69-b333335ea6ab,korhonen,4519546786
5032,fmgoat,korhonen,83651ca3-ccf8-49ba-8c69-b333335ea6ab,fmgoat,4598385226
5033,clear,clear,83651ca3-ccf8-49ba-8c69-b333335ea6ab,korhonen,8351568109
5034,clear,zhang,83651ca3-ccf8-49ba-8c69-b333335ea6ab,clear,4633306112
5035,good,good,83651ca3-ccf8-49ba-8c69-b333335ea6ab,bad,v5
5036,good,good,83651ca3-ccf8-49ba-8c69-b333335ea6ab,bad,v1
5037,korhonen,korhonen,83651ca3-ccf8-49ba-8c69-b333335ea6ab,stadv,8597381500
5038,fmgoat,fmgoat,83651ca3-ccf8-49ba-8c69-b333335ea6ab,korhonen,8179375247
5039,korhonen,korhonen,83651ca3-ccf8-49ba-8c69-b333335ea6ab,fmgoat,4842717407
5040,zhang,zhang,83651ca3-ccf8-49ba-8c69-b333335ea6ab,clear,9463363154
5041,korhonen,korhonen,83651ca3-ccf8-49ba-8c69-b333335ea6ab,zhang,4796228876
5042,good,bad,83651ca3-ccf8-49ba-8c69-b333335ea6ab,good,v4
5043,clear,clear,83651ca3-ccf8-49ba-8c69-b333335ea6ab,zhang,5130906829
5044,,korhonen,83651ca3-ccf8-49ba-8c69-b333335ea6ab,zhang,6077930890
5045,zhang,zhang,86f59078-a8d0-4132-9e23-af17b18880ca,stadv,4598385226
5046,good,bad,86f59078-a8d0-4132-9e23-af17b18880ca,good,v6
5047,clear,clear,86f59078-a8d0-4132-9e23-af17b18880ca,fmgoat,9716988368
5048,good,good,86f59078-a8d0-4132-9e23-af17b18880ca,bad,v6
5049,fmgoat,fmgoat,86f59078-a8d0-4132-9e23-af17b18880ca,zhang,4796228876
5050,clear,clear,86f59078-a8d0-4132-9e23-af17b18880ca,fmgoat,5130906829
5051,clear,clear,86f59078-a8d0-4132-9e23-af17b18880ca,fmgoat,4842717407
5052,fmgoat,fmgoat,86f59078-a8d0-4132-9e23-af17b18880ca,stadv,4519546786
5053,clear,clear,86f59078-a8d0-4132-9e23-af17b18880ca,korhonen,8179375247
5054,korhonen,korhonen,86f59078-a8d0-4132-9e23-af17b18880ca,fmgoat,9214795039
5055,clear,stadv,86f59078-a8d0-4132-9e23-af17b18880ca,clear,3309384812
5056,zhang,zhang,86f59078-a8d0-4132-9e23-af17b18880ca,clear,6077930890
5057,zhang,stadv,86f59078-a8d0-4132-9e23-af17b18880ca,zhang,3567613299
5058,zhang,stadv,86f59078-a8d0-4132-9e23-af17b18880ca,zhang,4633306112
5059,good,good,86f59078-a8d0-4132-9e23-af17b18880ca,bad,v3
5060,clear,clear,86f59078-a8d0-4132-9e23-af17b18880ca,stadv,6027104916
5061,zhang,zhang,86f59078-a8d0-4132-9e23-af17b18880ca,stadv,4424481742
5062,fmgoat,stadv,12430d41-f742-4600-a97f-f18d95174897,fmgoat,3309384812
5063,fmgoat,fmgoat,12430d41-f742-4600-a97f-f18d95174897,stadv,2580252988
5064,good,good,12430d41-f742-4600-a97f-f18d95174897,bad,v5
5065,fmgoat,fmgoat,12430d41-f742-4600-a97f-f18d95174897,korhonen,4598385226
5066,clear,korhonen,12430d41-f742-4600-a97f-f18d95174897,clear,8179375247
5067,clear,zhang,12430d41-f742-4600-a97f-f18d95174897,clear,4424481742
5068,clear,zhang,12430d41-f742-4600-a97f-f18d95174897,clear,5130906829
5069,korhonen,korhonen,12430d41-f742-4600-a97f-f18d95174897,stadv,8597381500
5070,zhang,fmgoat,12430d41-f742-4600-a97f-f18d95174897,zhang,4842717407
5071,korhonen,stadv,12430d41-f742-4600-a97f-f18d95174897,korhonen,2909358760
5072,,korhonen,12430d41-f742-4600-a97f-f18d95174897,fmgoat,6027104916
5073,fmgoat,stadv,12430d41-f742-4600-a97f-f18d95174897,fmgoat,3567613299
5074,good,good,12430d41-f742-4600-a97f-f18d95174897,bad,v7
5075,good,bad,12430d41-f742-4600-a97f-f18d95174897,good,v2
5076,clear,clear,12430d41-f742-4600-a97f-f18d95174897,stadv,4633306112
5077,korhonen,korhonen,12430d41-f742-4600-a97f-f18d95174897,stadv,8348001072
5078,,zhang,12430d41-f742-4600-a97f-f18d95174897,korhonen,8351568109
5079,,fmgoat,55b940e5-a191-4e5b-9ab1-d8c239a5ef27,korhonen,4842717407
5080,clear,clear,55b940e5-a191-4e5b-9ab1-d8c239a5ef27,korhonen,4519546786
5081,good,bad,55b940e5-a191-4e5b-9ab1-d8c239a5ef27,good,v3
5082,,stadv,55b940e5-a191-4e5b-9ab1-d8c239a5ef27,fmgoat,3309384812
5083,good,bad,55b940e5-a191-4e5b-9ab1-d8c239a5ef27,good,v4
5084,fmgoat,fmgoat,55b940e5-a191-4e5b-9ab1-d8c239a5ef27,korhonen,6027104916
5085,clear,stadv,55b940e5-a191-4e5b-9ab1-d8c239a5ef27,clear,3567613299
5086,clear,clear,55b940e5-a191-4e5b-9ab1-d8c239a5ef27,zhang,5130906829
5087,fmgoat,fmgoat,55b940e5-a191-4e5b-9ab1-d8c239a5ef27,korhonen,4598385226
5088,korhonen,korhonen,55b940e5-a191-4e5b-9ab1-d8c239a5ef27,zhang,4796228876
5089,clear,clear,55b940e5-a191-4e5b-9ab1-d8c239a5ef27,zhang,7160553409
5090,korhonen,stadv,55b940e5-a191-4e5b-9ab1-d8c239a5ef27,korhonen,2909358760
5091,good,good,55b940e5-a191-4e5b-9ab1-d8c239a5ef27,bad,v2
5092,,stadv,55b940e5-a191-4e5b-9ab1-d8c239a5ef27,zhang,2580252988
5093,,korhonen,55b940e5-a191-4e5b-9ab1-d8c239a5ef27,stadv,8348001072
5094,,zhang,55b940e5-a191-4e5b-9ab1-d8c239a5ef27,stadv,4633306112
5095,fmgoat,fmgoat,9ae05e18-6528-461d-adc6-ead86bd1926d,stadv,6027104916
5096,korhonen,korhonen,9ae05e18-6528-461d-adc6-ead86bd1926d,stadv,9716988368
5097,clear,clear,9ae05e18-6528-461d-adc6-ead86bd1926d,fmgoat,3309384812
5098,korhonen,korhonen,9ae05e18-6528-461d-adc6-ead86bd1926d,zhang,4107566763
5099,good,bad,9ae05e18-6528-461d-adc6-ead86bd1926d,good,v6
5100,zhang,zhang,9ae05e18-6528-461d-adc6-ead86bd1926d,fmgoat,2909358760
5101,zhang,stadv,9ae05e18-6528-461d-adc6-ead86bd1926d,zhang,8348001072
5102,fmgoat,stadv,9ae05e18-6528-461d-adc6-ead86bd1926d,fmgoat,4796228876
5103,clear,korhonen,9ae05e18-6528-461d-adc6-ead86bd1926d,clear,9214795039
5104,good,bad,9ae05e18-6528-461d-adc6-ead86bd1926d,good,v4
5105,fmgoat,korhonen,9ae05e18-6528-461d-adc6-ead86bd1926d,fmgoat,3567613299
5106,zhang,zhang,9ae05e18-6528-461d-adc6-ead86bd1926d,fmgoat,9469622762
5107,clear,clear,9ae05e18-6528-461d-adc6-ead86bd1926d,stadv,8351568109
5108,good,good,9ae05e18-6528-461d-adc6-ead86bd1926d,bad,v2
5109,zhang,zhang,9ae05e18-6528-461d-adc6-ead86bd1926d,fmgoat,4633306112
5110,clear,korhonen,9ae05e18-6528-461d-adc6-ead86bd1926d,clear,4598385226
5111,fmgoat,fmgoat,9ae05e18-6528-461d-adc6-ead86bd1926d,korhonen,4424481742
5112,clear,clear,9ae05e18-6528-461d-adc6-ead86bd1926d,zhang,8597381500
5113,zhang,zhang,9ae05e18-6528-461d-adc6-ead86bd1926d,fmgoat,2580252988
5114,good,good,af9790c5-0856-47a6-9382-723799b41b84,bad,v6
5115,clear,clear,af9790c5-0856-47a6-9382-723799b41b84,korhonen,9469622762
5116,fmgoat,fmgoat,af9790c5-0856-47a6-9382-723799b41b84,stadv,4633306112
5117,clear,clear,af9790c5-0856-47a6-9382-723799b41b84,zhang,6285601097
5118,korhonen,korhonen,af9790c5-0856-47a6-9382-723799b41b84,fmgoat,4796228876
5119,clear,clear,af9790c5-0856-47a6-9382-723799b41b84,fmgoat,4519546786
5120,clear,clear,af9790c5-0856-47a6-9382-723799b41b84,zhang,8597381500
5121,korhonen,korhonen,af9790c5-0856-47a6-9382-723799b41b84,zhang,3567613299
5122,fmgoat,stadv,af9790c5-0856-47a6-9382-723799b41b84,fmgoat,2909358760
5123,clear,clear,af9790c5-0856-47a6-9382-723799b41b84,korhonen,6077930890
5124,good,good,af9790c5-0856-47a6-9382-723799b41b84,bad,v2
5125,zhang,fmgoat,af9790c5-0856-47a6-9382-723799b41b84,zhang,3309384812
5126,good,good,af9790c5-0856-47a6-9382-723799b41b84,bad,v3
5127,clear,clear,af9790c5-0856-47a6-9382-723799b41b84,stadv,4842717407
5128,clear,fmgoat,af9790c5-0856-47a6-9382-723799b41b84,clear,9463363154
5129,korhonen,korhonen,af9790c5-0856-47a6-9382-723799b41b84,stadv,7160553409
5130,clear,zhang,af9790c5-0856-47a6-9382-723799b41b84,clear,5906203942
5131,zhang,zhang,af9790c5-0856-47a6-9382-723799b41b84,korhonen,9214795039
5132,fmgoat,korhonen,af9790c5-0856-47a6-9382-723799b41b84,fmgoat,4424481742
5133,clear,korhonen,af9790c5-0856-47a6-9382-723799b41b84,clear,4598385226
5134,korhonen,korhonen,791b4ca0-85b3-40ba-be9d-d1e3a72a22a3,zhang,5906203942
5135,korhonen,stadv,791b4ca0-85b3-40ba-be9d-d1e3a72a22a3,korhonen,8597381500
5136,good,bad,791b4ca0-85b3-40ba-be9d-d1e3a72a22a3,good,v6
5137,clear,clear,791b4ca0-85b3-40ba-be9d-d1e3a72a22a3,zhang,2909358760
5138,korhonen,korhonen,791b4ca0-85b3-40ba-be9d-d1e3a72a22a3,zhang,4796228876
5139,fmgoat,stadv,791b4ca0-85b3-40ba-be9d-d1e3a72a22a3,fmgoat,3309384812
5140,korhonen,korhonen,791b4ca0-85b3-40ba-be9d-d1e3a72a22a3,fmgoat,6027104916
5141,clear,clear,791b4ca0-85b3-40ba-be9d-d1e3a72a22a3,korhonen,3567613299
5142,good,bad,791b4ca0-85b3-40ba-be9d-d1e3a72a22a3,good,v1
5143,fmgoat,fmgoat,791b4ca0-85b3-40ba-be9d-d1e3a72a22a3,korhonen,8348001072
5144,fmgoat,fmgoat,791b4ca0-85b3-40ba-be9d-d1e3a72a22a3,korhonen,8179375247
5145,clear,clear,791b4ca0-85b3-40ba-be9d-d1e3a72a22a3,stadv,5130906829
5146,good,good,791b4ca0-85b3-40ba-be9d-d1e3a72a22a3,bad,v5
5147,good,good,fbf23dc3-eb99-4860-a962-b862449f1fa6,bad,v6
5148,fmgoat,stadv,fbf23dc3-eb99-4860-a962-b862449f1fa6,fmgoat,3309384812
5149,good,bad,fbf23dc3-eb99-4860-a962-b862449f1fa6,good,v6
5150,korhonen,korhonen,fbf23dc3-eb99-4860-a962-b862449f1fa6,fmgoat,4107566763
5151,clear,korhonen,fbf23dc3-eb99-4860-a962-b862449f1fa6,clear,4519546786
5152,clear,korhonen,fbf23dc3-eb99-4860-a962-b862449f1fa6,clear,3567613299
5153,korhonen,korhonen,fbf23dc3-eb99-4860-a962-b862449f1fa6,fmgoat,4842717407
5154,clear,clear,fbf23dc3-eb99-4860-a962-b862449f1fa6,zhang,5130906829
5155,clear,zhang,fbf23dc3-eb99-4860-a962-b862449f1fa6,clear,9463363154
5156,good,bad,fbf23dc3-eb99-4860-a962-b862449f1fa6,good,v7
5157,korhonen,fmgoat,fbf23dc3-eb99-4860-a962-b862449f1fa6,korhonen,8348001072
5158,zhang,zhang,fbf23dc3-eb99-4860-a962-b862449f1fa6,stadv,7160553409
5159,zhang,stadv,fbf23dc3-eb99-4860-a962-b862449f1fa6,zhang,4633306112
5160,clear,clear,fbf23dc3-eb99-4860-a962-b862449f1fa6,korhonen,8179375247
5161,zhang,zhang,fbf23dc3-eb99-4860-a962-b862449f1fa6,fmgoat,2580252988
5162,korhonen,stadv,fbf23dc3-eb99-4860-a962-b862449f1fa6,korhonen,2909358760
5163,korhonen,stadv,fbf23dc3-eb99-4860-a962-b862449f1fa6,korhonen,9214795039
5164,,korhonen,fbf23dc3-eb99-4860-a962-b862449f1fa6,fmgoat,6027104916
5165,zhang,fmgoat,6d63a4db-81f1-4354-b86c-61add94578c0,zhang,3309384812
5166,clear,fmgoat,6d63a4db-81f1-4354-b86c-61add94578c0,clear,4519546786
5167,good,good,6d63a4db-81f1-4354-b86c-61add94578c0,bad,v4
5168,zhang,stadv,6d63a4db-81f1-4354-b86c-61add94578c0,zhang,6285601097
5169,zhang,zhang,6d63a4db-81f1-4354-b86c-61add94578c0,fmgoat,2909358760
5170,fmgoat,fmgoat,6d63a4db-81f1-4354-b86c-61add94578c0,zhang,7160553409
5171,korhonen,korhonen,6d63a4db-81f1-4354-b86c-61add94578c0,stadv,4633306112
5172,clear,clear,6d63a4db-81f1-4354-b86c-61add94578c0,fmgoat,2580252988
5173,clear,zhang,6d63a4db-81f1-4354-b86c-61add94578c0,clear,9214795039
5174,clear,clear,6d63a4db-81f1-4354-b86c-61add94578c0,stadv,8348001072
5175,good,good,6d63a4db-81f1-4354-b86c-61add94578c0,bad,v7
5176,clear,clear,6d63a4db-81f1-4354-b86c-61add94578c0,korhonen,9463363154
5177,clear,stadv,6d63a4db-81f1-4354-b86c-61add94578c0,clear,6027104916
5178,korhonen,zhang,6d63a4db-81f1-4354-b86c-61add94578c0,korhonen,4598385226
5179,good,bad,6d63a4db-81f1-4354-b86c-61add94578c0,good,v3
5180,clear,clear,6d63a4db-81f1-4354-b86c-61add94578c0,stadv,4107566763
5181,fmgoat,zhang,ccddcacf-8ca5-4f89-b29b-c8683da5de43,fmgoat,9716988368
5182,fmgoat,stadv,ccddcacf-8ca5-4f89-b29b-c8683da5de43,fmgoat,6285601097
5183,good,bad,ccddcacf-8ca5-4f89-b29b-c8683da5de43,good,v4
5184,clear,clear,ccddcacf-8ca5-4f89-b29b-c8683da5de43,fmgoat,5130906829
5185,korhonen,zhang,ccddcacf-8ca5-4f89-b29b-c8683da5de43,korhonen,4796228876
5186,clear,korhonen,ccddcacf-8ca5-4f89-b29b-c8683da5de43,clear,4633306112
5187,clear,korhonen,ccddcacf-8ca5-4f89-b29b-c8683da5de43,clear,3309384812
5188,good,good,ccddcacf-8ca5-4f89-b29b-c8683da5de43,bad,v3
5189,korhonen,korhonen,ccddcacf-8ca5-4f89-b29b-c8683da5de43,zhang,4107566763
5190,zhang,zhang,ccddcacf-8ca5-4f89-b29b-c8683da5de43,fmgoat,8351568109
5191,,zhang,ccddcacf-8ca5-4f89-b29b-c8683da5de43,korhonen,6027104916
5192,good,bad,ccddcacf-8ca5-4f89-b29b-c8683da5de43,good,v5
5193,zhang,zhang,ccddcacf-8ca5-4f89-b29b-c8683da5de43,stadv,4424481742
5194,clear,fmgoat,ccddcacf-8ca5-4f89-b29b-c8683da5de43,clear,8597381500
5195,korhonen,stadv,ccddcacf-8ca5-4f89-b29b-c8683da5de43,korhonen,8179375247
5196,clear,stadv,ccddcacf-8ca5-4f89-b29b-c8683da5de43,clear,9469622762
5197,zhang,zhang,ccddcacf-8ca5-4f89-b29b-c8683da5de43,stadv,9463363154
5198,,clear,ccddcacf-8ca5-4f89-b29b-c8683da5de43,fmgoat,4598385226
5199,fmgoat,korhonen,43a98a36-1595-42ac-a290-334c2065d48a,fmgoat,8348001072
5200,good,good,43a98a36-1595-42ac-a290-334c2065d48a,bad,v4
5201,korhonen,korhonen,43a98a36-1595-42ac-a290-334c2065d48a,zhang,4796228876
5202,,zhang,43a98a36-1595-42ac-a290-334c2065d48a,korhonen,5906203942
5203,fmgoat,korhonen,43a98a36-1595-42ac-a290-334c2065d48a,fmgoat,4598385226
5204,clear,clear,43a98a36-1595-42ac-a290-334c2065d48a,stadv,8179375247
5205,clear,zhang,43a98a36-1595-42ac-a290-334c2065d48a,clear,6285601097
5206,clear,stadv,43a98a36-1595-42ac-a290-334c2065d48a,clear,5130906829
5207,good,good,43a98a36-1595-42ac-a290-334c2065d48a,bad,v2
5208,fmgoat,stadv,43a98a36-1595-42ac-a290-334c2065d48a,fmgoat,3309384812
5209,korhonen,korhonen,43a98a36-1595-42ac-a290-334c2065d48a,stadv,2909358760
5210,good,bad,43a98a36-1595-42ac-a290-334c2065d48a,good,v2
5211,fmgoat,fmgoat,43a98a36-1595-42ac-a290-334c2065d48a,korhonen,6027104916
5212,clear,korhonen,43a98a36-1595-42ac-a290-334c2065d48a,clear,4633306112
5213,fmgoat,stadv,43a98a36-1595-42ac-a290-334c2065d48a,fmgoat,3567613299
5214,fmgoat,fmgoat,43a98a36-1595-42ac-a290-334c2065d48a,zhang,8351568109
5215,korhonen,zhang,43a98a36-1595-42ac-a290-334c2065d48a,korhonen,9463363154
5216,zhang,zhang,43a98a36-1595-42ac-a290-334c2065d48a,stadv,7160553409
5217,zhang,stadv,ddb0cb17-de6f-4544-a8d8-6e331d19bca2,zhang,4842717407
5218,good,good,ddb0cb17-de6f-4544-a8d8-6e331d19bca2,bad,v5
5219,korhonen,korhonen,ddb0cb17-de6f-4544-a8d8-6e331d19bca2,zhang,8351568109
5220,korhonen,korhonen,ddb0cb17-de6f-4544-a8d8-6e331d19bca2,zhang,9463363154
5221,korhonen,stadv,ddb0cb17-de6f-4544-a8d8-6e331d19bca2,korhonen,8348001072
5222,fmgoat,zhang,ddb0cb17-de6f-4544-a8d8-6e331d19bca2,fmgoat,5906203942
5223,fmgoat,zhang,ddb0cb17-de6f-4544-a8d8-6e331d19bca2,fmgoat,6077930890
5224,clear,clear,ddb0cb17-de6f-4544-a8d8-6e331d19bca2,stadv,3567613299
5225,fmgoat,korhonen,ddb0cb17-de6f-4544-a8d8-6e331d19bca2,fmgoat,9716988368
5226,zhang,zhang,ddb0cb17-de6f-4544-a8d8-6e331d19bca2,korhonen,3309384812
5227,korhonen,korhonen,ddb0cb17-de6f-4544-a8d8-6e331d19bca2,stadv,8597381500
5228,zhang,zhang,ddb0cb17-de6f-4544-a8d8-6e331d19bca2,stadv,4633306112
5229,clear,clear,ddb0cb17-de6f-4544-a8d8-6e331d19bca2,korhonen,2909358760
5230,good,bad,ddb0cb17-de6f-4544-a8d8-6e331d19bca2,good,v6
5231,fmgoat,fmgoat,ddb0cb17-de6f-4544-a8d8-6e331d19bca2,zhang,8179375247
5232,stadv,stadv,ddb0cb17-de6f-4544-a8d8-6e331d19bca2,korhonen,9214795039
5233,clear,zhang,ddb0cb17-de6f-4544-a8d8-6e331d19bca2,clear,4424481742
5234,korhonen,zhang,ddb0cb17-de6f-4544-a8d8-6e331d19bca2,korhonen,4519546786
5235,good,good,ddb0cb17-de6f-4544-a8d8-6e331d19bca2,bad,v2
5236,korhonen,korhonen,ddb0cb17-de6f-4544-a8d8-6e331d19bca2,clear,4107566763
5237,korhonen,fmgoat,ddb0cb17-de6f-4544-a8d8-6e331d19bca2,korhonen,6027104916
5238,korhonen,stadv,66a49677-2dde-4662-9ef1-d40e41eebc80,korhonen,9214795039
5239,korhonen,korhonen,66a49677-2dde-4662-9ef1-d40e41eebc80,fmgoat,4842717407
5240,fmgoat,fmgoat,66a49677-2dde-4662-9ef1-d40e41eebc80,stadv,3567613299
5241,,zhang,66a49677-2dde-4662-9ef1-d40e41eebc80,fmgoat,6027104916
5242,good,good,66a49677-2dde-4662-9ef1-d40e41eebc80,bad,v7
5243,good,good,66a49677-2dde-4662-9ef1-d40e41eebc80,bad,v6
5244,,zhang,66a49677-2dde-4662-9ef1-d40e41eebc80,korhonen,4633306112
5245,clear,clear,66a49677-2dde-4662-9ef1-d40e41eebc80,fmgoat,4519546786
5246,korhonen,clear,66a49677-2dde-4662-9ef1-d40e41eebc80,korhonen,2909358760
5247,clear,clear,66a49677-2dde-4662-9ef1-d40e41eebc80,zhang,6077930890
5248,korhonen,korhonen,66a49677-2dde-4662-9ef1-d40e41eebc80,fmgoat,3309384812
5249,fmgoat,fmgoat,66a49677-2dde-4662-9ef1-d40e41eebc80,zhang,8179375247
5250,zhang,clear,66a49677-2dde-4662-9ef1-d40e41eebc80,zhang,4424481742
5251,,fmgoat,66a49677-2dde-4662-9ef1-d40e41eebc80,zhang,5906203942
5252,good,bad,66a49677-2dde-4662-9ef1-d40e41eebc80,good,v5
5253,fmgoat,clear,66a49677-2dde-4662-9ef1-d40e41eebc80,fmgoat,8351568109
5254,,fmgoat,66a49677-2dde-4662-9ef1-d40e41eebc80,zhang,9716988368
5255,clear,clear,66a49677-2dde-4662-9ef1-d40e41eebc80,fmgoat,8597381500
5256,,korhonen,66a49677-2dde-4662-9ef1-d40e41eebc80,clear,4107566763
5257,fmgoat,stadv,673e4662-516c-462f-b6fe-67fce3184cdc,fmgoat,4424481742
5258,zhang,zhang,673e4662-516c-462f-b6fe-67fce3184cdc,stadv,4633306112
5259,good,bad,673e4662-516c-462f-b6fe-67fce3184cdc,good,v3
5260,clear,zhang,673e4662-516c-462f-b6fe-67fce3184cdc,clear,6077930890
5261,zhang,korhonen,673e4662-516c-462f-b6fe-67fce3184cdc,zhang,3309384812
5262,korhonen,korhonen,673e4662-516c-462f-b6fe-67fce3184cdc,stadv,5130906829
5263,clear,stadv,673e4662-516c-462f-b6fe-67fce3184cdc,clear,2580252988
5264,good,good,673e4662-516c-462f-b6fe-67fce3184cdc,bad,v1
5265,zhang,fmgoat,673e4662-516c-462f-b6fe-67fce3184cdc,zhang,4842717407
5266,fmgoat,fmgoat,673e4662-516c-462f-b6fe-67fce3184cdc,zhang,5906203942
5267,clear,korhonen,673e4662-516c-462f-b6fe-67fce3184cdc,clear,8348001072
5268,clear,clear,673e4662-516c-462f-b6fe-67fce3184cdc,stadv,6285601097
5269,good,bad,673e4662-516c-462f-b6fe-67fce3184cdc,good,v1
5270,fmgoat,fmgoat,673e4662-516c-462f-b6fe-67fce3184cdc,zhang,9716988368
5271,clear,clear,673e4662-516c-462f-b6fe-67fce3184cdc,korhonen,3567613299
5272,zhang,fmgoat,673e4662-516c-462f-b6fe-67fce3184cdc,zhang,8179375247
5273,clear,zhang,673e4662-516c-462f-b6fe-67fce3184cdc,clear,2909358760
5274,korhonen,korhonen,673e4662-516c-462f-b6fe-67fce3184cdc,stadv,8597381500
5275,zhang,fmgoat,673e4662-516c-462f-b6fe-67fce3184cdc,zhang,6027104916
5276,korhonen,zhang,673e4662-516c-462f-b6fe-67fce3184cdc,korhonen,4796228876
5277,korhonen,zhang,673e4662-516c-462f-b6fe-67fce3184cdc,korhonen,8351568109
5278,korhonen,zhang,9a9a6075-3b8b-47a9-a913-97de0efc9229,korhonen,9463363154
5279,fmgoat,fmgoat,9a9a6075-3b8b-47a9-a913-97de0efc9229,zhang,6027104916
5280,clear,clear,9a9a6075-3b8b-47a9-a913-97de0efc9229,fmgoat,8351568109
5281,korhonen,zhang,9a9a6075-3b8b-47a9-a913-97de0efc9229,korhonen,3309384812
5282,korhonen,korhonen,9a9a6075-3b8b-47a9-a913-97de0efc9229,zhang,9214795039
5283,good,good,9a9a6075-3b8b-47a9-a913-97de0efc9229,bad,v4
5284,clear,clear,9a9a6075-3b8b-47a9-a913-97de0efc9229,zhang,4598385226
5285,good,bad,9a9a6075-3b8b-47a9-a913-97de0efc9229,good,v3
5286,zhang,stadv,9a9a6075-3b8b-47a9-a913-97de0efc9229,zhang,4633306112
5287,korhonen,korhonen,9a9a6075-3b8b-47a9-a913-97de0efc9229,stadv,2909358760
5288,korhonen,zhang,9a9a6075-3b8b-47a9-a913-97de0efc9229,korhonen,4796228876
5289,good,bad,9a9a6075-3b8b-47a9-a913-97de0efc9229,good,v3
5290,clear,clear,9a9a6075-3b8b-47a9-a913-97de0efc9229,korhonen,3567613299
5291,clear,zhang,9a9a6075-3b8b-47a9-a913-97de0efc9229,clear,7160553409
5292,clear,stadv,9a9a6075-3b8b-47a9-a913-97de0efc9229,clear,4107566763
5293,clear,stadv,9a9a6075-3b8b-47a9-a913-97de0efc9229,clear,8179375247
5294,clear,zhang,9a9a6075-3b8b-47a9-a913-97de0efc9229,clear,6077930890
5295,clear,stadv,9a9a6075-3b8b-47a9-a913-97de0efc9229,clear,4842717407
5296,fmgoat,fmgoat,9a9a6075-3b8b-47a9-a913-97de0efc9229,korhonen,9716988368
5297,clear,fmgoat,898f7e72-a023-4b46-a2c5-63f18edf55b2,clear,8597381500
5298,clear,zhang,898f7e72-a023-4b46-a2c5-63f18edf55b2,clear,6285601097
5299,korhonen,korhonen,898f7e72-a023-4b46-a2c5-63f18edf55b2,fmgoat,4842717407
5300,fmgoat,stadv,898f7e72-a023-4b46-a2c5-63f18edf55b2,fmgoat,3567613299
5301,korhonen,korhonen,898f7e72-a023-4b46-a2c5-63f18edf55b2,stadv,4107566763
5302,zhang,zhang,898f7e72-a023-4b46-a2c5-63f18edf55b2,korhonen,6077930890
5303,clear,stadv,898f7e72-a023-4b46-a2c5-63f18edf55b2,clear,8179375247
5304,clear,zhang,898f7e72-a023-4b46-a2c5-63f18edf55b2,clear,7160553409
5305,zhang,fmgoat,898f7e72-a023-4b46-a2c5-63f18edf55b2,zhang,6027104916
5306,good,good,898f7e72-a023-4b46-a2c5-63f18edf55b2,bad,v4
5307,good,bad,898f7e72-a023-4b46-a2c5-63f18edf55b2,good,v1
5308,clear,zhang,898f7e72-a023-4b46-a2c5-63f18edf55b2,clear,4424481742
5309,korhonen,zhang,898f7e72-a023-4b46-a2c5-63f18edf55b2,korhonen,4796228876
5310,korhonen,korhonen,898f7e72-a023-4b46-a2c5-63f18edf55b2,stadv,9214795039
5311,clear,stadv,898f7e72-a023-4b46-a2c5-63f18edf55b2,clear,5906203942
5312,clear,clear,898f7e72-a023-4b46-a2c5-63f18edf55b2,zhang,3309384812
5313,clear,clear,898f7e72-a023-4b46-a2c5-63f18edf55b2,korhonen,4633306112
5314,korhonen,stadv,898f7e72-a023-4b46-a2c5-63f18edf55b2,korhonen,2909358760
5315,good,good,898f7e72-a023-4b46-a2c5-63f18edf55b2,bad,v6
5316,clear,clear,898f7e72-a023-4b46-a2c5-63f18edf55b2,zhang,9463363154
5317,,korhonen,adee1243-6aa0-4e23-88c7-f68402e39d4b,zhang,6027104916
5318,zhang,stadv,adee1243-6aa0-4e23-88c7-f68402e39d4b,zhang,4796228876
5319,korhonen,korhonen,adee1243-6aa0-4e23-88c7-f68402e39d4b,stadv,4598385226
5320,clear,clear,adee1243-6aa0-4e23-88c7-f68402e39d4b,stadv,6077930890
5321,good,bad,adee1243-6aa0-4e23-88c7-f68402e39d4b,good,v4
5322,fmgoat,stadv,adee1243-6aa0-4e23-88c7-f68402e39d4b,fmgoat,7160553409
5323,korhonen,korhonen,adee1243-6aa0-4e23-88c7-f68402e39d4b,zhang,4424481742
5324,good,good,adee1243-6aa0-4e23-88c7-f68402e39d4b,bad,v5
5325,good,bad,adee1243-6aa0-4e23-88c7-f68402e39d4b,good,v3
5326,fmgoat,korhonen,adee1243-6aa0-4e23-88c7-f68402e39d4b,fmgoat,2909358760
5327,fmgoat,fmgoat,adee1243-6aa0-4e23-88c7-f68402e39d4b,zhang,3567613299
5328,fmgoat,fmgoat,adee1243-6aa0-4e23-88c7-f68402e39d4b,stadv,9463363154
5329,clear,zhang,adee1243-6aa0-4e23-88c7-f68402e39d4b,clear,9469622762
5330,korhonen,stadv,adee1243-6aa0-4e23-88c7-f68402e39d4b,korhonen,4519546786
5331,zhang,stadv,adee1243-6aa0-4e23-88c7-f68402e39d4b,zhang,6285601097
5332,clear,zhang,adee1243-6aa0-4e23-88c7-f68402e39d4b,clear,9716988368
5333,korhonen,stadv,d0f3de04-60a5-499c-a011-47a76f4917e5,korhonen,7160553409
5334,good,bad,d0f3de04-60a5-499c-a011-47a76f4917e5,good,v2
5335,fmgoat,fmgoat,d0f3de04-60a5-499c-a011-47a76f4917e5,zhang,4519546786
5336,fmgoat,korhonen,d0f3de04-60a5-499c-a011-47a76f4917e5,fmgoat,6285601097
5337,korhonen,korhonen,d0f3de04-60a5-499c-a011-47a76f4917e5,stadv,8351568109
5338,korhonen,zhang,d0f3de04-60a5-499c-a011-47a76f4917e5,korhonen,9716988368
5339,clear,clear,d0f3de04-60a5-499c-a011-47a76f4917e5,fmgoat,4633306112
5340,clear,zhang,d0f3de04-60a5-499c-a011-47a76f4917e5,clear,2580252988
5341,clear,clear,d0f3de04-60a5-499c-a011-47a76f4917e5,zhang,8348001072
5342,clear,korhonen,d0f3de04-60a5-499c-a011-47a76f4917e5,clear,5906203942
5343,good,bad,d0f3de04-60a5-499c-a011-47a76f4917e5,good,v1
5344,korhonen,korhonen,d0f3de04-60a5-499c-a011-47a76f4917e5,stadv,3309384812
5345,korhonen,stadv,d0f3de04-60a5-499c-a011-47a76f4917e5,korhonen,6077930890
5346,clear,clear,d0f3de04-60a5-499c-a011-47a76f4917e5,zhang,9214795039
5347,clear,fmgoat,d0f3de04-60a5-499c-a011-47a76f4917e5,clear,4107566763
5348,fmgoat,stadv,d0f3de04-60a5-499c-a011-47a76f4917e5,fmgoat,8179375247
5349,clear,stadv,d0f3de04-60a5-499c-a011-47a76f4917e5,clear,4424481742
5350,korhonen,stadv,d0f3de04-60a5-499c-a011-47a76f4917e5,korhonen,4598385226
5351,good,good,d0f3de04-60a5-499c-a011-47a76f4917e5,bad,v7
5352,clear,stadv,d0f3de04-60a5-499c-a011-47a76f4917e5,clear,2909358760
5353,zhang,stadv,05085163-3179-4b5d-89c9-729c2bcd7296,zhang,2580252988
5354,clear,clear,05085163-3179-4b5d-89c9-729c2bcd7296,korhonen,4633306112
5355,korhonen,stadv,05085163-3179-4b5d-89c9-729c2bcd7296,korhonen,5130906829
5356,fmgoat,fmgoat,05085163-3179-4b5d-89c9-729c2bcd7296,clear,9716988368
5357,clear,zhang,05085163-3179-4b5d-89c9-729c2bcd7296,clear,3567613299
5358,good,bad,05085163-3179-4b5d-89c9-729c2bcd7296,good,v3
5359,korhonen,korhonen,05085163-3179-4b5d-89c9-729c2bcd7296,zhang,9463363154
5360,clear,stadv,05085163-3179-4b5d-89c9-729c2bcd7296,clear,8179375247
5361,good,good,05085163-3179-4b5d-89c9-729c2bcd7296,bad,v3
5362,zhang,zhang,05085163-3179-4b5d-89c9-729c2bcd7296,fmgoat,4842717407
5363,fmgoat,fmgoat,05085163-3179-4b5d-89c9-729c2bcd7296,korhonen,4598385226
5364,,zhang,05085163-3179-4b5d-89c9-729c2bcd7296,korhonen,6027104916
5365,good,good,05085163-3179-4b5d-89c9-729c2bcd7296,bad,v5
5366,stadv,fmgoat,05085163-3179-4b5d-89c9-729c2bcd7296,stadv,3309384812
5367,zhang,zhang,05085163-3179-4b5d-89c9-729c2bcd7296,stadv,4424481742
5368,clear,zhang,05085163-3179-4b5d-89c9-729c2bcd7296,clear,7160553409
5369,clear,stadv,05085163-3179-4b5d-89c9-729c2bcd7296,clear,4107566763
5370,korhonen,zhang,05085163-3179-4b5d-89c9-729c2bcd7296,korhonen,4796228876
5371,clear,clear,05085163-3179-4b5d-89c9-729c2bcd7296,stadv,8597381500
5372,clear,stadv,05085163-3179-4b5d-89c9-729c2bcd7296,clear,5906203942
5373,stadv,stadv,05085163-3179-4b5d-89c9-729c2bcd7296,korhonen,2909358760
5374,zhang,zhang,1e4ace48-dfaa-4dbf-be6e-24c2b5af2887,clear,4598385226
5375,korhonen,stadv,1e4ace48-dfaa-4dbf-be6e-24c2b5af2887,korhonen,2909358760
5376,clear,clear,1e4ace48-dfaa-4dbf-be6e-24c2b5af2887,stadv,6077930890
5377,clear,clear,1e4ace48-dfaa-4dbf-be6e-24c2b5af2887,zhang,9214795039
5378,clear,clear,1e4ace48-dfaa-4dbf-be6e-24c2b5af2887,zhang,3567613299
5379,fmgoat,korhonen,1e4ace48-dfaa-4dbf-be6e-24c2b5af2887,fmgoat,8348001072
5380,korhonen,korhonen,1e4ace48-dfaa-4dbf-be6e-24c2b5af2887,stadv,7160553409
5381,clear,clear,1e4ace48-dfaa-4dbf-be6e-24c2b5af2887,stadv,4633306112
5382,good,good,1e4ace48-dfaa-4dbf-be6e-24c2b5af2887,bad,v3
5383,good,bad,1e4ace48-dfaa-4dbf-be6e-24c2b5af2887,good,v1
5384,clear,fmgoat,1e4ace48-dfaa-4dbf-be6e-24c2b5af2887,clear,8597381500
5385,good,good,1e4ace48-dfaa-4dbf-be6e-24c2b5af2887,bad,v5
5386,zhang,fmgoat,1e4ace48-dfaa-4dbf-be6e-24c2b5af2887,zhang,6027104916
5387,korhonen,zhang,1e4ace48-dfaa-4dbf-be6e-24c2b5af2887,korhonen,4796228876
5388,clear,zhang,1e4ace48-dfaa-4dbf-be6e-24c2b5af2887,clear,9463363154
5389,good,bad,7800a6f7-215a-45dc-aae8-c1e701c0a448,good,v2
5390,fmgoat,korhonen,7800a6f7-215a-45dc-aae8-c1e701c0a448,fmgoat,4424481742
5391,fmgoat,zhang,7800a6f7-215a-45dc-aae8-c1e701c0a448,fmgoat,4519546786
5392,clear,clear,7800a6f7-215a-45dc-aae8-c1e701c0a448,zhang,3567613299
5393,good,bad,7800a6f7-215a-45dc-aae8-c1e701c0a448,good,v6
5394,good,good,7800a6f7-215a-45dc-aae8-c1e701c0a448,bad,v4
5395,zhang,stadv,7800a6f7-215a-45dc-aae8-c1e701c0a448,zhang,3309384812
5396,clear,clear,7800a6f7-215a-45dc-aae8-c1e701c0a448,korhonen,4107566763
5397,korhonen,korhonen,7800a6f7-215a-45dc-aae8-c1e701c0a448,zhang,9214795039
5398,fmgoat,korhonen,7800a6f7-215a-45dc-aae8-c1e701c0a448,fmgoat,4598385226
5399,clear,stadv,7800a6f7-215a-45dc-aae8-c1e701c0a448,clear,4842717407
5400,clear,stadv,7800a6f7-215a-45dc-aae8-c1e701c0a448,clear,7160553409
5401,clear,clear,7800a6f7-215a-45dc-aae8-c1e701c0a448,stadv,5906203942
5402,clear,clear,7800a6f7-215a-45dc-aae8-c1e701c0a448,zhang,9469622762
5403,zhang,stadv,7800a6f7-215a-45dc-aae8-c1e701c0a448,zhang,2909358760
5404,zhang,korhonen,7800a6f7-215a-45dc-aae8-c1e701c0a448,zhang,4633306112
5405,zhang,zhang,7800a6f7-215a-45dc-aae8-c1e701c0a448,korhonen,8351568109
5406,fmgoat,fmgoat,7800a6f7-215a-45dc-aae8-c1e701c0a448,korhonen,6027104916
5407,fmgoat,fmgoat,7800a6f7-215a-45dc-aae8-c1e701c0a448,korhonen,8348001072
5408,fmgoat,zhang,7800a6f7-215a-45dc-aae8-c1e701c0a448,fmgoat,6077930890
5409,,fmgoat,7800a6f7-215a-45dc-aae8-c1e701c0a448,clear,9716988368
5410,clear,korhonen,1a80275d-c27a-48e6-ab58-9e95f05179f1,clear,8179375247
5411,korhonen,korhonen,1a80275d-c27a-48e6-ab58-9e95f05179f1,zhang,4796228876
5412,korhonen,korhonen,1a80275d-c27a-48e6-ab58-9e95f05179f1,zhang,9463363154
5413,clear,stadv,1a80275d-c27a-48e6-ab58-9e95f05179f1,clear,4842717407
5414,clear,clear,1a80275d-c27a-48e6-ab58-9e95f05179f1,zhang,5130906829
5415,korhonen,stadv,1a80275d-c27a-48e6-ab58-9e95f05179f1,korhonen,8597381500
5416,good,bad,1a80275d-c27a-48e6-ab58-9e95f05179f1,good,v3
5417,good,bad,1a80275d-c27a-48e6-ab58-9e95f05179f1,good,v6
5418,clear,clear,1a80275d-c27a-48e6-ab58-9e95f05179f1,stadv,4598385226
5419,clear,clear,1a80275d-c27a-48e6-ab58-9e95f05179f1,stadv,4424481742
5420,korhonen,zhang,1a80275d-c27a-48e6-ab58-9e95f05179f1,korhonen,4519546786
5421,korhonen,korhonen,1a80275d-c27a-48e6-ab58-9e95f05179f1,stadv,2909358760
5422,clear,clear,1a80275d-c27a-48e6-ab58-9e95f05179f1,zhang,9716988368
5423,korhonen,stadv,1a80275d-c27a-48e6-ab58-9e95f05179f1,korhonen,3567613299
5424,fmgoat,korhonen,1a80275d-c27a-48e6-ab58-9e95f05179f1,fmgoat,6285601097
5425,good,good,1a80275d-c27a-48e6-ab58-9e95f05179f1,bad,v7
5426,clear,stadv,c1e9eb22-e111-4c61-8382-528500646b6f,clear,4107566763
5427,clear,stadv,c1e9eb22-e111-4c61-8382-528500646b6f,clear,2580252988
5428,korhonen,fmgoat,c1e9eb22-e111-4c61-8382-528500646b6f,korhonen,4598385226
5429,fmgoat,fmgoat,c1e9eb22-e111-4c61-8382-528500646b6f,zhang,4519546786
5430,clear,korhonen,c1e9eb22-e111-4c61-8382-528500646b6f,clear,4633306112
5431,zhang,zhang,c1e9eb22-e111-4c61-8382-528500646b6f,stadv,9469622762
5432,clear,clear,c1e9eb22-e111-4c61-8382-528500646b6f,korhonen,8348001072
5433,good,bad,c1e9eb22-e111-4c61-8382-528500646b6f,good,v1
5434,fmgoat,fmgoat,c1e9eb22-e111-4c61-8382-528500646b6f,korhonen,4424481742
5435,clear,fmgoat,c1e9eb22-e111-4c61-8382-528500646b6f,clear,4796228876
5436,korhonen,korhonen,c1e9eb22-e111-4c61-8382-528500646b6f,zhang,6077930890
5437,korhonen,korhonen,c1e9eb22-e111-4c61-8382-528500646b6f,stadv,3567613299
5438,korhonen,fmgoat,c1e9eb22-e111-4c61-8382-528500646b6f,korhonen,3309384812
5439,korhonen,korhonen,c1e9eb22-e111-4c61-8382-528500646b6f,stadv,2909358760
5440,clear,clear,c1e9eb22-e111-4c61-8382-528500646b6f,fmgoat,5906203942
5441,fmgoat,korhonen,c1e9eb22-e111-4c61-8382-528500646b6f,fmgoat,9716988368
5442,good,bad,c1e9eb22-e111-4c61-8382-528500646b6f,good,v6
5443,good,good,c1e9eb22-e111-4c61-8382-528500646b6f,bad,v2
5444,fmgoat,fmgoat,c1e9eb22-e111-4c61-8382-528500646b6f,stadv,8179375247
5445,clear,clear,c1e9eb22-e111-4c61-8382-528500646b6f,korhonen,9463363154
5446,clear,stadv,c1e9eb22-e111-4c61-8382-528500646b6f,clear,7160553409
5447,fmgoat,zhang,c1e9eb22-e111-4c61-8382-528500646b6f,fmgoat,6027104916
5448,fmgoat,fmgoat,23924a57-7379-44d2-93d4-a18b0eeb690d,stadv,4598385226
5449,korhonen,stadv,23924a57-7379-44d2-93d4-a18b0eeb690d,korhonen,6027104916
5450,good,bad,23924a57-7379-44d2-93d4-a18b0eeb690d,good,v6
5451,fmgoat,korhonen,23924a57-7379-44d2-93d4-a18b0eeb690d,fmgoat,7160553409
5452,fmgoat,stadv,23924a57-7379-44d2-93d4-a18b0eeb690d,fmgoat,9469622762
5453,korhonen,korhonen,23924a57-7379-44d2-93d4-a18b0eeb690d,stadv,6285601097
5454,korhonen,fmgoat,23924a57-7379-44d2-93d4-a18b0eeb690d,korhonen,9214795039
5455,good,good,23924a57-7379-44d2-93d4-a18b0eeb690d,bad,v2
5456,korhonen,stadv,23924a57-7379-44d2-93d4-a18b0eeb690d,korhonen,5906203942
5457,fmgoat,fmgoat,23924a57-7379-44d2-93d4-a18b0eeb690d,korhonen,4796228876
5458,korhonen,zhang,23924a57-7379-44d2-93d4-a18b0eeb690d,korhonen,8179375247
5459,korhonen,stadv,23924a57-7379-44d2-93d4-a18b0eeb690d,korhonen,2580252988
5460,clear,clear,23924a57-7379-44d2-93d4-a18b0eeb690d,fmgoat,5130906829
5461,korhonen,stadv,23924a57-7379-44d2-93d4-a18b0eeb690d,korhonen,8351568109
5462,korhonen,zhang,23924a57-7379-44d2-93d4-a18b0eeb690d,korhonen,9716988368
5463,fmgoat,clear,23924a57-7379-44d2-93d4-a18b0eeb690d,fmgoat,4424481742
5464,good,good,23924a57-7379-44d2-93d4-a18b0eeb690d,bad,v5
5465,fmgoat,zhang,ce4bac2f-ae90-4679-a99d-b9f0af36d573,fmgoat,2909358760
5466,clear,zhang,ce4bac2f-ae90-4679-a99d-b9f0af36d573,clear,7160553409
5467,clear,clear,ce4bac2f-ae90-4679-a99d-b9f0af36d573,fmgoat,4424481742
5468,clear,stadv,ce4bac2f-ae90-4679-a99d-b9f0af36d573,clear,4107566763
5469,fmgoat,fmgoat,ce4bac2f-ae90-4679-a99d-b9f0af36d573,stadv,3309384812
5470,zhang,zhang,ce4bac2f-ae90-4679-a99d-b9f0af36d573,stadv,4796228876
5471,zhang,stadv,ce4bac2f-ae90-4679-a99d-b9f0af36d573,zhang,2580252988
5472,good,good,ce4bac2f-ae90-4679-a99d-b9f0af36d573,bad,v5
5473,korhonen,korhonen,ce4bac2f-ae90-4679-a99d-b9f0af36d573,stadv,8597381500
5474,fmgoat,stadv,ce4bac2f-ae90-4679-a99d-b9f0af36d573,fmgoat,5130906829
5475,zhang,zhang,ce4bac2f-ae90-4679-a99d-b9f0af36d573,clear,9463363154
5476,zhang,clear,ce4bac2f-ae90-4679-a99d-b9f0af36d573,zhang,6027104916
5477,good,good,ce4bac2f-ae90-4679-a99d-b9f0af36d573,bad,v1
5478,zhang,fmgoat,ce4bac2f-ae90-4679-a99d-b9f0af36d573,zhang,8179375247
5479,clear,clear,ce4bac2f-ae90-4679-a99d-b9f0af36d573,stadv,4842717407
5480,clear,clear,ce4bac2f-ae90-4679-a99d-b9f0af36d573,stadv,4598385226
5481,good,good,ce4bac2f-ae90-4679-a99d-b9f0af36d573,bad,v4
5482,korhonen,korhonen,ce4bac2f-ae90-4679-a99d-b9f0af36d573,zhang,8351568109
5483,zhang,zhang,ce4bac2f-ae90-4679-a99d-b9f0af36d573,stadv,5906203942
5484,korhonen,korhonen,ce4bac2f-ae90-4679-a99d-b9f0af36d573,stadv,9716988368
5485,clear,clear,ce4bac2f-ae90-4679-a99d-b9f0af36d573,stadv,6285601097
5486,fmgoat,fmgoat,02aedb34-b57a-492f-ad7d-cc39778af49a,stadv,2909358760
5487,clear,zhang,02aedb34-b57a-492f-ad7d-cc39778af49a,clear,8597381500
5488,clear,fmgoat,02aedb34-b57a-492f-ad7d-cc39778af49a,clear,8348001072
5489,good,good,02aedb34-b57a-492f-ad7d-cc39778af49a,bad,v7
5490,korhonen,stadv,02aedb34-b57a-492f-ad7d-cc39778af49a,korhonen,4424481742
5491,clear,clear,02aedb34-b57a-492f-ad7d-cc39778af49a,fmgoat,4842717407
5492,clear,clear,02aedb34-b57a-492f-ad7d-cc39778af49a,fmgoat,3567613299
5493,korhonen,zhang,02aedb34-b57a-492f-ad7d-cc39778af49a,korhonen,5130906829
5494,good,bad,02aedb34-b57a-492f-ad7d-cc39778af49a,good,v5
5495,fmgoat,zhang,02aedb34-b57a-492f-ad7d-cc39778af49a,fmgoat,4796228876
5496,clear,clear,02aedb34-b57a-492f-ad7d-cc39778af49a,fmgoat,4598385226
5497,korhonen,fmgoat,02aedb34-b57a-492f-ad7d-cc39778af49a,korhonen,9469622762
5498,clear,clear,02aedb34-b57a-492f-ad7d-cc39778af49a,fmgoat,7160553409
5499,fmgoat,fmgoat,02aedb34-b57a-492f-ad7d-cc39778af49a,stadv,5906203942
5500,zhang,zhang,02aedb34-b57a-492f-ad7d-cc39778af49a,fmgoat,3309384812
5501,zhang,stadv,02aedb34-b57a-492f-ad7d-cc39778af49a,zhang,9463363154
5502,zhang,zhang,02aedb34-b57a-492f-ad7d-cc39778af49a,stadv,4107566763
5503,korhonen,korhonen,02aedb34-b57a-492f-ad7d-cc39778af49a,fmgoat,9214795039
5504,korhonen,korhonen,02aedb34-b57a-492f-ad7d-cc39778af49a,fmgoat,2580252988
5505,good,good,02aedb34-b57a-492f-ad7d-cc39778af49a,bad,v3
5506,clear,stadv,50d686e6-e20e-4f01-b77b-d2179412d4db,clear,3309384812
5507,,zhang,50d686e6-e20e-4f01-b77b-d2179412d4db,fmgoat,6027104916
5508,korhonen,stadv,50d686e6-e20e-4f01-b77b-d2179412d4db,korhonen,3567613299
5509,clear,clear,50d686e6-e20e-4f01-b77b-d2179412d4db,korhonen,4519546786
5510,clear,clear,50d686e6-e20e-4f01-b77b-d2179412d4db,stadv,9214795039
5511,fmgoat,fmgoat,50d686e6-e20e-4f01-b77b-d2179412d4db,korhonen,4598385226
5512,clear,clear,50d686e6-e20e-4f01-b77b-d2179412d4db,korhonen,9463363154
5513,korhonen,korhonen,50d686e6-e20e-4f01-b77b-d2179412d4db,stadv,8348001072
5514,clear,clear,50d686e6-e20e-4f01-b77b-d2179412d4db,stadv,4633306112
5515,good,good,50d686e6-e20e-4f01-b77b-d2179412d4db,bad,v2
5516,good,bad,50d686e6-e20e-4f01-b77b-d2179412d4db,good,v7
5517,korhonen,korhonen,50d686e6-e20e-4f01-b77b-d2179412d4db,fmgoat,8179375247
5518,good,good,50d686e6-e20e-4f01-b77b-d2179412d4db,bad,v1
5519,fmgoat,fmgoat,50d686e6-e20e-4f01-b77b-d2179412d4db,korhonen,4796228876
5520,clear,korhonen,50d686e6-e20e-4f01-b77b-d2179412d4db,clear,2909358760
5521,,korhonen,50d686e6-e20e-4f01-b77b-d2179412d4db,zhang,5906203942
5522,fmgoat,stadv,f7658dff-625c-4bff-a711-30b0e9c61320,fmgoat,3309384812
5523,good,bad,f7658dff-625c-4bff-a711-30b0e9c61320,good,v1
5524,fmgoat,fmgoat,f7658dff-625c-4bff-a711-30b0e9c61320,stadv,4519546786
5525,fmgoat,korhonen,f7658dff-625c-4bff-a711-30b0e9c61320,fmgoat,4107566763
5526,good,bad,f7658dff-625c-4bff-a711-30b0e9c61320,good,v7
5527,fmgoat,fmgoat,f7658dff-625c-4bff-a711-30b0e9c61320,stadv,5130906829
5528,fmgoat,zhang,f7658dff-625c-4bff-a711-30b0e9c61320,fmgoat,2909358760
5529,fmgoat,fmgoat,f7658dff-625c-4bff-a711-30b0e9c61320,korhonen,9716988368
5530,fmgoat,fmgoat,f7658dff-625c-4bff-a711-30b0e9c61320,korhonen,8179375247
5531,fmgoat,fmgoat,f7658dff-625c-4bff-a711-30b0e9c61320,korhonen,4598385226
5532,clear,clear,f7658dff-625c-4bff-a711-30b0e9c61320,korhonen,8348001072
5533,zhang,zhang,f7658dff-625c-4bff-a711-30b0e9c61320,korhonen,8351568109
5534,korhonen,korhonen,f7658dff-625c-4bff-a711-30b0e9c61320,zhang,4796228876
5535,good,good,f7658dff-625c-4bff-a711-30b0e9c61320,bad,v4
5536,zhang,stadv,f7658dff-625c-4bff-a711-30b0e9c61320,zhang,8597381500
5537,clear,stadv,f7658dff-625c-4bff-a711-30b0e9c61320,clear,2580252988
5538,zhang,zhang,f7658dff-625c-4bff-a711-30b0e9c61320,stadv,4424481742
5539,zhang,zhang,f7658dff-625c-4bff-a711-30b0e9c61320,fmgoat,4842717407
5540,clear,korhonen,f7658dff-625c-4bff-a711-30b0e9c61320,clear,9214795039
5541,fmgoat,stadv,f7658dff-625c-4bff-a711-30b0e9c61320,fmgoat,6285601097
5542,fmgoat,fmgoat,f7658dff-625c-4bff-a711-30b0e9c61320,zhang,7160553409
5543,clear,clear,58d54893-7b91-4608-9258-f8e1e0a79ca8,fmgoat,8179375247
5544,korhonen,korhonen,58d54893-7b91-4608-9258-f8e1e0a79ca8,stadv,6077930890
5545,zhang,zhang,58d54893-7b91-4608-9258-f8e1e0a79ca8,fmgoat,3309384812
5546,zhang,fmgoat,58d54893-7b91-4608-9258-f8e1e0a79ca8,zhang,2909358760
5547,fmgoat,stadv,58d54893-7b91-4608-9258-f8e1e0a79ca8,fmgoat,4842717407
5548,good,good,58d54893-7b91-4608-9258-f8e1e0a79ca8,bad,v7
5549,zhang,zhang,58d54893-7b91-4608-9258-f8e1e0a79ca8,stadv,8597381500
5550,good,good,58d54893-7b91-4608-9258-f8e1e0a79ca8,bad,v7
5551,korhonen,korhonen,58d54893-7b91-4608-9258-f8e1e0a79ca8,stadv,7160553409
5552,fmgoat,korhonen,58d54893-7b91-4608-9258-f8e1e0a79ca8,fmgoat,4424481742
5553,zhang,fmgoat,58d54893-7b91-4608-9258-f8e1e0a79ca8,zhang,6027104916
5554,clear,fmgoat,58d54893-7b91-4608-9258-f8e1e0a79ca8,clear,8348001072
5555,korhonen,stadv,58d54893-7b91-4608-9258-f8e1e0a79ca8,korhonen,9469622762
5556,clear,clear,58d54893-7b91-4608-9258-f8e1e0a79ca8,korhonen,5906203942
5557,fmgoat,stadv,58d54893-7b91-4608-9258-f8e1e0a79ca8,fmgoat,4598385226
5558,clear,korhonen,58d54893-7b91-4608-9258-f8e1e0a79ca8,clear,4107566763
5559,fmgoat,clear,58d54893-7b91-4608-9258-f8e1e0a79ca8,fmgoat,4796228876
5560,good,bad,58d54893-7b91-4608-9258-f8e1e0a79ca8,good,v5
5561,fmgoat,fmgoat,58d54893-7b91-4608-9258-f8e1e0a79ca8,zhang,3567613299
5562,korhonen,stadv,6a68d197-e7ca-4a73-8b3f-4ea099c15db7,korhonen,3309384812
5563,fmgoat,korhonen,6a68d197-e7ca-4a73-8b3f-4ea099c15db7,fmgoat,5906203942
5564,clear,clear,6a68d197-e7ca-4a73-8b3f-4ea099c15db7,stadv,9463363154
5565,clear,korhonen,6a68d197-e7ca-4a73-8b3f-4ea099c15db7,clear,9469622762
5566,good,good,6a68d197-e7ca-4a73-8b3f-4ea099c15db7,bad,v7
5567,good,good,6a68d197-e7ca-4a73-8b3f-4ea099c15db7,bad,v6
5568,korhonen,clear,6a68d197-e7ca-4a73-8b3f-4ea099c15db7,korhonen,6027104916
5569,zhang,fmgoat,6a68d197-e7ca-4a73-8b3f-4ea099c15db7,zhang,8597381500
5570,good,good,6a68d197-e7ca-4a73-8b3f-4ea099c15db7,bad,v7
5571,clear,stadv,6a68d197-e7ca-4a73-8b3f-4ea099c15db7,clear,8351568109
5572,korhonen,zhang,6a68d197-e7ca-4a73-8b3f-4ea099c15db7,korhonen,8348001072
5573,korhonen,zhang,1fa0dc74-c3f8-41af-bc32-c4ad440fd6c1,korhonen,6077930890
5574,fmgoat,korhonen,1fa0dc74-c3f8-41af-bc32-c4ad440fd6c1,fmgoat,9469622762
5575,clear,clear,1fa0dc74-c3f8-41af-bc32-c4ad440fd6c1,zhang,4424481742
5576,korhonen,korhonen,1fa0dc74-c3f8-41af-bc32-c4ad440fd6c1,fmgoat,4598385226
5577,clear,fmgoat,1fa0dc74-c3f8-41af-bc32-c4ad440fd6c1,clear,4796228876
5578,korhonen,zhang,1fa0dc74-c3f8-41af-bc32-c4ad440fd6c1,korhonen,4107566763
5579,korhonen,zhang,1fa0dc74-c3f8-41af-bc32-c4ad440fd6c1,korhonen,9716988368
5580,good,bad,1fa0dc74-c3f8-41af-bc32-c4ad440fd6c1,good,v5
5581,good,bad,1fa0dc74-c3f8-41af-bc32-c4ad440fd6c1,good,v2
5582,zhang,stadv,1fa0dc74-c3f8-41af-bc32-c4ad440fd6c1,zhang,3567613299
5583,korhonen,stadv,1fa0dc74-c3f8-41af-bc32-c4ad440fd6c1,korhonen,4519546786
5584,fmgoat,fmgoat,1fa0dc74-c3f8-41af-bc32-c4ad440fd6c1,zhang,8351568109
5585,good,bad,1fa0dc74-c3f8-41af-bc32-c4ad440fd6c1,good,v3
5586,fmgoat,fmgoat,1fa0dc74-c3f8-41af-bc32-c4ad440fd6c1,stadv,5906203942
5587,korhonen,fmgoat,1fa0dc74-c3f8-41af-bc32-c4ad440fd6c1,korhonen,8597381500
5588,korhonen,fmgoat,1fa0dc74-c3f8-41af-bc32-c4ad440fd6c1,korhonen,8179375247
5589,clear,clear,1fa0dc74-c3f8-41af-bc32-c4ad440fd6c1,zhang,6027104916
5590,clear,clear,2db768e7-b8ff-4fc8-9d1d-9e19a2f916bf,stadv,2909358760
5591,good,bad,2db768e7-b8ff-4fc8-9d1d-9e19a2f916bf,good,v6
5592,,zhang,2db768e7-b8ff-4fc8-9d1d-9e19a2f916bf,korhonen,4633306112
5593,good,good,2db768e7-b8ff-4fc8-9d1d-9e19a2f916bf,bad,v1
5594,,korhonen,2db768e7-b8ff-4fc8-9d1d-9e19a2f916bf,zhang,5906203942
5595,,zhang,2db768e7-b8ff-4fc8-9d1d-9e19a2f916bf,korhonen,6027104916
5596,korhonen,korhonen,2db768e7-b8ff-4fc8-9d1d-9e19a2f916bf,stadv,3567613299
5597,clear,stadv,2db768e7-b8ff-4fc8-9d1d-9e19a2f916bf,clear,6285601097
5598,korhonen,korhonen,2db768e7-b8ff-4fc8-9d1d-9e19a2f916bf,fmgoat,4107566763
5599,zhang,fmgoat,2db768e7-b8ff-4fc8-9d1d-9e19a2f916bf,zhang,4842717407
5600,good,good,2db768e7-b8ff-4fc8-9d1d-9e19a2f916bf,bad,v2
5601,clear,clear,2db768e7-b8ff-4fc8-9d1d-9e19a2f916bf,zhang,8597381500
5602,fmgoat,stadv,2db768e7-b8ff-4fc8-9d1d-9e19a2f916bf,fmgoat,9463363154
5603,korhonen,korhonen,2db768e7-b8ff-4fc8-9d1d-9e19a2f916bf,stadv,4598385226
5604,fmgoat,stadv,2db768e7-b8ff-4fc8-9d1d-9e19a2f916bf,fmgoat,9214795039
5605,stadv,zhang,2db768e7-b8ff-4fc8-9d1d-9e19a2f916bf,stadv,9469622762
5606,korhonen,stadv,a9e7b0b2-8bd5-44e7-b997-d437155ae75f,korhonen,4424481742
5607,clear,korhonen,a9e7b0b2-8bd5-44e7-b997-d437155ae75f,clear,9214795039
5608,fmgoat,stadv,a9e7b0b2-8bd5-44e7-b997-d437155ae75f,fmgoat,7160553409
5609,zhang,fmgoat,a9e7b0b2-8bd5-44e7-b997-d437155ae75f,zhang,2580252988
5610,good,bad,a9e7b0b2-8bd5-44e7-b997-d437155ae75f,good,v7
5611,fmgoat,fmgoat,a9e7b0b2-8bd5-44e7-b997-d437155ae75f,stadv,6027104916
5612,korhonen,fmgoat,a9e7b0b2-8bd5-44e7-b997-d437155ae75f,korhonen,8179375247
5613,good,good,a9e7b0b2-8bd5-44e7-b997-d437155ae75f,bad,v2
5614,zhang,stadv,a9e7b0b2-8bd5-44e7-b997-d437155ae75f,zhang,3567613299
5615,clear,clear,a9e7b0b2-8bd5-44e7-b997-d437155ae75f,korhonen,9463363154
5616,zhang,korhonen,a9e7b0b2-8bd5-44e7-b997-d437155ae75f,zhang,4107566763
5617,good,good,a9e7b0b2-8bd5-44e7-b997-d437155ae75f,bad,v6
5618,korhonen,fmgoat,a9e7b0b2-8bd5-44e7-b997-d437155ae75f,korhonen,3309384812
5619,korhonen,korhonen,a9e7b0b2-8bd5-44e7-b997-d437155ae75f,fmgoat,8351568109
5620,korhonen,korhonen,a9e7b0b2-8bd5-44e7-b997-d437155ae75f,fmgoat,4842717407
5621,clear,zhang,a9e7b0b2-8bd5-44e7-b997-d437155ae75f,clear,6077930890
5622,zhang,stadv,a9e7b0b2-8bd5-44e7-b997-d437155ae75f,zhang,4598385226
5623,clear,fmgoat,a9e7b0b2-8bd5-44e7-b997-d437155ae75f,clear,4519546786
5624,clear,stadv,a9e7b0b2-8bd5-44e7-b997-d437155ae75f,clear,8348001072
5625,korhonen,zhang,7ef6c783-ae6c-46a2-9f7f-7dd45c0d6232,korhonen,5130906829
5626,stadv,fmgoat,7ef6c783-ae6c-46a2-9f7f-7dd45c0d6232,stadv,4598385226
5627,fmgoat,fmgoat,7ef6c783-ae6c-46a2-9f7f-7dd45c0d6232,korhonen,7160553409
5628,clear,korhonen,7ef6c783-ae6c-46a2-9f7f-7dd45c0d6232,clear,4424481742
5629,clear,korhonen,7ef6c783-ae6c-46a2-9f7f-7dd45c0d6232,clear,9214795039
5630,good,good,7ef6c783-ae6c-46a2-9f7f-7dd45c0d6232,bad,v3
5631,korhonen,korhonen,7ef6c783-ae6c-46a2-9f7f-7dd45c0d6232,zhang,3567613299
5632,good,good,7ef6c783-ae6c-46a2-9f7f-7dd45c0d6232,bad,v4
5633,,clear,7ef6c783-ae6c-46a2-9f7f-7dd45c0d6232,fmgoat,8348001072
5634,clear,stadv,7ef6c783-ae6c-46a2-9f7f-7dd45c0d6232,clear,2909358760
5635,clear,korhonen,7ef6c783-ae6c-46a2-9f7f-7dd45c0d6232,clear,4107566763
5636,good,good,7ef6c783-ae6c-46a2-9f7f-7dd45c0d6232,bad,v6
5637,zhang,zhang,7ef6c783-ae6c-46a2-9f7f-7dd45c0d6232,fmgoat,9469622762
5638,zhang,stadv,7ef6c783-ae6c-46a2-9f7f-7dd45c0d6232,zhang,5906203942
5639,clear,korhonen,7ef6c783-ae6c-46a2-9f7f-7dd45c0d6232,clear,4633306112
5640,clear,fmgoat,7ef6c783-ae6c-46a2-9f7f-7dd45c0d6232,clear,2580252988
5641,zhang,zhang,7ef6c783-ae6c-46a2-9f7f-7dd45c0d6232,fmgoat,8351568109
5642,,fmgoat,7ef6c783-ae6c-46a2-9f7f-7dd45c0d6232,clear,6027104916
5643,good,bad,9002f348-5765-49cd-9506-99513fd08d6c,good,v5
5644,clear,clear,9002f348-5765-49cd-9506-99513fd08d6c,stadv,4598385226
5645,clear,stadv,9002f348-5765-49cd-9506-99513fd08d6c,clear,2909358760
5646,zhang,stadv,9002f348-5765-49cd-9506-99513fd08d6c,zhang,9716988368
5647,,fmgoat,9002f348-5765-49cd-9506-99513fd08d6c,clear,4796228876
5648,good,bad,9002f348-5765-49cd-9506-99513fd08d6c,good,v2
5649,stadv,stadv,9002f348-5765-49cd-9506-99513fd08d6c,korhonen,8597381500
5650,clear,clear,9002f348-5765-49cd-9506-99513fd08d6c,stadv,6027104916
5651,fmgoat,stadv,9002f348-5765-49cd-9506-99513fd08d6c,fmgoat,9469622762
5652,fmgoat,stadv,9002f348-5765-49cd-9506-99513fd08d6c,fmgoat,4519546786
5653,fmgoat,fmgoat,9002f348-5765-49cd-9506-99513fd08d6c,stadv,7160553409
5654,good,bad,9002f348-5765-49cd-9506-99513fd08d6c,good,v3
5655,korhonen,korhonen,9002f348-5765-49cd-9506-99513fd08d6c,stadv,8179375247
5656,zhang,fmgoat,9002f348-5765-49cd-9506-99513fd08d6c,zhang,3567613299
5657,clear,clear,9002f348-5765-49cd-9506-99513fd08d6c,zhang,4633306112
5658,clear,clear,9002f348-5765-49cd-9506-99513fd08d6c,fmgoat,4842717407
5659,clear,stadv,9002f348-5765-49cd-9506-99513fd08d6c,clear,5130906829
5660,,korhonen,9002f348-5765-49cd-9506-99513fd08d6c,zhang,3309384812
5661,fmgoat,stadv,1b9839e4-ae0c-462b-b7db-632b08b88963,fmgoat,6077930890
5662,fmgoat,fmgoat,1b9839e4-ae0c-462b-b7db-632b08b88963,zhang,6285601097
5663,clear,clear,1b9839e4-ae0c-462b-b7db-632b08b88963,korhonen,8597381500
5664,zhang,korhonen,1b9839e4-ae0c-462b-b7db-632b08b88963,zhang,4598385226
5665,good,bad,1b9839e4-ae0c-462b-b7db-632b08b88963,good,v7
5666,clear,clear,1b9839e4-ae0c-462b-b7db-632b08b88963,fmgoat,4633306112
5667,clear,zhang,1b9839e4-ae0c-462b-b7db-632b08b88963,clear,2580252988
5668,clear,fmgoat,1b9839e4-ae0c-462b-b7db-632b08b88963,clear,7160553409
5669,fmgoat,stadv,1b9839e4-ae0c-462b-b7db-632b08b88963,fmgoat,9716988368
5670,good,bad,1b9839e4-ae0c-462b-b7db-632b08b88963,good,v6
5671,zhang,stadv,1b9839e4-ae0c-462b-b7db-632b08b88963,zhang,8351568109
5672,clear,fmgoat,1b9839e4-ae0c-462b-b7db-632b08b88963,clear,9469622762
5673,zhang,stadv,1b9839e4-ae0c-462b-b7db-632b08b88963,zhang,9214795039
5674,good,good,1b9839e4-ae0c-462b-b7db-632b08b88963,bad,v5
5675,zhang,korhonen,1b9839e4-ae0c-462b-b7db-632b08b88963,zhang,4424481742
5676,zhang,fmgoat,1b9839e4-ae0c-462b-b7db-632b08b88963,zhang,4107566763
5677,clear,fmgoat,1b9839e4-ae0c-462b-b7db-632b08b88963,clear,3567613299
5678,clear,korhonen,1b9839e4-ae0c-462b-b7db-632b08b88963,clear,4796228876
5679,clear,clear,382dec9e-bbd6-4425-9b6d-54f833b88ad5,fmgoat,8597381500
5680,clear,clear,382dec9e-bbd6-4425-9b6d-54f833b88ad5,fmgoat,8351568109
5681,,clear,382dec9e-bbd6-4425-9b6d-54f833b88ad5,zhang,5130906829
5682,korhonen,clear,382dec9e-bbd6-4425-9b6d-54f833b88ad5,korhonen,9463363154
5683,clear,fmgoat,382dec9e-bbd6-4425-9b6d-54f833b88ad5,clear,9469622762
5684,clear,clear,382dec9e-bbd6-4425-9b6d-54f833b88ad5,zhang,9214795039
5685,korhonen,stadv,382dec9e-bbd6-4425-9b6d-54f833b88ad5,korhonen,4633306112
5686,good,bad,382dec9e-bbd6-4425-9b6d-54f833b88ad5,good,v1
5687,fmgoat,fmgoat,382dec9e-bbd6-4425-9b6d-54f833b88ad5,zhang,4796228876
5688,fmgoat,clear,382dec9e-bbd6-4425-9b6d-54f833b88ad5,fmgoat,3567613299
5689,zhang,stadv,382dec9e-bbd6-4425-9b6d-54f833b88ad5,zhang,4598385226
5690,korhonen,korhonen,382dec9e-bbd6-4425-9b6d-54f833b88ad5,clear,2580252988
5691,clear,clear,382dec9e-bbd6-4425-9b6d-54f833b88ad5,stadv,6027104916
5692,zhang,zhang,382dec9e-bbd6-4425-9b6d-54f833b88ad5,korhonen,7160553409
5693,clear,clear,382dec9e-bbd6-4425-9b6d-54f833b88ad5,zhang,9716988368
5694,clear,zhang,382dec9e-bbd6-4425-9b6d-54f833b88ad5,clear,6285601097
5695,good,good,382dec9e-bbd6-4425-9b6d-54f833b88ad5,bad,v7
5696,good,bad,382dec9e-bbd6-4425-9b6d-54f833b88ad5,good,v3
5697,korhonen,zhang,382dec9e-bbd6-4425-9b6d-54f833b88ad5,korhonen,4107566763
5698,korhonen,zhang,1a831153-21f6-4ec7-a7a7-51a2f2d479cb,korhonen,4598385226
5699,good,good,1a831153-21f6-4ec7-a7a7-51a2f2d479cb,bad,v2
5700,korhonen,korhonen,1a831153-21f6-4ec7-a7a7-51a2f2d479cb,stadv,2909358760
5701,good,good,1a831153-21f6-4ec7-a7a7-51a2f2d479cb,bad,v7
5702,zhang,clear,1a831153-21f6-4ec7-a7a7-51a2f2d479cb,zhang,8351568109
5703,korhonen,korhonen,1a831153-21f6-4ec7-a7a7-51a2f2d479cb,fmgoat,4633306112
5704,zhang,zhang,1a831153-21f6-4ec7-a7a7-51a2f2d479cb,stadv,4796228876
5705,good,bad,1a831153-21f6-4ec7-a7a7-51a2f2d479cb,good,v1
5706,korhonen,korhonen,1a831153-21f6-4ec7-a7a7-51a2f2d479cb,stadv,9214795039
5707,korhonen,stadv,1a831153-21f6-4ec7-a7a7-51a2f2d479cb,korhonen,8348001072
5708,clear,fmgoat,1a831153-21f6-4ec7-a7a7-51a2f2d479cb,clear,5906203942
5709,fmgoat,fmgoat,1a831153-21f6-4ec7-a7a7-51a2f2d479cb,stadv,4842717407
5710,clear,clear,1a831153-21f6-4ec7-a7a7-51a2f2d479cb,korhonen,4519546786
5711,korhonen,zhang,1a831153-21f6-4ec7-a7a7-51a2f2d479cb,korhonen,5130906829
5712,clear,clear,1a831153-21f6-4ec7-a7a7-51a2f2d479cb,stadv,6077930890
5713,clear,clear,1a831153-21f6-4ec7-a7a7-51a2f2d479cb,korhonen,4107566763
5714,clear,clear,1a831153-21f6-4ec7-a7a7-51a2f2d479cb,korhonen,8179375247
5715,korhonen,korhonen,1a831153-21f6-4ec7-a7a7-51a2f2d479cb,zhang,4424481742
5716,,korhonen,1a831153-21f6-4ec7-a7a7-51a2f2d479cb,zhang,7160553409
5717,fmgoat,fmgoat,c04b70ce-5a20-4737-aa43-17b46c8b34d5,stadv,3309384812
5718,good,good,c04b70ce-5a20-4737-aa43-17b46c8b34d5,bad,v2
5719,clear,clear,c04b70ce-5a20-4737-aa43-17b46c8b34d5,fmgoat,5130906829
5720,good,good,c04b70ce-5a20-4737-aa43-17b46c8b34d5,bad,v1
5721,zhang,stadv,c04b70ce-5a20-4737-aa43-17b46c8b34d5,zhang,2909358760
5722,fmgoat,stadv,c04b70ce-5a20-4737-aa43-17b46c8b34d5,fmgoat,8179375247
5723,zhang,fmgoat,c04b70ce-5a20-4737-aa43-17b46c8b34d5,zhang,4519546786
5724,clear,clear,c04b70ce-5a20-4737-aa43-17b46c8b34d5,zhang,6285601097
5725,good,bad,c04b70ce-5a20-4737-aa43-17b46c8b34d5,good,v3
5726,korhonen,korhonen,c04b70ce-5a20-4737-aa43-17b46c8b34d5,fmgoat,9469622762
5727,korhonen,stadv,c04b70ce-5a20-4737-aa43-17b46c8b34d5,korhonen,8348001072
5728,korhonen,stadv,c04b70ce-5a20-4737-aa43-17b46c8b34d5,korhonen,4796228876
5729,korhonen,fmgoat,c04b70ce-5a20-4737-aa43-17b46c8b34d5,korhonen,6027104916
5730,fmgoat,fmgoat,c04b70ce-5a20-4737-aa43-17b46c8b34d5,clear,9716988368
5731,fmgoat,korhonen,c04b70ce-5a20-4737-aa43-17b46c8b34d5,fmgoat,4424481742
5732,clear,clear,c04b70ce-5a20-4737-aa43-17b46c8b34d5,fmgoat,8597381500
5733,clear,zhang,8671718f-e626-4656-97a4-ac7d22e97db1,clear,2580252988
5734,fmgoat,clear,8671718f-e626-4656-97a4-ac7d22e97db1,fmgoat,4598385226
5735,korhonen,stadv,8671718f-e626-4656-97a4-ac7d22e97db1,korhonen,4796228876
5736,korhonen,korhonen,8671718f-e626-4656-97a4-ac7d22e97db1,stadv,3567613299
5737,clear,clear,8671718f-e626-4656-97a4-ac7d22e97db1,zhang,4107566763
5738,fmgoat,fmgoat,8671718f-e626-4656-97a4-ac7d22e97db1,stadv,4519546786
5739,good,bad,8671718f-e626-4656-97a4-ac7d22e97db1,good,v5
5740,korhonen,korhonen,8671718f-e626-4656-97a4-ac7d22e97db1,stadv,5130906829
5741,fmgoat,clear,8671718f-e626-4656-97a4-ac7d22e97db1,fmgoat,6027104916
5742,good,bad,8671718f-e626-4656-97a4-ac7d22e97db1,good,v2
5743,zhang,zhang,8671718f-e626-4656-97a4-ac7d22e97db1,stadv,6077930890
5744,korhonen,zhang,8671718f-e626-4656-97a4-ac7d22e97db1,korhonen,7160553409
5745,korhonen,korhonen,8671718f-e626-4656-97a4-ac7d22e97db1,stadv,9463363154
5746,clear,clear,8671718f-e626-4656-97a4-ac7d22e97db1,zhang,4842717407
5747,korhonen,korhonen,8671718f-e626-4656-97a4-ac7d22e97db1,stadv,2909358760
5748,fmgoat,stadv,8671718f-e626-4656-97a4-ac7d22e97db1,fmgoat,9716988368
5749,good,bad,8671718f-e626-4656-97a4-ac7d22e97db1,good,v6
5750,zhang,zhang,8671718f-e626-4656-97a4-ac7d22e97db1,fmgoat,9469622762
5751,zhang,zhang,8671718f-e626-4656-97a4-ac7d22e97db1,fmgoat,8179375247
5752,korhonen,korhonen,6c8a3277-dfe8-4add-b08b-7547789e8286,zhang,4598385226
5753,fmgoat,korhonen,6c8a3277-dfe8-4add-b08b-7547789e8286,fmgoat,9469622762
5754,good,good,6c8a3277-dfe8-4add-b08b-7547789e8286,bad,v5
5755,korhonen,korhonen,6c8a3277-dfe8-4add-b08b-7547789e8286,stadv,6285601097
5756,clear,clear,6c8a3277-dfe8-4add-b08b-7547789e8286,stadv,7160553409
5757,clear,clear,6c8a3277-dfe8-4add-b08b-7547789e8286,stadv,4633306112
5758,good,bad,6c8a3277-dfe8-4add-b08b-7547789e8286,good,v7
5759,clear,clear,6c8a3277-dfe8-4add-b08b-7547789e8286,stadv,6077930890
5760,fmgoat,fmgoat,6c8a3277-dfe8-4add-b08b-7547789e8286,zhang,8179375247
5761,clear,clear,6c8a3277-dfe8-4add-b08b-7547789e8286,korhonen,4107566763
5762,clear,stadv,6c8a3277-dfe8-4add-b08b-7547789e8286,clear,2909358760
5763,korhonen,korhonen,6c8a3277-dfe8-4add-b08b-7547789e8286,fmgoat,2580252988
5764,good,bad,6c8a3277-dfe8-4add-b08b-7547789e8286,good,v2
5765,zhang,clear,6c8a3277-dfe8-4add-b08b-7547789e8286,zhang,9463363154
5766,korhonen,fmgoat,6c8a3277-dfe8-4add-b08b-7547789e8286,korhonen,4796228876
5767,zhang,korhonen,6c8a3277-dfe8-4add-b08b-7547789e8286,zhang,6027104916
5768,clear,korhonen,6c8a3277-dfe8-4add-b08b-7547789e8286,clear,5130906829
5769,zhang,stadv,6c8a3277-dfe8-4add-b08b-7547789e8286,zhang,8351568109
5770,fmgoat,fmgoat,6c8a3277-dfe8-4add-b08b-7547789e8286,stadv,8597381500
5771,clear,clear,b10b7139-e2ce-4440-ba9d-50ce5ef9e79c,stadv,4598385226
5772,clear,clear,b10b7139-e2ce-4440-ba9d-50ce5ef9e79c,fmgoat,5130906829
5773,good,bad,b10b7139-e2ce-4440-ba9d-50ce5ef9e79c,good,v6
5774,fmgoat,zhang,b10b7139-e2ce-4440-ba9d-50ce5ef9e79c,fmgoat,8348001072
5775,zhang,zhang,b10b7139-e2ce-4440-ba9d-50ce5ef9e79c,stadv,9716988368
5776,fmgoat,fmgoat,b10b7139-e2ce-4440-ba9d-50ce5ef9e79c,korhonen,6027104916
5777,clear,clear,b10b7139-e2ce-4440-ba9d-50ce5ef9e79c,zhang,3567613299
5778,korhonen,korhonen,b10b7139-e2ce-4440-ba9d-50ce5ef9e79c,stadv,9469622762
5779,korhonen,zhang,b10b7139-e2ce-4440-ba9d-50ce5ef9e79c,korhonen,4633306112
5780,clear,stadv,b10b7139-e2ce-4440-ba9d-50ce5ef9e79c,clear,8597381500
5781,fmgoat,stadv,b10b7139-e2ce-4440-ba9d-50ce5ef9e79c,fmgoat,6077930890
5782,clear,zhang,b10b7139-e2ce-4440-ba9d-50ce5ef9e79c,clear,4107566763
5783,good,bad,b10b7139-e2ce-4440-ba9d-50ce5ef9e79c,good,v6
5784,clear,fmgoat,b10b7139-e2ce-4440-ba9d-50ce5ef9e79c,clear,9214795039
5785,zhang,zhang,b10b7139-e2ce-4440-ba9d-50ce5ef9e79c,stadv,4842717407
5786,good,good,b10b7139-e2ce-4440-ba9d-50ce5ef9e79c,bad,v7
5787,fmgoat,stadv,b10b7139-e2ce-4440-ba9d-50ce5ef9e79c,fmgoat,3309384812
5788,clear,clear,b10b7139-e2ce-4440-ba9d-50ce5ef9e79c,korhonen,4796228876
5789,zhang,clear,b10b7139-e2ce-4440-ba9d-50ce5ef9e79c,zhang,2909358760
5790,clear,fmgoat,b10b7139-e2ce-4440-ba9d-50ce5ef9e79c,clear,9463363154
5791,fmgoat,fmgoat,11477b3d-f35b-47dd-842e-1d3fd9cb7945,stadv,4796228876
5792,clear,clear,11477b3d-f35b-47dd-842e-1d3fd9cb7945,fmgoat,4519546786
5793,fmgoat,fmgoat,11477b3d-f35b-47dd-842e-1d3fd9cb7945,zhang,2909358760
5794,good,bad,11477b3d-f35b-47dd-842e-1d3fd9cb7945,good,v1
5795,clear,clear,11477b3d-f35b-47dd-842e-1d3fd9cb7945,korhonen,4633306112
5796,clear,korhonen,11477b3d-f35b-47dd-842e-1d3fd9cb7945,clear,9463363154
5797,zhang,zhang,11477b3d-f35b-47dd-842e-1d3fd9cb7945,fmgoat,6027104916
5798,good,good,11477b3d-f35b-47dd-842e-1d3fd9cb7945,bad,v2
5799,fmgoat,stadv,11477b3d-f35b-47dd-842e-1d3fd9cb7945,fmgoat,6285601097
5800,korhonen,korhonen,11477b3d-f35b-47dd-842e-1d3fd9cb7945,zhang,9214795039
5801,,stadv,11477b3d-f35b-47dd-842e-1d3fd9cb7945,fmgoat,5130906829
5802,korhonen,stadv,11477b3d-f35b-47dd-842e-1d3fd9cb7945,korhonen,8179375247
5803,good,bad,11477b3d-f35b-47dd-842e-1d3fd9cb7945,good,v7
5804,clear,stadv,11477b3d-f35b-47dd-842e-1d3fd9cb7945,clear,7160553409
5805,clear,fmgoat,11477b3d-f35b-47dd-842e-1d3fd9cb7945,clear,9469622762
5806,zhang,korhonen,11477b3d-f35b-47dd-842e-1d3fd9cb7945,zhang,8351568109
5807,clear,korhonen,2aed7241-e159-4ac4-a9a0-424c07eaa1d0,clear,4842717407
5808,zhang,zhang,2aed7241-e159-4ac4-a9a0-424c07eaa1d0,stadv,9463363154
5809,fmgoat,stadv,2aed7241-e159-4ac4-a9a0-424c07eaa1d0,fmgoat,9214795039
5810,good,good,2aed7241-e159-4ac4-a9a0-424c07eaa1d0,bad,v6
5811,fmgoat,stadv,2aed7241-e159-4ac4-a9a0-424c07eaa1d0,fmgoat,8597381500
5812,stadv,fmgoat,2aed7241-e159-4ac4-a9a0-424c07eaa1d0,stadv,5130906829
5813,korhonen,korhonen,2aed7241-e159-4ac4-a9a0-424c07eaa1d0,stadv,4519546786
5814,korhonen,stadv,2aed7241-e159-4ac4-a9a0-424c07eaa1d0,korhonen,4107566763
5815,clear,fmgoat,2aed7241-e159-4ac4-a9a0-424c07eaa1d0,clear,2909358760
5816,clear,zhang,2aed7241-e159-4ac4-a9a0-424c07eaa1d0,clear,4424481742
5817,good,bad,2aed7241-e159-4ac4-a9a0-424c07eaa1d0,good,v2
5818,zhang,zhang,2aed7241-e159-4ac4-a9a0-424c07eaa1d0,stadv,4633306112
5819,clear,fmgoat,2aed7241-e159-4ac4-a9a0-424c07eaa1d0,clear,8351568109
5820,good,bad,2aed7241-e159-4ac4-a9a0-424c07eaa1d0,good,v7
5821,clear,zhang,2aed7241-e159-4ac4-a9a0-424c07eaa1d0,clear,8179375247
5822,clear,clear,2aed7241-e159-4ac4-a9a0-424c07eaa1d0,fmgoat,8348001072
5823,korhonen,zhang,4698e0c8-7310-47b2-8966-5e06a5009d27,korhonen,4796228876
5824,fmgoat,fmgoat,4698e0c8-7310-47b2-8966-5e06a5009d27,stadv,3309384812
5825,,zhang,4698e0c8-7310-47b2-8966-5e06a5009d27,korhonen,8351568109
5826,clear,clear,4698e0c8-7310-47b2-8966-5e06a5009d27,zhang,5906203942
5827,fmgoat,stadv,4698e0c8-7310-47b2-8966-5e06a5009d27,fmgoat,9469622762
5828,good,good,4698e0c8-7310-47b2-8966-5e06a5009d27,bad,v2
5829,good,bad,4698e0c8-7310-47b2-8966-5e06a5009d27,good,v2
5830,fmgoat,zhang,4698e0c8-7310-47b2-8966-5e06a5009d27,fmgoat,4519546786
5831,clear,clear,4698e0c8-7310-47b2-8966-5e06a5009d27,korhonen,4424481742
5832,fmgoat,fmgoat,4698e0c8-7310-47b2-8966-5e06a5009d27,zhang,7160553409
5833,fmgoat,korhonen,4698e0c8-7310-47b2-8966-5e06a5009d27,fmgoat,8348001072
5834,korhonen,korhonen,4698e0c8-7310-47b2-8966-5e06a5009d27,zhang,9214795039
5835,korhonen,fmgoat,4698e0c8-7310-47b2-8966-5e06a5009d27,korhonen,5130906829
5836,fmgoat,zhang,4698e0c8-7310-47b2-8966-5e06a5009d27,fmgoat,6027104916
5837,fmgoat,stadv,4698e0c8-7310-47b2-8966-5e06a5009d27,fmgoat,9716988368
5838,clear,stadv,4698e0c8-7310-47b2-8966-5e06a5009d27,clear,2909358760
5839,good,good,4698e0c8-7310-47b2-8966-5e06a5009d27,bad,v3
5840,clear,clear,54ea344a-6714-4425-9469-c7c06c22be78,zhang,3567613299
5841,fmgoat,zhang,54ea344a-6714-4425-9469-c7c06c22be78,fmgoat,5906203942
5842,korhonen,korhonen,54ea344a-6714-4425-9469-c7c06c22be78,zhang,5130906829
5843,zhang,zhang,54ea344a-6714-4425-9469-c7c06c22be78,stadv,4842717407
5844,clear,zhang,54ea344a-6714-4425-9469-c7c06c22be78,clear,8179375247
5845,clear,zhang,54ea344a-6714-4425-9469-c7c06c22be78,clear,2580252988
5846,korhonen,fmgoat,54ea344a-6714-4425-9469-c7c06c22be78,korhonen,8597381500
5847,fmgoat,fmgoat,54ea344a-6714-4425-9469-c7c06c22be78,clear,4424481742
5848,good,good,54ea344a-6714-4425-9469-c7c06c22be78,bad,v1
5849,fmgoat,stadv,54ea344a-6714-4425-9469-c7c06c22be78,fmgoat,8348001072
5850,clear,korhonen,54ea344a-6714-4425-9469-c7c06c22be78,clear,4107566763
5851,good,good,54ea344a-6714-4425-9469-c7c06c22be78,bad,v1
5852,korhonen,fmgoat,54ea344a-6714-4425-9469-c7c06c22be78,korhonen,9716988368
5853,clear,zhang,54ea344a-6714-4425-9469-c7c06c22be78,clear,9469622762
5854,korhonen,zhang,54ea344a-6714-4425-9469-c7c06c22be78,korhonen,9214795039
5855,good,good,54ea344a-6714-4425-9469-c7c06c22be78,bad,v6
5856,zhang,stadv,196dedc2-2b38-40b0-9e1a-cb1564f4d407,zhang,9716988368
5857,clear,clear,196dedc2-2b38-40b0-9e1a-cb1564f4d407,fmgoat,4107566763
5858,clear,clear,196dedc2-2b38-40b0-9e1a-cb1564f4d407,fmgoat,7160553409
5859,clear,zhang,196dedc2-2b38-40b0-9e1a-cb1564f4d407,clear,4842717407
5860,fmgoat,fmgoat,196dedc2-2b38-40b0-9e1a-cb1564f4d407,stadv,6027104916
5861,fmgoat,fmgoat,196dedc2-2b38-40b0-9e1a-cb1564f4d407,stadv,4519546786
5862,zhang,stadv,196dedc2-2b38-40b0-9e1a-cb1564f4d407,zhang,9214795039
5863,good,good,196dedc2-2b38-40b0-9e1a-cb1564f4d407,bad,v5
5864,zhang,stadv,196dedc2-2b38-40b0-9e1a-cb1564f4d407,zhang,4633306112
5865,fmgoat,fmgoat,196dedc2-2b38-40b0-9e1a-cb1564f4d407,stadv,6285601097
5866,fmgoat,korhonen,196dedc2-2b38-40b0-9e1a-cb1564f4d407,fmgoat,8348001072
5867,clear,korhonen,196dedc2-2b38-40b0-9e1a-cb1564f4d407,clear,3567613299
5868,zhang,stadv,196dedc2-2b38-40b0-9e1a-cb1564f4d407,zhang,3309384812
5869,zhang,clear,196dedc2-2b38-40b0-9e1a-cb1564f4d407,zhang,9463363154
5870,good,bad,196dedc2-2b38-40b0-9e1a-cb1564f4d407,good,v6
5871,good,good,196dedc2-2b38-40b0-9e1a-cb1564f4d407,bad,v7
5872,,clear,196dedc2-2b38-40b0-9e1a-cb1564f4d407,zhang,9469622762
5873,,stadv,196dedc2-2b38-40b0-9e1a-cb1564f4d407,fmgoat,4598385226
5874,good,bad,68603f2f-0889-4cc4-83f5-839f9ab5935c,good,v5
5875,good,good,68603f2f-0889-4cc4-83f5-839f9ab5935c,bad,v2
5876,clear,korhonen,68603f2f-0889-4cc4-83f5-839f9ab5935c,clear,4633306112
5877,clear,korhonen,68603f2f-0889-4cc4-83f5-839f9ab5935c,clear,4842717407
5878,korhonen,korhonen,68603f2f-0889-4cc4-83f5-839f9ab5935c,zhang,4519546786
5879,zhang,stadv,68603f2f-0889-4cc4-83f5-839f9ab5935c,zhang,2909358760
5880,zhang,fmgoat,68603f2f-0889-4cc4-83f5-839f9ab5935c,zhang,5130906829
5881,good,good,68603f2f-0889-4cc4-83f5-839f9ab5935c,bad,v2
5882,zhang,zhang,68603f2f-0889-4cc4-83f5-839f9ab5935c,stadv,8179375247
5883,fmgoat,zhang,68603f2f-0889-4cc4-83f5-839f9ab5935c,fmgoat,4598385226
5884,clear,zhang,68603f2f-0889-4cc4-83f5-839f9ab5935c,clear,8351568109
5885,clear,stadv,68603f2f-0889-4cc4-83f5-839f9ab5935c,clear,8348001072
5886,clear,korhonen,68603f2f-0889-4cc4-83f5-839f9ab5935c,clear,4424481742
5887,korhonen,zhang,68603f2f-0889-4cc4-83f5-839f9ab5935c,korhonen,9463363154
5888,korhonen,korhonen,68603f2f-0889-4cc4-83f5-839f9ab5935c,stadv,8597381500
5889,zhang,fmgoat,68603f2f-0889-4cc4-83f5-839f9ab5935c,zhang,4107566763
5890,korhonen,korhonen,68603f2f-0889-4cc4-83f5-839f9ab5935c,zhang,4796228876
5891,korhonen,korhonen,6676057e-8deb-42a8-9b3a-d46fbb8471fc,zhang,9214795039
5892,clear,stadv,6676057e-8deb-42a8-9b3a-d46fbb8471fc,clear,7160553409
5893,korhonen,korhonen,6676057e-8deb-42a8-9b3a-d46fbb8471fc,stadv,4424481742
5894,korhonen,korhonen,6676057e-8deb-42a8-9b3a-d46fbb8471fc,fmgoat,3309384812
5895,clear,zhang,6676057e-8deb-42a8-9b3a-d46fbb8471fc,clear,2909358760
5896,zhang,zhang,6676057e-8deb-42a8-9b3a-d46fbb8471fc,fmgoat,8597381500
5897,clear,clear,6676057e-8deb-42a8-9b3a-d46fbb8471fc,stadv,9463363154
5898,good,bad,6676057e-8deb-42a8-9b3a-d46fbb8471fc,good,v5
5899,clear,clear,6676057e-8deb-42a8-9b3a-d46fbb8471fc,zhang,3567613299
5900,fmgoat,fmgoat,6676057e-8deb-42a8-9b3a-d46fbb8471fc,zhang,5906203942
5901,fmgoat,clear,6676057e-8deb-42a8-9b3a-d46fbb8471fc,fmgoat,4796228876
5902,good,good,6676057e-8deb-42a8-9b3a-d46fbb8471fc,bad,v6
5903,good,good,6676057e-8deb-42a8-9b3a-d46fbb8471fc,bad,v2
5904,clear,fmgoat,6676057e-8deb-42a8-9b3a-d46fbb8471fc,clear,8351568109
5905,korhonen,korhonen,6676057e-8deb-42a8-9b3a-d46fbb8471fc,clear,5130906829
5906,clear,clear,6676057e-8deb-42a8-9b3a-d46fbb8471fc,stadv,6285601097
5907,stadv,stadv,6676057e-8deb-42a8-9b3a-d46fbb8471fc,korhonen,6077930890
5908,fmgoat,fmgoat,b645dd34-ce97-45f7-824a-3503637ae5cb,stadv,8179375247
5909,korhonen,korhonen,b645dd34-ce97-45f7-824a-3503637ae5cb,fmgoat,5130906829
5910,zhang,fmgoat,b645dd34-ce97-45f7-824a-3503637ae5cb,zhang,4598385226
5911,good,good,b645dd34-ce97-45f7-824a-3503637ae5cb,bad,v3
5912,good,good,b645dd34-ce97-45f7-824a-3503637ae5cb,bad,v1
5913,good,bad,b645dd34-ce97-45f7-824a-3503637ae5cb,good,v3
5914,korhonen,stadv,b645dd34-ce97-45f7-824a-3503637ae5cb,korhonen,6285601097
5915,zhang,zhang,b645dd34-ce97-45f7-824a-3503637ae5cb,stadv,4796228876
5916,korhonen,fmgoat,b645dd34-ce97-45f7-824a-3503637ae5cb,korhonen,6027104916
5917,zhang,stadv,b645dd34-ce97-45f7-824a-3503637ae5cb,zhang,9716988368
5918,zhang,fmgoat,b645dd34-ce97-45f7-824a-3503637ae5cb,zhang,9214795039
5919,korhonen,zhang,b645dd34-ce97-45f7-824a-3503637ae5cb,korhonen,8348001072
5920,korhonen,fmgoat,b645dd34-ce97-45f7-824a-3503637ae5cb,korhonen,4842717407
5921,fmgoat,fmgoat,c90f22f4-4cd6-4d9a-ba08-4d91301b8665,zhang,8179375247
5922,korhonen,fmgoat,c90f22f4-4cd6-4d9a-ba08-4d91301b8665,korhonen,8351568109
5923,clear,clear,c90f22f4-4cd6-4d9a-ba08-4d91301b8665,zhang,6285601097
5924,clear,clear,c90f22f4-4cd6-4d9a-ba08-4d91301b8665,fmgoat,4796228876
5925,good,bad,c90f22f4-4cd6-4d9a-ba08-4d91301b8665,good,v6
5926,korhonen,korhonen,c90f22f4-4cd6-4d9a-ba08-4d91301b8665,fmgoat,2909358760
5927,clear,stadv,c90f22f4-4cd6-4d9a-ba08-4d91301b8665,clear,7160553409
5928,good,bad,c90f22f4-4cd6-4d9a-ba08-4d91301b8665,good,v6
5929,zhang,zhang,c90f22f4-4cd6-4d9a-ba08-4d91301b8665,stadv,4424481742
5930,clear,fmgoat,c90f22f4-4cd6-4d9a-ba08-4d91301b8665,clear,2580252988
5931,good,bad,c90f22f4-4cd6-4d9a-ba08-4d91301b8665,good,v4
5932,clear,fmgoat,c90f22f4-4cd6-4d9a-ba08-4d91301b8665,clear,8597381500
5933,zhang,zhang,c90f22f4-4cd6-4d9a-ba08-4d91301b8665,fmgoat,9469622762
5934,korhonen,korhonen,c90f22f4-4cd6-4d9a-ba08-4d91301b8665,zhang,4598385226
5935,clear,korhonen,c90f22f4-4cd6-4d9a-ba08-4d91301b8665,clear,4107566763
5936,korhonen,stadv,c90f22f4-4cd6-4d9a-ba08-4d91301b8665,korhonen,3309384812
5937,korhonen,stadv,c90f22f4-4cd6-4d9a-ba08-4d91301b8665,korhonen,4519546786
5938,clear,clear,c90f22f4-4cd6-4d9a-ba08-4d91301b8665,fmgoat,9463363154
5939,clear,fmgoat,c90f22f4-4cd6-4d9a-ba08-4d91301b8665,clear,9214795039
5940,korhonen,korhonen,50d9f859-11c8-4be8-a9e5-f4a3ede3fc5e,fmgoat,4107566763
5941,clear,clear,50d9f859-11c8-4be8-a9e5-f4a3ede3fc5e,stadv,6285601097
5942,korhonen,korhonen,50d9f859-11c8-4be8-a9e5-f4a3ede3fc5e,stadv,8351568109
5943,fmgoat,fmgoat,50d9f859-11c8-4be8-a9e5-f4a3ede3fc5e,korhonen,8348001072
5944,korhonen,korhonen,50d9f859-11c8-4be8-a9e5-f4a3ede3fc5e,zhang,3309384812
5945,fmgoat,fmgoat,50d9f859-11c8-4be8-a9e5-f4a3ede3fc5e,stadv,2909358760
5946,good,good,50d9f859-11c8-4be8-a9e5-f4a3ede3fc5e,bad,v2
5947,good,good,50d9f859-11c8-4be8-a9e5-f4a3ede3fc5e,bad,v1
5948,clear,clear,50d9f859-11c8-4be8-a9e5-f4a3ede3fc5e,korhonen,9716988368
5949,clear,korhonen,50d9f859-11c8-4be8-a9e5-f4a3ede3fc5e,clear,9463363154
5950,good,bad,50d9f859-11c8-4be8-a9e5-f4a3ede3fc5e,good,v4
5951,fmgoat,clear,50d9f859-11c8-4be8-a9e5-f4a3ede3fc5e,fmgoat,4424481742
5952,korhonen,stadv,50d9f859-11c8-4be8-a9e5-f4a3ede3fc5e,korhonen,4796228876
5953,clear,zhang,50d9f859-11c8-4be8-a9e5-f4a3ede3fc5e,clear,6027104916
5954,clear,zhang,50d9f859-11c8-4be8-a9e5-f4a3ede3fc5e,clear,4842717407
5955,clear,stadv,50d9f859-11c8-4be8-a9e5-f4a3ede3fc5e,clear,4598385226
5956,clear,korhonen,50d9f859-11c8-4be8-a9e5-f4a3ede3fc5e,clear,5130906829
5957,fmgoat,fmgoat,50d9f859-11c8-4be8-a9e5-f4a3ede3fc5e,zhang,5906203942
5958,good,bad,cf44f66f-0a28-49ee-8a7e-a1831249a0bf,good,v4
5959,zhang,fmgoat,cf44f66f-0a28-49ee-8a7e-a1831249a0bf,zhang,9463363154
5960,zhang,stadv,cf44f66f-0a28-49ee-8a7e-a1831249a0bf,zhang,4107566763
5961,good,bad,cf44f66f-0a28-49ee-8a7e-a1831249a0bf,good,v2
5962,clear,fmgoat,cf44f66f-0a28-49ee-8a7e-a1831249a0bf,clear,8179375247
5963,,clear,cf44f66f-0a28-49ee-8a7e-a1831249a0bf,korhonen,8348001072
5964,clear,korhonen,cf44f66f-0a28-49ee-8a7e-a1831249a0bf,clear,4842717407
5965,zhang,zhang,cf44f66f-0a28-49ee-8a7e-a1831249a0bf,fmgoat,3309384812
5966,fmgoat,stadv,cf44f66f-0a28-49ee-8a7e-a1831249a0bf,fmgoat,5130906829
5967,fmgoat,fmgoat,cf44f66f-0a28-49ee-8a7e-a1831249a0bf,korhonen,5906203942
5968,good,bad,cf44f66f-0a28-49ee-8a7e-a1831249a0bf,good,v2
5969,,korhonen,cf44f66f-0a28-49ee-8a7e-a1831249a0bf,fmgoat,9716988368
5970,korhonen,korhonen,cf44f66f-0a28-49ee-8a7e-a1831249a0bf,stadv,6027104916
5971,zhang,stadv,cf44f66f-0a28-49ee-8a7e-a1831249a0bf,zhang,4796228876
5972,korhonen,korhonen,bcf0ef9f-b022-4393-bc4e-17f14ef793e7,zhang,5130906829
5973,korhonen,zhang,bcf0ef9f-b022-4393-bc4e-17f14ef793e7,korhonen,4598385226
5974,clear,clear,bcf0ef9f-b022-4393-bc4e-17f14ef793e7,zhang,2909358760
5975,korhonen,korhonen,bcf0ef9f-b022-4393-bc4e-17f14ef793e7,stadv,4796228876
5976,good,bad,bcf0ef9f-b022-4393-bc4e-17f14ef793e7,good,v7
5977,clear,clear,bcf0ef9f-b022-4393-bc4e-17f14ef793e7,korhonen,8597381500
5978,zhang,zhang,bcf0ef9f-b022-4393-bc4e-17f14ef793e7,stadv,8348001072
5979,clear,stadv,bcf0ef9f-b022-4393-bc4e-17f14ef793e7,clear,9716988368
5980,zhang,stadv,bcf0ef9f-b022-4393-bc4e-17f14ef793e7,zhang,6077930890
5981,zhang,stadv,bcf0ef9f-b022-4393-bc4e-17f14ef793e7,zhang,4424481742
5982,zhang,stadv,bcf0ef9f-b022-4393-bc4e-17f14ef793e7,zhang,4842717407
5983,korhonen,zhang,bcf0ef9f-b022-4393-bc4e-17f14ef793e7,korhonen,7160553409
5984,clear,fmgoat,bcf0ef9f-b022-4393-bc4e-17f14ef793e7,clear,9214795039
5985,zhang,fmgoat,bcf0ef9f-b022-4393-bc4e-17f14ef793e7,zhang,6027104916
5986,good,good,bcf0ef9f-b022-4393-bc4e-17f14ef793e7,bad,v1
5987,fmgoat,korhonen,bcf0ef9f-b022-4393-bc4e-17f14ef793e7,fmgoat,4519546786
5988,good,good,bcf0ef9f-b022-4393-bc4e-17f14ef793e7,bad,v1
5989,fmgoat,korhonen,f1fe5323-dbd5-46e2-8ab4-f015006d3071,fmgoat,4796228876
5990,clear,clear,f1fe5323-dbd5-46e2-8ab4-f015006d3071,korhonen,2580252988
5991,zhang,fmgoat,f1fe5323-dbd5-46e2-8ab4-f015006d3071,zhang,9469622762
5992,korhonen,korhonen,f1fe5323-dbd5-46e2-8ab4-f015006d3071,zhang,6027104916
5993,clear,zhang,f1fe5323-dbd5-46e2-8ab4-f015006d3071,clear,4598385226
5994,clear,fmgoat,f1fe5323-dbd5-46e2-8ab4-f015006d3071,clear,4424481742
5995,fmgoat,stadv,f1fe5323-dbd5-46e2-8ab4-f015006d3071,fmgoat,8348001072
5996,fmgoat,fmgoat,f1fe5323-dbd5-46e2-8ab4-f015006d3071,stadv,7160553409
5997,clear,clear,f1fe5323-dbd5-46e2-8ab4-f015006d3071,fmgoat,3309384812
5998,korhonen,zhang,f1fe5323-dbd5-46e2-8ab4-f015006d3071,korhonen,4633306112
5999,clear,fmgoat,f1fe5323-dbd5-46e2-8ab4-f015006d3071,clear,5130906829
6000,clear,fmgoat,f1fe5323-dbd5-46e2-8ab4-f015006d3071,clear,4519546786
6001,clear,clear,f1fe5323-dbd5-46e2-8ab4-f015006d3071,stadv,9214795039
6002,fmgoat,fmgoat,f1fe5323-dbd5-46e2-8ab4-f015006d3071,zhang,9716988368
6003,good,good,f1fe5323-dbd5-46e2-8ab4-f015006d3071,bad,v4
6004,good,good,f1fe5323-dbd5-46e2-8ab4-f015006d3071,bad,v3
6005,fmgoat,stadv,f1fe5323-dbd5-46e2-8ab4-f015006d3071,fmgoat,2909358760
6006,good,good,f1fe5323-dbd5-46e2-8ab4-f015006d3071,bad,v6
6007,clear,clear,f1fe5323-dbd5-46e2-8ab4-f015006d3071,zhang,3567613299
6008,korhonen,korhonen,705d1931-ff8e-4d23-be63-c89dd265c96e,stadv,9469622762
6009,good,good,705d1931-ff8e-4d23-be63-c89dd265c96e,bad,v6
6010,clear,clear,705d1931-ff8e-4d23-be63-c89dd265c96e,zhang,5906203942
6011,good,bad,705d1931-ff8e-4d23-be63-c89dd265c96e,good,v6
6012,clear,clear,705d1931-ff8e-4d23-be63-c89dd265c96e,fmgoat,5130906829
6013,zhang,zhang,705d1931-ff8e-4d23-be63-c89dd265c96e,korhonen,4633306112
6014,fmgoat,fmgoat,705d1931-ff8e-4d23-be63-c89dd265c96e,korhonen,8348001072
6015,korhonen,zhang,705d1931-ff8e-4d23-be63-c89dd265c96e,korhonen,8179375247
6016,korhonen,korhonen,705d1931-ff8e-4d23-be63-c89dd265c96e,fmgoat,8351568109
6017,clear,zhang,705d1931-ff8e-4d23-be63-c89dd265c96e,clear,3309384812
6018,clear,clear,705d1931-ff8e-4d23-be63-c89dd265c96e,stadv,4842717407
6019,fmgoat,stadv,705d1931-ff8e-4d23-be63-c89dd265c96e,fmgoat,6285601097
6020,,clear,705d1931-ff8e-4d23-be63-c89dd265c96e,fmgoat,4598385226
6021,good,good,705d1931-ff8e-4d23-be63-c89dd265c96e,bad,v6
6022,clear,clear,e9de49a7-4f82-4042-96bd-7aafdd4e93fd,fmgoat,2580252988
6023,stadv,stadv,e9de49a7-4f82-4042-96bd-7aafdd4e93fd,zhang,4107566763
6024,good,bad,e9de49a7-4f82-4042-96bd-7aafdd4e93fd,good,v5
6025,korhonen,korhonen,e9de49a7-4f82-4042-96bd-7aafdd4e93fd,zhang,9214795039
6026,clear,fmgoat,e9de49a7-4f82-4042-96bd-7aafdd4e93fd,clear,2909358760
6027,good,good,e9de49a7-4f82-4042-96bd-7aafdd4e93fd,bad,v5
6028,fmgoat,zhang,e9de49a7-4f82-4042-96bd-7aafdd4e93fd,fmgoat,4842717407
6029,clear,fmgoat,e9de49a7-4f82-4042-96bd-7aafdd4e93fd,clear,4598385226
6030,clear,clear,e9de49a7-4f82-4042-96bd-7aafdd4e93fd,stadv,9716988368
6031,stadv,stadv,e9de49a7-4f82-4042-96bd-7aafdd4e93fd,korhonen,7160553409
6032,fmgoat,fmgoat,e9de49a7-4f82-4042-96bd-7aafdd4e93fd,zhang,9469622762
6033,fmgoat,fmgoat,e9de49a7-4f82-4042-96bd-7aafdd4e93fd,stadv,4633306112
6034,fmgoat,korhonen,e9de49a7-4f82-4042-96bd-7aafdd4e93fd,fmgoat,9463363154
6035,fmgoat,zhang,e9de49a7-4f82-4042-96bd-7aafdd4e93fd,fmgoat,4424481742
6036,good,good,e9de49a7-4f82-4042-96bd-7aafdd4e93fd,bad,v7
6037,korhonen,zhang,e9de49a7-4f82-4042-96bd-7aafdd4e93fd,korhonen,8348001072
6038,clear,fmgoat,5b5f4172-8223-4772-8111-8f010c77d304,clear,4796228876
6039,clear,zhang,5b5f4172-8223-4772-8111-8f010c77d304,clear,4519546786
6040,korhonen,stadv,5b5f4172-8223-4772-8111-8f010c77d304,korhonen,8351568109
6041,clear,clear,5b5f4172-8223-4772-8111-8f010c77d304,fmgoat,7160553409
6042,clear,clear,5b5f4172-8223-4772-8111-8f010c77d304,fmgoat,2580252988
6043,clear,clear,5b5f4172-8223-4772-8111-8f010c77d304,fmgoat,4598385226
6044,good,bad,5b5f4172-8223-4772-8111-8f010c77d304,good,v6
6045,good,good,5b5f4172-8223-4772-8111-8f010c77d304,bad,v6
6046,clear,clear,5b5f4172-8223-4772-8111-8f010c77d304,fmgoat,4633306112
6047,zhang,fmgoat,5b5f4172-8223-4772-8111-8f010c77d304,zhang,9214795039
6048,fmgoat,stadv,5b5f4172-8223-4772-8111-8f010c77d304,fmgoat,8597381500
6049,zhang,stadv,5b5f4172-8223-4772-8111-8f010c77d304,zhang,5130906829
6050,clear,fmgoat,5b5f4172-8223-4772-8111-8f010c77d304,clear,6077930890
6051,fmgoat,zhang,5b5f4172-8223-4772-8111-8f010c77d304,fmgoat,8348001072
6052,good,bad,5b5f4172-8223-4772-8111-8f010c77d304,good,v5
6053,clear,clear,5b5f4172-8223-4772-8111-8f010c77d304,fmgoat,8179375247
6054,clear,korhonen,5b5f4172-8223-4772-8111-8f010c77d304,clear,9463363154
6055,clear,stadv,5b5f4172-8223-4772-8111-8f010c77d304,clear,9469622762
6056,fmgoat,stadv,5b5f4172-8223-4772-8111-8f010c77d304,fmgoat,6027104916
6057,clear,clear,e05bff64-cd05-4df6-8681-f622ba6241ca,fmgoat,4633306112
6058,fmgoat,korhonen,e05bff64-cd05-4df6-8681-f622ba6241ca,fmgoat,4107566763
6059,korhonen,korhonen,e05bff64-cd05-4df6-8681-f622ba6241ca,stadv,9469622762
6060,korhonen,zhang,e05bff64-cd05-4df6-8681-f622ba6241ca,korhonen,4424481742
6061,korhonen,zhang,e05bff64-cd05-4df6-8681-f622ba6241ca,korhonen,8179375247
6062,good,bad,e05bff64-cd05-4df6-8681-f622ba6241ca,good,v5
6063,fmgoat,zhang,e05bff64-cd05-4df6-8681-f622ba6241ca,fmgoat,6077930890
6064,zhang,zhang,e05bff64-cd05-4df6-8681-f622ba6241ca,stadv,4796228876
6065,korhonen,korhonen,e05bff64-cd05-4df6-8681-f622ba6241ca,stadv,3567613299
6066,clear,clear,e05bff64-cd05-4df6-8681-f622ba6241ca,fmgoat,8351568109
6067,fmgoat,stadv,e05bff64-cd05-4df6-8681-f622ba6241ca,fmgoat,6285601097
6068,clear,clear,e05bff64-cd05-4df6-8681-f622ba6241ca,stadv,5130906829
6069,good,good,e05bff64-cd05-4df6-8681-f622ba6241ca,bad,v4
6070,korhonen,korhonen,e05bff64-cd05-4df6-8681-f622ba6241ca,stadv,5906203942
6071,zhang,zhang,e05bff64-cd05-4df6-8681-f622ba6241ca,fmgoat,6027104916
6072,fmgoat,stadv,e05bff64-cd05-4df6-8681-f622ba6241ca,fmgoat,2909358760
6073,zhang,zhang,e05bff64-cd05-4df6-8681-f622ba6241ca,fmgoat,4842717407
6074,fmgoat,fmgoat,e05bff64-cd05-4df6-8681-f622ba6241ca,clear,9716988368
6075,clear,clear,e05bff64-cd05-4df6-8681-f622ba6241ca,fmgoat,9463363154
6076,good,bad,e05bff64-cd05-4df6-8681-f622ba6241ca,good,v4
6077,zhang,zhang,7c8349b6-1da8-4ee2-9bc5-963c576c642d,korhonen,5130906829
6078,clear,clear,7c8349b6-1da8-4ee2-9bc5-963c576c642d,stadv,3309384812
6079,zhang,zhang,7c8349b6-1da8-4ee2-9bc5-963c576c642d,stadv,4107566763
6080,korhonen,stadv,7c8349b6-1da8-4ee2-9bc5-963c576c642d,korhonen,9463363154
6081,clear,clear,7c8349b6-1da8-4ee2-9bc5-963c576c642d,fmgoat,2580252988
6082,fmgoat,fmgoat,7c8349b6-1da8-4ee2-9bc5-963c576c642d,korhonen,3567613299
6083,fmgoat,korhonen,7c8349b6-1da8-4ee2-9bc5-963c576c642d,fmgoat,6077930890
6084,good,bad,7c8349b6-1da8-4ee2-9bc5-963c576c642d,good,v5
6085,clear,korhonen,7c8349b6-1da8-4ee2-9bc5-963c576c642d,clear,4519546786
6086,good,bad,7c8349b6-1da8-4ee2-9bc5-963c576c642d,good,v3
6087,korhonen,stadv,7c8349b6-1da8-4ee2-9bc5-963c576c642d,korhonen,8179375247
6088,good,good,7c8349b6-1da8-4ee2-9bc5-963c576c642d,bad,v1
6089,clear,fmgoat,7c8349b6-1da8-4ee2-9bc5-963c576c642d,clear,4633306112
6090,clear,clear,7c8349b6-1da8-4ee2-9bc5-963c576c642d,fmgoat,6285601097
6091,zhang,zhang,7c8349b6-1da8-4ee2-9bc5-963c576c642d,fmgoat,8597381500
6092,zhang,stadv,7c8349b6-1da8-4ee2-9bc5-963c576c642d,zhang,9716988368
6093,korhonen,korhonen,7c8349b6-1da8-4ee2-9bc5-963c576c642d,stadv,9469622762
6094,fmgoat,stadv,7c8349b6-1da8-4ee2-9bc5-963c576c642d,fmgoat,8348001072
6095,zhang,zhang,43ec7f60-d225-4e9e-bbe8-c794133c9bba,stadv,7160553409
6096,good,good,43ec7f60-d225-4e9e-bbe8-c794133c9bba,bad,v2
6097,good,good,43ec7f60-d225-4e9e-bbe8-c794133c9bba,bad,v7
6098,korhonen,korhonen,43ec7f60-d225-4e9e-bbe8-c794133c9bba,stadv,5130906829
6099,zhang,stadv,43ec7f60-d225-4e9e-bbe8-c794133c9bba,zhang,9469622762
6100,zhang,fmgoat,43ec7f60-d225-4e9e-bbe8-c794133c9bba,zhang,3309384812
6101,fmgoat,zhang,43ec7f60-d225-4e9e-bbe8-c794133c9bba,fmgoat,3567613299
6102,clear,zhang,43ec7f60-d225-4e9e-bbe8-c794133c9bba,clear,8597381500
6103,clear,clear,43ec7f60-d225-4e9e-bbe8-c794133c9bba,korhonen,6077930890
6104,korhonen,korhonen,43ec7f60-d225-4e9e-bbe8-c794133c9bba,stadv,4842717407
6105,korhonen,stadv,43ec7f60-d225-4e9e-bbe8-c794133c9bba,korhonen,4796228876
6106,korhonen,korhonen,43ec7f60-d225-4e9e-bbe8-c794133c9bba,stadv,9463363154
6107,clear,fmgoat,43ec7f60-d225-4e9e-bbe8-c794133c9bba,clear,4633306112
6108,clear,clear,43ec7f60-d225-4e9e-bbe8-c794133c9bba,fmgoat,6285601097
6109,clear,zhang,43ec7f60-d225-4e9e-bbe8-c794133c9bba,clear,8348001072
6110,clear,clear,43ec7f60-d225-4e9e-bbe8-c794133c9bba,stadv,4424481742
6111,good,good,43ec7f60-d225-4e9e-bbe8-c794133c9bba,bad,v7
6112,clear,clear,43ec7f60-d225-4e9e-bbe8-c794133c9bba,korhonen,2580252988
6113,clear,clear,bb796070-a4c0-4d67-9f92-eea24eb7e756,stadv,4107566763
6114,fmgoat,zhang,bb796070-a4c0-4d67-9f92-eea24eb7e756,fmgoat,3309384812
6115,clear,clear,bb796070-a4c0-4d67-9f92-eea24eb7e756,stadv,9716988368
6116,zhang,zhang,bb796070-a4c0-4d67-9f92-eea24eb7e756,stadv,8179375247
6117,clear,zhang,bb796070-a4c0-4d67-9f92-eea24eb7e756,clear,8348001072
6118,fmgoat,stadv,bb796070-a4c0-4d67-9f92-eea24eb7e756,fmgoat,8597381500
6119,zhang,stadv,bb796070-a4c0-4d67-9f92-eea24eb7e756,zhang,5130906829
6120,fmgoat,stadv,bb796070-a4c0-4d67-9f92-eea24eb7e756,fmgoat,9463363154
6121,fmgoat,fmgoat,bb796070-a4c0-4d67-9f92-eea24eb7e756,stadv,6285601097
6122,clear,clear,bb796070-a4c0-4d67-9f92-eea24eb7e756,stadv,4424481742
6123,good,bad,bb796070-a4c0-4d67-9f92-eea24eb7e756,good,v7
6124,korhonen,stadv,bb796070-a4c0-4d67-9f92-eea24eb7e756,korhonen,4842717407
6125,clear,stadv,bb796070-a4c0-4d67-9f92-eea24eb7e756,clear,2580252988
6126,good,bad,bb796070-a4c0-4d67-9f92-eea24eb7e756,good,v3
6127,good,good,bb796070-a4c0-4d67-9f92-eea24eb7e756,bad,v2
6128,korhonen,zhang,34c1904c-6312-401e-a4f6-e198549c1e69,korhonen,8348001072
6129,korhonen,zhang,34c1904c-6312-401e-a4f6-e198549c1e69,korhonen,8179375247
6130,clear,zhang,34c1904c-6312-401e-a4f6-e198549c1e69,clear,7160553409
6131,fmgoat,zhang,34c1904c-6312-401e-a4f6-e198549c1e69,fmgoat,5906203942
6132,korhonen,korhonen,34c1904c-6312-401e-a4f6-e198549c1e69,zhang,5130906829
6133,clear,zhang,34c1904c-6312-401e-a4f6-e198549c1e69,clear,3567613299
6134,clear,zhang,34c1904c-6312-401e-a4f6-e198549c1e69,clear,6027104916
6135,good,bad,34c1904c-6312-401e-a4f6-e198549c1e69,good,v5
6136,zhang,stadv,34c1904c-6312-401e-a4f6-e198549c1e69,zhang,6285601097
6137,fmgoat,fmgoat,34c1904c-6312-401e-a4f6-e198549c1e69,zhang,4796228876
6138,korhonen,zhang,34c1904c-6312-401e-a4f6-e198549c1e69,korhonen,4519546786
6139,good,good,34c1904c-6312-401e-a4f6-e198549c1e69,bad,v7
6140,good,good,34c1904c-6312-401e-a4f6-e198549c1e69,bad,v6
6141,clear,korhonen,34c1904c-6312-401e-a4f6-e198549c1e69,clear,6077930890
6142,clear,clear,34c1904c-6312-401e-a4f6-e198549c1e69,stadv,9716988368
6143,zhang,clear,34c1904c-6312-401e-a4f6-e198549c1e69,zhang,8351568109
6144,stadv,stadv,34c1904c-6312-401e-a4f6-e198549c1e69,clear,9214795039
6145,fmgoat,korhonen,775b76a7-2a40-4960-97ce-9f5c6e5a4f54,fmgoat,2909358760
6146,good,bad,775b76a7-2a40-4960-97ce-9f5c6e5a4f54,good,v6
6147,korhonen,stadv,775b76a7-2a40-4960-97ce-9f5c6e5a4f54,korhonen,6027104916
6148,fmgoat,fmgoat,775b76a7-2a40-4960-97ce-9f5c6e5a4f54,zhang,6077930890
6149,korhonen,korhonen,775b76a7-2a40-4960-97ce-9f5c6e5a4f54,fmgoat,8597381500
6150,good,bad,775b76a7-2a40-4960-97ce-9f5c6e5a4f54,good,v3
6151,korhonen,stadv,775b76a7-2a40-4960-97ce-9f5c6e5a4f54,korhonen,4519546786
6152,good,good,775b76a7-2a40-4960-97ce-9f5c6e5a4f54,bad,v3
6153,clear,clear,775b76a7-2a40-4960-97ce-9f5c6e5a4f54,fmgoat,7160553409
6154,korhonen,stadv,775b76a7-2a40-4960-97ce-9f5c6e5a4f54,korhonen,8348001072
6155,fmgoat,fmgoat,775b76a7-2a40-4960-97ce-9f5c6e5a4f54,zhang,6285601097
6156,clear,fmgoat,775b76a7-2a40-4960-97ce-9f5c6e5a4f54,clear,9214795039
6157,fmgoat,fmgoat,775b76a7-2a40-4960-97ce-9f5c6e5a4f54,korhonen,8179375247
6158,clear,zhang,775b76a7-2a40-4960-97ce-9f5c6e5a4f54,clear,3309384812
6159,korhonen,korhonen,775b76a7-2a40-4960-97ce-9f5c6e5a4f54,stadv,9463363154
6160,good,bad,1ab87c70-1d41-4825-86f9-ad910f7f251a,good,v3
6161,clear,korhonen,1ab87c70-1d41-4825-86f9-ad910f7f251a,clear,9214795039
6162,clear,stadv,1ab87c70-1d41-4825-86f9-ad910f7f251a,clear,4519546786
6163,,fmgoat,1ab87c70-1d41-4825-86f9-ad910f7f251a,zhang,8179375247
6164,clear,stadv,1ab87c70-1d41-4825-86f9-ad910f7f251a,clear,5130906829
6165,korhonen,fmgoat,1ab87c70-1d41-4825-86f9-ad910f7f251a,korhonen,4633306112
6166,good,good,1ab87c70-1d41-4825-86f9-ad910f7f251a,bad,v5
6167,clear,zhang,1ab87c70-1d41-4825-86f9-ad910f7f251a,clear,8597381500
6168,korhonen,fmgoat,1ab87c70-1d41-4825-86f9-ad910f7f251a,korhonen,4107566763
6169,clear,stadv,1ab87c70-1d41-4825-86f9-ad910f7f251a,clear,6285601097
6170,good,bad,1ab87c70-1d41-4825-86f9-ad910f7f251a,good,v4
6171,fmgoat,fmgoat,1ab87c70-1d41-4825-86f9-ad910f7f251a,stadv,8348001072
6172,korhonen,korhonen,1ab87c70-1d41-4825-86f9-ad910f7f251a,stadv,4842717407
6173,fmgoat,korhonen,1ab87c70-1d41-4825-86f9-ad910f7f251a,fmgoat,9463363154
6174,clear,fmgoat,1ab87c70-1d41-4825-86f9-ad910f7f251a,clear,3309384812
6175,korhonen,clear,1ab87c70-1d41-4825-86f9-ad910f7f251a,korhonen,2909358760
6176,,korhonen,1ab87c70-1d41-4825-86f9-ad910f7f251a,clear,9716988368
6177,,clear,1ab87c70-1d41-4825-86f9-ad910f7f251a,fmgoat,4424481742
6178,,korhonen,1ab87c70-1d41-4825-86f9-ad910f7f251a,zhang,4598385226
6179,korhonen,stadv,3f32c118-84da-4ca8-b1a9-3b8edb4862bb,korhonen,6077930890
6180,fmgoat,fmgoat,3f32c118-84da-4ca8-b1a9-3b8edb4862bb,korhonen,9716988368
6181,korhonen,korhonen,3f32c118-84da-4ca8-b1a9-3b8edb4862bb,fmgoat,3309384812
6182,fmgoat,fmgoat,3f32c118-84da-4ca8-b1a9-3b8edb4862bb,stadv,9463363154
6183,zhang,stadv,3f32c118-84da-4ca8-b1a9-3b8edb4862bb,zhang,9214795039
6184,good,bad,3f32c118-84da-4ca8-b1a9-3b8edb4862bb,good,v5
6185,korhonen,fmgoat,3f32c118-84da-4ca8-b1a9-3b8edb4862bb,korhonen,2580252988
6186,fmgoat,fmgoat,3f32c118-84da-4ca8-b1a9-3b8edb4862bb,clear,2909358760
6187,korhonen,stadv,3f32c118-84da-4ca8-b1a9-3b8edb4862bb,korhonen,8179375247
6188,clear,clear,3f32c118-84da-4ca8-b1a9-3b8edb4862bb,stadv,4842717407
6189,clear,clear,3f32c118-84da-4ca8-b1a9-3b8edb4862bb,zhang,3567613299
6190,good,bad,3f32c118-84da-4ca8-b1a9-3b8edb4862bb,good,v5
6191,fmgoat,fmgoat,3f32c118-84da-4ca8-b1a9-3b8edb4862bb,stadv,8351568109
6192,clear,clear,3f32c118-84da-4ca8-b1a9-3b8edb4862bb,stadv,4633306112
6193,zhang,zhang,3f32c118-84da-4ca8-b1a9-3b8edb4862bb,stadv,4424481742
6194,good,good,3f32c118-84da-4ca8-b1a9-3b8edb4862bb,bad,v5
6195,fmgoat,stadv,3f32c118-84da-4ca8-b1a9-3b8edb4862bb,fmgoat,8597381500
6196,clear,clear,3f32c118-84da-4ca8-b1a9-3b8edb4862bb,zhang,8348001072
6197,korhonen,clear,3f32c118-84da-4ca8-b1a9-3b8edb4862bb,korhonen,9469622762
6198,zhang,fmgoat,3f32c118-84da-4ca8-b1a9-3b8edb4862bb,zhang,4598385226
6199,fmgoat,stadv,17ed60af-0c62-494b-b84d-c81c8d1010f5,fmgoat,8348001072
6200,fmgoat,fmgoat,17ed60af-0c62-494b-b84d-c81c8d1010f5,zhang,5906203942
6201,zhang,korhonen,17ed60af-0c62-494b-b84d-c81c8d1010f5,zhang,3567613299
6202,clear,zhang,17ed60af-0c62-494b-b84d-c81c8d1010f5,clear,9716988368
6203,fmgoat,stadv,17ed60af-0c62-494b-b84d-c81c8d1010f5,fmgoat,2909358760
6204,clear,clear,17ed60af-0c62-494b-b84d-c81c8d1010f5,fmgoat,8179375247
6205,korhonen,korhonen,17ed60af-0c62-494b-b84d-c81c8d1010f5,stadv,8351568109
6206,zhang,zhang,17ed60af-0c62-494b-b84d-c81c8d1010f5,stadv,9214795039
6207,good,bad,17ed60af-0c62-494b-b84d-c81c8d1010f5,good,v4
6208,korhonen,korhonen,17ed60af-0c62-494b-b84d-c81c8d1010f5,fmgoat,2580252988
6209,clear,clear,17ed60af-0c62-494b-b84d-c81c8d1010f5,fmgoat,8597381500
6210,good,bad,17ed60af-0c62-494b-b84d-c81c8d1010f5,good,v4
6211,korhonen,korhonen,17ed60af-0c62-494b-b84d-c81c8d1010f5,stadv,4519546786
6212,good,good,17ed60af-0c62-494b-b84d-c81c8d1010f5,bad,v3
6213,zhang,zhang,17ed60af-0c62-494b-b84d-c81c8d1010f5,stadv,4598385226
6214,korhonen,korhonen,17ed60af-0c62-494b-b84d-c81c8d1010f5,fmgoat,9469622762
6215,korhonen,fmgoat,17ed60af-0c62-494b-b84d-c81c8d1010f5,korhonen,3309384812
6216,korhonen,korhonen,17ed60af-0c62-494b-b84d-c81c8d1010f5,zhang,4633306112
6217,zhang,zhang,17ed60af-0c62-494b-b84d-c81c8d1010f5,stadv,5130906829
6218,stadv,stadv,17ed60af-0c62-494b-b84d-c81c8d1010f5,zhang,6077930890
6219,korhonen,stadv,e6376749-fd58-40de-8dc1-c07f4b261222,korhonen,8351568109
6220,zhang,zhang,e6376749-fd58-40de-8dc1-c07f4b261222,stadv,9716988368
6221,korhonen,korhonen,e6376749-fd58-40de-8dc1-c07f4b261222,zhang,4107566763
6222,fmgoat,fmgoat,e6376749-fd58-40de-8dc1-c07f4b261222,stadv,9463363154
6223,good,good,e6376749-fd58-40de-8dc1-c07f4b261222,bad,v2
6224,korhonen,zhang,e6376749-fd58-40de-8dc1-c07f4b261222,korhonen,8179375247
6225,good,good,e6376749-fd58-40de-8dc1-c07f4b261222,bad,v7
6226,zhang,stadv,e6376749-fd58-40de-8dc1-c07f4b261222,zhang,5130906829
6227,good,good,e6376749-fd58-40de-8dc1-c07f4b261222,bad,v5
6228,korhonen,korhonen,e6376749-fd58-40de-8dc1-c07f4b261222,fmgoat,4519546786
6229,clear,fmgoat,e6376749-fd58-40de-8dc1-c07f4b261222,clear,2909358760
6230,clear,korhonen,e6376749-fd58-40de-8dc1-c07f4b261222,clear,2580252988
6231,zhang,zhang,e6376749-fd58-40de-8dc1-c07f4b261222,stadv,6285601097
6232,korhonen,korhonen,e6376749-fd58-40de-8dc1-c07f4b261222,fmgoat,9469622762
6233,clear,clear,e6376749-fd58-40de-8dc1-c07f4b261222,zhang,4842717407
6234,fmgoat,fmgoat,e6376749-fd58-40de-8dc1-c07f4b261222,stadv,5906203942
6235,fmgoat,zhang,e6376749-fd58-40de-8dc1-c07f4b261222,fmgoat,4633306112
6236,fmgoat,stadv,e6376749-fd58-40de-8dc1-c07f4b261222,fmgoat,8348001072
6237,fmgoat,fmgoat,e6376749-fd58-40de-8dc1-c07f4b261222,stadv,7160553409
6238,korhonen,korhonen,e6376749-fd58-40de-8dc1-c07f4b261222,clear,4598385226
6239,fmgoat,fmgoat,4eb2bf7a-e3ee-463e-8520-4bb21cef2cb3,stadv,6285601097
6240,korhonen,korhonen,4eb2bf7a-e3ee-463e-8520-4bb21cef2cb3,zhang,9716988368
6241,clear,korhonen,4eb2bf7a-e3ee-463e-8520-4bb21cef2cb3,clear,2580252988
6242,clear,clear,4eb2bf7a-e3ee-463e-8520-4bb21cef2cb3,fmgoat,8351568109
6243,zhang,stadv,4eb2bf7a-e3ee-463e-8520-4bb21cef2cb3,zhang,8179375247
6244,clear,clear,4eb2bf7a-e3ee-463e-8520-4bb21cef2cb3,korhonen,5130906829
6245,clear,stadv,4eb2bf7a-e3ee-463e-8520-4bb21cef2cb3,clear,4519546786
6246,zhang,zhang,4eb2bf7a-e3ee-463e-8520-4bb21cef2cb3,stadv,9463363154
6247,,clear,4eb2bf7a-e3ee-463e-8520-4bb21cef2cb3,zhang,4598385226
6248,good,bad,4eb2bf7a-e3ee-463e-8520-4bb21cef2cb3,good,v6
6249,zhang,zhang,4eb2bf7a-e3ee-463e-8520-4bb21cef2cb3,stadv,4424481742
6250,zhang,stadv,4eb2bf7a-e3ee-463e-8520-4bb21cef2cb3,zhang,3309384812
6251,,zhang,4eb2bf7a-e3ee-463e-8520-4bb21cef2cb3,clear,6027104916
6252,korhonen,korhonen,4eb2bf7a-e3ee-463e-8520-4bb21cef2cb3,stadv,7160553409
6253,clear,clear,4eb2bf7a-e3ee-463e-8520-4bb21cef2cb3,zhang,2909358760
6254,good,good,4eb2bf7a-e3ee-463e-8520-4bb21cef2cb3,bad,v7
6255,good,good,4eb2bf7a-e3ee-463e-8520-4bb21cef2cb3,bad,v5
6256,fmgoat,korhonen,4eb2bf7a-e3ee-463e-8520-4bb21cef2cb3,fmgoat,4796228876
6257,fmgoat,korhonen,edea958d-4c53-42cf-a3ca-2416309d5303,fmgoat,4107566763
6258,good,good,edea958d-4c53-42cf-a3ca-2416309d5303,bad,v3
6259,good,bad,edea958d-4c53-42cf-a3ca-2416309d5303,good,v2
6260,korhonen,fmgoat,edea958d-4c53-42cf-a3ca-2416309d5303,korhonen,8351568109
6261,korhonen,stadv,edea958d-4c53-42cf-a3ca-2416309d5303,korhonen,6027104916
6262,,fmgoat,edea958d-4c53-42cf-a3ca-2416309d5303,clear,4796228876
6263,zhang,zhang,edea958d-4c53-42cf-a3ca-2416309d5303,fmgoat,9469622762
6264,clear,clear,edea958d-4c53-42cf-a3ca-2416309d5303,korhonen,6077930890
6265,clear,clear,edea958d-4c53-42cf-a3ca-2416309d5303,fmgoat,5130906829
6266,fmgoat,korhonen,edea958d-4c53-42cf-a3ca-2416309d5303,fmgoat,2909358760
6267,clear,zhang,edea958d-4c53-42cf-a3ca-2416309d5303,clear,8179375247
6268,fmgoat,stadv,edea958d-4c53-42cf-a3ca-2416309d5303,fmgoat,4842717407
6269,good,bad,edea958d-4c53-42cf-a3ca-2416309d5303,good,v6
6270,clear,fmgoat,edea958d-4c53-42cf-a3ca-2416309d5303,clear,2580252988
6271,korhonen,korhonen,edea958d-4c53-42cf-a3ca-2416309d5303,stadv,4633306112
6272,clear,zhang,edea958d-4c53-42cf-a3ca-2416309d5303,clear,4598385226
6273,korhonen,korhonen,edea958d-4c53-42cf-a3ca-2416309d5303,stadv,9463363154
6274,,zhang,edea958d-4c53-42cf-a3ca-2416309d5303,korhonen,4424481742
6275,,fmgoat,edea958d-4c53-42cf-a3ca-2416309d5303,korhonen,9214795039
6276,clear,stadv,1272ef7c-bcf3-4cb2-b495-654ef766ab1f,clear,5130906829
6277,zhang,zhang,1272ef7c-bcf3-4cb2-b495-654ef766ab1f,stadv,4633306112
6278,good,good,1272ef7c-bcf3-4cb2-b495-654ef766ab1f,bad,v3
6279,clear,stadv,1272ef7c-bcf3-4cb2-b495-654ef766ab1f,clear,3309384812
6280,clear,clear,1272ef7c-bcf3-4cb2-b495-654ef766ab1f,zhang,7160553409
6281,fmgoat,clear,1272ef7c-bcf3-4cb2-b495-654ef766ab1f,fmgoat,9716988368
6282,good,good,1272ef7c-bcf3-4cb2-b495-654ef766ab1f,bad,v1
6283,clear,clear,1272ef7c-bcf3-4cb2-b495-654ef766ab1f,stadv,6077930890
6284,clear,clear,1272ef7c-bcf3-4cb2-b495-654ef766ab1f,korhonen,4842717407
6285,zhang,zhang,1272ef7c-bcf3-4cb2-b495-654ef766ab1f,stadv,4424481742
6286,fmgoat,fmgoat,1272ef7c-bcf3-4cb2-b495-654ef766ab1f,korhonen,9463363154
6287,zhang,fmgoat,1272ef7c-bcf3-4cb2-b495-654ef766ab1f,zhang,4107566763
6288,fmgoat,fmgoat,1272ef7c-bcf3-4cb2-b495-654ef766ab1f,zhang,4796228876
6289,clear,korhonen,1272ef7c-bcf3-4cb2-b495-654ef766ab1f,clear,2909358760
6290,good,bad,1272ef7c-bcf3-4cb2-b495-654ef766ab1f,good,v3
6291,korhonen,korhonen,1272ef7c-bcf3-4cb2-b495-654ef766ab1f,fmgoat,4519546786
6292,clear,stadv,1272ef7c-bcf3-4cb2-b495-654ef766ab1f,clear,9469622762
6293,clear,fmgoat,1272ef7c-bcf3-4cb2-b495-654ef766ab1f,clear,8351568109
6294,korhonen,korhonen,1272ef7c-bcf3-4cb2-b495-654ef766ab1f,zhang,9214795039
6295,korhonen,stadv,1272ef7c-bcf3-4cb2-b495-654ef766ab1f,korhonen,2580252988
6296,clear,korhonen,b5a8f0a8-7db6-4aff-8c9c-fc847e92bdca,clear,2580252988
6297,clear,stadv,b5a8f0a8-7db6-4aff-8c9c-fc847e92bdca,clear,9463363154
6298,korhonen,fmgoat,b5a8f0a8-7db6-4aff-8c9c-fc847e92bdca,korhonen,4519546786
6299,good,good,b5a8f0a8-7db6-4aff-8c9c-fc847e92bdca,bad,v4
6300,good,good,b5a8f0a8-7db6-4aff-8c9c-fc847e92bdca,bad,v3
6301,clear,stadv,b5a8f0a8-7db6-4aff-8c9c-fc847e92bdca,clear,9214795039
6302,clear,zhang,b5a8f0a8-7db6-4aff-8c9c-fc847e92bdca,clear,9469622762
6303,fmgoat,korhonen,b5a8f0a8-7db6-4aff-8c9c-fc847e92bdca,fmgoat,2909358760
6304,korhonen,korhonen,b5a8f0a8-7db6-4aff-8c9c-fc847e92bdca,zhang,4424481742
6305,clear,fmgoat,b5a8f0a8-7db6-4aff-8c9c-fc847e92bdca,clear,4598385226
6306,zhang,zhang,b5a8f0a8-7db6-4aff-8c9c-fc847e92bdca,stadv,3567613299
6307,korhonen,stadv,b5a8f0a8-7db6-4aff-8c9c-fc847e92bdca,korhonen,6027104916
6308,clear,zhang,b5a8f0a8-7db6-4aff-8c9c-fc847e92bdca,clear,5906203942
6309,zhang,stadv,b5a8f0a8-7db6-4aff-8c9c-fc847e92bdca,zhang,3309384812
6310,fmgoat,fmgoat,b5a8f0a8-7db6-4aff-8c9c-fc847e92bdca,korhonen,8348001072
6311,korhonen,korhonen,b5a8f0a8-7db6-4aff-8c9c-fc847e92bdca,zhang,6077930890
6312,clear,clear,b5a8f0a8-7db6-4aff-8c9c-fc847e92bdca,zhang,4107566763
6313,good,good,b5a8f0a8-7db6-4aff-8c9c-fc847e92bdca,bad,v7
6314,fmgoat,fmgoat,b5a8f0a8-7db6-4aff-8c9c-fc847e92bdca,zhang,4796228876
6315,korhonen,clear,b5a8f0a8-7db6-4aff-8c9c-fc847e92bdca,korhonen,4633306112
6316,korhonen,stadv,b5a8f0a8-7db6-4aff-8c9c-fc847e92bdca,korhonen,5130906829
6317,clear,clear,1d72881a-f23f-4684-ac1e-99144dea3f31,korhonen,2909358760
6318,clear,clear,1d72881a-f23f-4684-ac1e-99144dea3f31,stadv,3567613299
6319,good,good,1d72881a-f23f-4684-ac1e-99144dea3f31,bad,v2
6320,clear,clear,1d72881a-f23f-4684-ac1e-99144dea3f31,stadv,2580252988
6321,korhonen,stadv,1d72881a-f23f-4684-ac1e-99144dea3f31,korhonen,8351568109
6322,zhang,stadv,1d72881a-f23f-4684-ac1e-99144dea3f31,zhang,7160553409
6323,zhang,zhang,1d72881a-f23f-4684-ac1e-99144dea3f31,fmgoat,4598385226
6324,korhonen,korhonen,1d72881a-f23f-4684-ac1e-99144dea3f31,fmgoat,9214795039
6325,clear,clear,1d72881a-f23f-4684-ac1e-99144dea3f31,stadv,9716988368
6326,clear,korhonen,1d72881a-f23f-4684-ac1e-99144dea3f31,clear,4796228876
6327,good,bad,1d72881a-f23f-4684-ac1e-99144dea3f31,good,v2
6328,clear,clear,1d72881a-f23f-4684-ac1e-99144dea3f31,korhonen,6077930890
6329,clear,clear,1d72881a-f23f-4684-ac1e-99144dea3f31,stadv,4107566763
6330,good,bad,1d72881a-f23f-4684-ac1e-99144dea3f31,good,v7
6331,korhonen,korhonen,1d72881a-f23f-4684-ac1e-99144dea3f31,stadv,4633306112
6332,fmgoat,fmgoat,51440960-787a-4121-8b2c-c9b42c555760,stadv,6027104916
6333,good,bad,51440960-787a-4121-8b2c-c9b42c555760,good,v3
6334,good,bad,51440960-787a-4121-8b2c-c9b42c555760,good,v7
6335,good,bad,51440960-787a-4121-8b2c-c9b42c555760,good,v4
6336,fmgoat,stadv,51440960-787a-4121-8b2c-c9b42c555760,fmgoat,4633306112
6337,fmgoat,fmgoat,51440960-787a-4121-8b2c-c9b42c555760,korhonen,5906203942
6338,clear,korhonen,51440960-787a-4121-8b2c-c9b42c555760,clear,4796228876
6339,zhang,stadv,51440960-787a-4121-8b2c-c9b42c555760,zhang,9716988368
6340,korhonen,korhonen,51440960-787a-4121-8b2c-c9b42c555760,fmgoat,9469622762
6341,fmgoat,korhonen,51440960-787a-4121-8b2c-c9b42c555760,fmgoat,2909358760
6342,korhonen,korhonen,51440960-787a-4121-8b2c-c9b42c555760,stadv,2580252988
6343,clear,korhonen,51440960-787a-4121-8b2c-c9b42c555760,clear,8348001072
6344,clear,clear,51440960-787a-4121-8b2c-c9b42c555760,stadv,5130906829
6345,clear,stadv,51440960-787a-4121-8b2c-c9b42c555760,clear,9463363154
6346,zhang,zhang,51440960-787a-4121-8b2c-c9b42c555760,stadv,8351568109
6347,fmgoat,fmgoat,51440960-787a-4121-8b2c-c9b42c555760,stadv,3567613299
6348,fmgoat,fmgoat,51440960-787a-4121-8b2c-c9b42c555760,korhonen,3309384812
6349,fmgoat,stadv,90410337-8d00-4991-8521-2695c3c5e9e3,fmgoat,8179375247
6350,clear,clear,90410337-8d00-4991-8521-2695c3c5e9e3,stadv,2909358760
6351,good,bad,90410337-8d00-4991-8521-2695c3c5e9e3,good,v7
6352,,zhang,90410337-8d00-4991-8521-2695c3c5e9e3,fmgoat,6285601097
6353,zhang,stadv,90410337-8d00-4991-8521-2695c3c5e9e3,zhang,3567613299
6354,fmgoat,fmgoat,90410337-8d00-4991-8521-2695c3c5e9e3,stadv,8348001072
6355,korhonen,stadv,90410337-8d00-4991-8521-2695c3c5e9e3,korhonen,7160553409
6356,fmgoat,korhonen,90410337-8d00-4991-8521-2695c3c5e9e3,fmgoat,5906203942
6357,clear,clear,90410337-8d00-4991-8521-2695c3c5e9e3,fmgoat,8597381500
6358,good,good,90410337-8d00-4991-8521-2695c3c5e9e3,bad,v7
6359,clear,zhang,90410337-8d00-4991-8521-2695c3c5e9e3,clear,4598385226
6360,clear,clear,90410337-8d00-4991-8521-2695c3c5e9e3,stadv,8351568109
6361,clear,clear,90410337-8d00-4991-8521-2695c3c5e9e3,zhang,3309384812
6362,korhonen,stadv,90410337-8d00-4991-8521-2695c3c5e9e3,korhonen,9716988368
6363,korhonen,korhonen,90410337-8d00-4991-8521-2695c3c5e9e3,zhang,4424481742
6364,clear,clear,90410337-8d00-4991-8521-2695c3c5e9e3,korhonen,4107566763
6365,good,bad,90410337-8d00-4991-8521-2695c3c5e9e3,good,v2
6366,clear,korhonen,90410337-8d00-4991-8521-2695c3c5e9e3,clear,9463363154
6367,clear,zhang,74e7f027-c7c0-451c-909b-4c5358d9011d,clear,4598385226
6368,clear,clear,74e7f027-c7c0-451c-909b-4c5358d9011d,stadv,6077930890
6369,zhang,zhang,74e7f027-c7c0-451c-909b-4c5358d9011d,fmgoat,4633306112
6370,fmgoat,stadv,74e7f027-c7c0-451c-909b-4c5358d9011d,fmgoat,2909358760
6371,clear,clear,74e7f027-c7c0-451c-909b-4c5358d9011d,fmgoat,3309384812
6372,clear,clear,74e7f027-c7c0-451c-909b-4c5358d9011d,fmgoat,4107566763
6373,clear,clear,74e7f027-c7c0-451c-909b-4c5358d9011d,zhang,9463363154
6374,good,good,74e7f027-c7c0-451c-909b-4c5358d9011d,bad,v6
6375,clear,clear,74e7f027-c7c0-451c-909b-4c5358d9011d,stadv,9214795039
6376,clear,clear,74e7f027-c7c0-451c-909b-4c5358d9011d,zhang,2580252988
6377,clear,clear,74e7f027-c7c0-451c-909b-4c5358d9011d,korhonen,3567613299
6378,good,good,74e7f027-c7c0-451c-909b-4c5358d9011d,bad,v3
6379,clear,clear,74e7f027-c7c0-451c-909b-4c5358d9011d,stadv,8179375247
6380,clear,clear,74e7f027-c7c0-451c-909b-4c5358d9011d,fmgoat,4424481742
6381,zhang,zhang,74e7f027-c7c0-451c-909b-4c5358d9011d,fmgoat,8597381500
6382,clear,zhang,74e7f027-c7c0-451c-909b-4c5358d9011d,clear,9716988368
6383,korhonen,zhang,74e7f027-c7c0-451c-909b-4c5358d9011d,korhonen,4519546786
6384,good,good,74e7f027-c7c0-451c-909b-4c5358d9011d,bad,v6
6385,zhang,zhang,63f0c9f4-6809-46e5-8e6b-97bdbd776c87,korhonen,4107566763
6386,clear,stadv,63f0c9f4-6809-46e5-8e6b-97bdbd776c87,clear,6077930890
6387,good,good,63f0c9f4-6809-46e5-8e6b-97bdbd776c87,bad,v1
6388,korhonen,korhonen,63f0c9f4-6809-46e5-8e6b-97bdbd776c87,stadv,4519546786
6389,zhang,zhang,63f0c9f4-6809-46e5-8e6b-97bdbd776c87,korhonen,4796228876
6390,good,good,63f0c9f4-6809-46e5-8e6b-97bdbd776c87,bad,v4
6391,fmgoat,fmgoat,63f0c9f4-6809-46e5-8e6b-97bdbd776c87,zhang,4633306112
6392,fmgoat,fmgoat,63f0c9f4-6809-46e5-8e6b-97bdbd776c87,zhang,3567613299
6393,fmgoat,fmgoat,63f0c9f4-6809-46e5-8e6b-97bdbd776c87,stadv,9716988368
6394,fmgoat,fmgoat,63f0c9f4-6809-46e5-8e6b-97bdbd776c87,stadv,4424481742
6395,korhonen,fmgoat,63f0c9f4-6809-46e5-8e6b-97bdbd776c87,korhonen,3309384812
6396,clear,clear,63f0c9f4-6809-46e5-8e6b-97bdbd776c87,stadv,4842717407
6397,fmgoat,fmgoat,63f0c9f4-6809-46e5-8e6b-97bdbd776c87,stadv,7160553409
6398,good,good,63f0c9f4-6809-46e5-8e6b-97bdbd776c87,bad,v6
6399,clear,zhang,63f0c9f4-6809-46e5-8e6b-97bdbd776c87,clear,2580252988
6400,clear,korhonen,4d132550-8a4f-4c51-a943-90cd71e37382,clear,3309384812
6401,zhang,zhang,4d132550-8a4f-4c51-a943-90cd71e37382,fmgoat,4633306112
6402,good,bad,4d132550-8a4f-4c51-a943-90cd71e37382,good,v1
6403,zhang,zhang,4d132550-8a4f-4c51-a943-90cd71e37382,fmgoat,9214795039
6404,clear,clear,4d132550-8a4f-4c51-a943-90cd71e37382,fmgoat,5906203942
6405,fmgoat,fmgoat,4d132550-8a4f-4c51-a943-90cd71e37382,zhang,6285601097
6406,,fmgoat,4d132550-8a4f-4c51-a943-90cd71e37382,clear,4598385226
6407,clear,korhonen,4d132550-8a4f-4c51-a943-90cd71e37382,clear,6027104916
6408,clear,zhang,4d132550-8a4f-4c51-a943-90cd71e37382,clear,2909358760
6409,zhang,zhang,4d132550-8a4f-4c51-a943-90cd71e37382,stadv,4796228876
6410,good,bad,4d132550-8a4f-4c51-a943-90cd71e37382,good,v3
6411,clear,zhang,4d132550-8a4f-4c51-a943-90cd71e37382,clear,8348001072
6412,clear,clear,4d132550-8a4f-4c51-a943-90cd71e37382,stadv,8179375247
6413,good,good,4d132550-8a4f-4c51-a943-90cd71e37382,bad,v6
6414,fmgoat,fmgoat,4d132550-8a4f-4c51-a943-90cd71e37382,korhonen,9716988368
6415,fmgoat,fmgoat,4d132550-8a4f-4c51-a943-90cd71e37382,stadv,5130906829
6416,clear,stadv,4d132550-8a4f-4c51-a943-90cd71e37382,clear,9463363154
6417,clear,clear,4d132550-8a4f-4c51-a943-90cd71e37382,fmgoat,8597381500
6418,fmgoat,fmgoat,4d132550-8a4f-4c51-a943-90cd71e37382,zhang,2580252988
6419,korhonen,stadv,b17c24f8-3fc0-48c0-b714-fef6caf06233,korhonen,2580252988
6420,fmgoat,stadv,b17c24f8-3fc0-48c0-b714-fef6caf06233,fmgoat,5130906829
6421,clear,zhang,b17c24f8-3fc0-48c0-b714-fef6caf06233,clear,4424481742
6422,zhang,zhang,b17c24f8-3fc0-48c0-b714-fef6caf06233,stadv,5906203942
6423,good,bad,b17c24f8-3fc0-48c0-b714-fef6caf06233,good,v5
6424,good,good,b17c24f8-3fc0-48c0-b714-fef6caf06233,bad,v3
6425,good,good,b17c24f8-3fc0-48c0-b714-fef6caf06233,bad,v4
6426,clear,clear,b17c24f8-3fc0-48c0-b714-fef6caf06233,stadv,6285601097
6427,clear,korhonen,b17c24f8-3fc0-48c0-b714-fef6caf06233,clear,4842717407
6428,fmgoat,fmgoat,b17c24f8-3fc0-48c0-b714-fef6caf06233,zhang,4598385226
6429,korhonen,korhonen,b17c24f8-3fc0-48c0-b714-fef6caf06233,stadv,6027104916
6430,clear,korhonen,b17c24f8-3fc0-48c0-b714-fef6caf06233,clear,3309384812
6431,korhonen,korhonen,b17c24f8-3fc0-48c0-b714-fef6caf06233,stadv,4633306112
6432,good,good,04c1f76f-0bcf-4caf-8c6a-2652325f313d,bad,v5
6433,korhonen,korhonen,04c1f76f-0bcf-4caf-8c6a-2652325f313d,stadv,2580252988
6434,fmgoat,stadv,04c1f76f-0bcf-4caf-8c6a-2652325f313d,fmgoat,4598385226
6435,fmgoat,korhonen,04c1f76f-0bcf-4caf-8c6a-2652325f313d,fmgoat,4796228876
6436,clear,clear,04c1f76f-0bcf-4caf-8c6a-2652325f313d,stadv,4842717407
6437,good,good,04c1f76f-0bcf-4caf-8c6a-2652325f313d,bad,v5
6438,fmgoat,stadv,04c1f76f-0bcf-4caf-8c6a-2652325f313d,fmgoat,5906203942
6439,good,good,04c1f76f-0bcf-4caf-8c6a-2652325f313d,bad,v4
6440,korhonen,korhonen,04c1f76f-0bcf-4caf-8c6a-2652325f313d,fmgoat,8179375247
6441,clear,zhang,04c1f76f-0bcf-4caf-8c6a-2652325f313d,clear,4107566763
6442,zhang,zhang,04c1f76f-0bcf-4caf-8c6a-2652325f313d,stadv,9463363154
6443,korhonen,korhonen,04c1f76f-0bcf-4caf-8c6a-2652325f313d,stadv,4424481742
6444,zhang,stadv,04c1f76f-0bcf-4caf-8c6a-2652325f313d,zhang,4633306112
6445,clear,clear,04c1f76f-0bcf-4caf-8c6a-2652325f313d,stadv,8351568109
6446,clear,clear,04c1f76f-0bcf-4caf-8c6a-2652325f313d,stadv,9716988368
6447,zhang,stadv,04c1f76f-0bcf-4caf-8c6a-2652325f313d,zhang,8348001072
6448,korhonen,korhonen,04c1f76f-0bcf-4caf-8c6a-2652325f313d,zhang,6285601097
6449,korhonen,korhonen,04c1f76f-0bcf-4caf-8c6a-2652325f313d,zhang,5130906829
6450,clear,korhonen,04c1f76f-0bcf-4caf-8c6a-2652325f313d,clear,3567613299
6451,,fmgoat,04c1f76f-0bcf-4caf-8c6a-2652325f313d,stadv,8597381500
6452,clear,zhang,f2365839-d20f-4780-9535-0fe93ed689e5,clear,5906203942
6453,zhang,zhang,f2365839-d20f-4780-9535-0fe93ed689e5,stadv,4424481742
6454,clear,clear,f2365839-d20f-4780-9535-0fe93ed689e5,stadv,3309384812
6455,good,bad,f2365839-d20f-4780-9535-0fe93ed689e5,good,v4
6456,clear,stadv,f2365839-d20f-4780-9535-0fe93ed689e5,clear,9214795039
6457,fmgoat,stadv,f2365839-d20f-4780-9535-0fe93ed689e5,fmgoat,2909358760
6458,good,good,f2365839-d20f-4780-9535-0fe93ed689e5,bad,v4
6459,zhang,zhang,f2365839-d20f-4780-9535-0fe93ed689e5,stadv,6285601097
6460,korhonen,korhonen,f2365839-d20f-4780-9535-0fe93ed689e5,zhang,7160553409
6461,good,bad,f2365839-d20f-4780-9535-0fe93ed689e5,good,v5
6462,,stadv,f2365839-d20f-4780-9535-0fe93ed689e5,korhonen,6077930890
6463,fmgoat,fmgoat,f2365839-d20f-4780-9535-0fe93ed689e5,stadv,8597381500
6464,clear,stadv,f2365839-d20f-4780-9535-0fe93ed689e5,clear,4598385226
6465,korhonen,korhonen,f2365839-d20f-4780-9535-0fe93ed689e5,stadv,3567613299
6466,fmgoat,fmgoat,f2365839-d20f-4780-9535-0fe93ed689e5,zhang,8348001072
6467,fmgoat,korhonen,f2365839-d20f-4780-9535-0fe93ed689e5,fmgoat,9463363154
6468,clear,clear,f2365839-d20f-4780-9535-0fe93ed689e5,fmgoat,2580252988
6469,korhonen,korhonen,ffeb054e-6a70-477c-a452-dc18abd4acc6,stadv,8348001072
6470,korhonen,zhang,ffeb054e-6a70-477c-a452-dc18abd4acc6,korhonen,5906203942
6471,fmgoat,zhang,ffeb054e-6a70-477c-a452-dc18abd4acc6,fmgoat,5130906829
6472,zhang,zhang,ffeb054e-6a70-477c-a452-dc18abd4acc6,stadv,2909358760
6473,clear,fmgoat,ffeb054e-6a70-477c-a452-dc18abd4acc6,clear,8597381500
6474,fmgoat,zhang,ffeb054e-6a70-477c-a452-dc18abd4acc6,fmgoat,7160553409
6475,clear,zhang,ffeb054e-6a70-477c-a452-dc18abd4acc6,clear,9463363154
6476,clear,clear,ffeb054e-6a70-477c-a452-dc18abd4acc6,korhonen,4796228876
6477,zhang,stadv,ffeb054e-6a70-477c-a452-dc18abd4acc6,zhang,4633306112
6478,fmgoat,fmgoat,ffeb054e-6a70-477c-a452-dc18abd4acc6,korhonen,2580252988
6479,good,good,ffeb054e-6a70-477c-a452-dc18abd4acc6,bad,v7
6480,clear,clear,ffeb054e-6a70-477c-a452-dc18abd4acc6,korhonen,9716988368
6481,clear,clear,ffeb054e-6a70-477c-a452-dc18abd4acc6,korhonen,4107566763
6482,good,good,ffeb054e-6a70-477c-a452-dc18abd4acc6,bad,v6
6483,clear,stadv,ffeb054e-6a70-477c-a452-dc18abd4acc6,clear,4598385226
6484,fmgoat,fmgoat,ffeb054e-6a70-477c-a452-dc18abd4acc6,stadv,6027104916
6485,fmgoat,fmgoat,ffeb054e-6a70-477c-a452-dc18abd4acc6,zhang,9469622762
6486,fmgoat,stadv,ffeb054e-6a70-477c-a452-dc18abd4acc6,fmgoat,4842717407
6487,good,good,ffeb054e-6a70-477c-a452-dc18abd4acc6,bad,v3
6488,zhang,fmgoat,ffeb054e-6a70-477c-a452-dc18abd4acc6,zhang,6285601097
6489,clear,korhonen,f999602a-0372-42d0-97fa-5887db149458,clear,9716988368
6490,good,bad,f999602a-0372-42d0-97fa-5887db149458,good,v1
6491,zhang,zhang,f999602a-0372-42d0-97fa-5887db149458,stadv,9469622762
6492,clear,zhang,f999602a-0372-42d0-97fa-5887db149458,clear,2580252988
6493,fmgoat,stadv,f999602a-0372-42d0-97fa-5887db149458,fmgoat,8351568109
6494,fmgoat,fmgoat,f999602a-0372-42d0-97fa-5887db149458,stadv,8179375247
6495,fmgoat,fmgoat,f999602a-0372-42d0-97fa-5887db149458,korhonen,2909358760
6496,fmgoat,fmgoat,f999602a-0372-42d0-97fa-5887db149458,clear,5906203942
6497,zhang,zhang,f999602a-0372-42d0-97fa-5887db149458,stadv,8597381500
6498,fmgoat,fmgoat,f999602a-0372-42d0-97fa-5887db149458,zhang,4633306112
6499,clear,zhang,f999602a-0372-42d0-97fa-5887db149458,clear,6027104916
6500,clear,korhonen,f999602a-0372-42d0-97fa-5887db149458,clear,4424481742
6501,good,bad,f999602a-0372-42d0-97fa-5887db149458,good,v6
6502,zhang,zhang,f999602a-0372-42d0-97fa-5887db149458,stadv,3567613299
6503,good,good,f999602a-0372-42d0-97fa-5887db149458,bad,v2
6504,fmgoat,fmgoat,f999602a-0372-42d0-97fa-5887db149458,korhonen,9463363154
6505,fmgoat,fmgoat,f999602a-0372-42d0-97fa-5887db149458,zhang,7160553409
6506,zhang,fmgoat,19dd52db-cc42-4823-83eb-b3905e52894e,zhang,4519546786
6507,clear,stadv,19dd52db-cc42-4823-83eb-b3905e52894e,clear,8351568109
6508,good,good,19dd52db-cc42-4823-83eb-b3905e52894e,bad,v5
6509,clear,zhang,19dd52db-cc42-4823-83eb-b3905e52894e,clear,4796228876
6510,korhonen,clear,19dd52db-cc42-4823-83eb-b3905e52894e,korhonen,9463363154
6511,clear,clear,19dd52db-cc42-4823-83eb-b3905e52894e,stadv,7160553409
6512,fmgoat,fmgoat,19dd52db-cc42-4823-83eb-b3905e52894e,stadv,5130906829
6513,,zhang,19dd52db-cc42-4823-83eb-b3905e52894e,korhonen,4424481742
6514,clear,fmgoat,19dd52db-cc42-4823-83eb-b3905e52894e,clear,4107566763
6515,korhonen,korhonen,19dd52db-cc42-4823-83eb-b3905e52894e,stadv,4633306112
6516,clear,clear,19dd52db-cc42-4823-83eb-b3905e52894e,fmgoat,9469622762
6517,clear,clear,19dd52db-cc42-4823-83eb-b3905e52894e,stadv,8597381500
6518,good,bad,19dd52db-cc42-4823-83eb-b3905e52894e,good,v1
6519,good,bad,19dd52db-cc42-4823-83eb-b3905e52894e,good,v7
6520,korhonen,korhonen,19dd52db-cc42-4823-83eb-b3905e52894e,stadv,3567613299
6521,zhang,stadv,19dd52db-cc42-4823-83eb-b3905e52894e,zhang,5906203942
6522,zhang,stadv,19dd52db-cc42-4823-83eb-b3905e52894e,zhang,9716988368
6523,korhonen,stadv,19dd52db-cc42-4823-83eb-b3905e52894e,korhonen,6077930890
6524,clear,fmgoat,19dd52db-cc42-4823-83eb-b3905e52894e,clear,9214795039
6525,clear,clear,19dd52db-cc42-4823-83eb-b3905e52894e,korhonen,3309384812
6526,,korhonen,19dd52db-cc42-4823-83eb-b3905e52894e,zhang,8348001072
6527,fmgoat,korhonen,2680ab73-209e-447c-a2c5-6dc2a070e668,fmgoat,4598385226
6528,fmgoat,fmgoat,2680ab73-209e-447c-a2c5-6dc2a070e668,korhonen,5906203942
6529,good,good,2680ab73-209e-447c-a2c5-6dc2a070e668,bad,v3
6530,fmgoat,stadv,2680ab73-209e-447c-a2c5-6dc2a070e668,fmgoat,3567613299
6531,fmgoat,zhang,2680ab73-209e-447c-a2c5-6dc2a070e668,fmgoat,4424481742
6532,fmgoat,fmgoat,2680ab73-209e-447c-a2c5-6dc2a070e668,stadv,6027104916
6533,clear,clear,2680ab73-209e-447c-a2c5-6dc2a070e668,fmgoat,6077930890
6534,fmgoat,fmgoat,2680ab73-209e-447c-a2c5-6dc2a070e668,korhonen,3309384812
6535,good,bad,2680ab73-209e-447c-a2c5-6dc2a070e668,good,v2
6536,fmgoat,fmgoat,2680ab73-209e-447c-a2c5-6dc2a070e668,korhonen,8348001072
6537,good,good,2680ab73-209e-447c-a2c5-6dc2a070e668,bad,v1
6538,clear,clear,2680ab73-209e-447c-a2c5-6dc2a070e668,fmgoat,2580252988
6539,korhonen,korhonen,2680ab73-209e-447c-a2c5-6dc2a070e668,zhang,9214795039
6540,korhonen,korhonen,2680ab73-209e-447c-a2c5-6dc2a070e668,stadv,4842717407
6541,korhonen,korhonen,2680ab73-209e-447c-a2c5-6dc2a070e668,stadv,8179375247
6542,korhonen,zhang,2680ab73-209e-447c-a2c5-6dc2a070e668,korhonen,5130906829
6543,good,good,3b50c1e0-da05-42f0-9ea9-6526dc3b766a,bad,v3
6544,good,bad,3b50c1e0-da05-42f0-9ea9-6526dc3b766a,good,v5
6545,,zhang,3b50c1e0-da05-42f0-9ea9-6526dc3b766a,korhonen,4107566763
6546,korhonen,fmgoat,3b50c1e0-da05-42f0-9ea9-6526dc3b766a,korhonen,8351568109
6547,korhonen,stadv,3b50c1e0-da05-42f0-9ea9-6526dc3b766a,korhonen,9469622762
6548,clear,korhonen,3b50c1e0-da05-42f0-9ea9-6526dc3b766a,clear,3309384812
6549,fmgoat,fmgoat,3b50c1e0-da05-42f0-9ea9-6526dc3b766a,zhang,4633306112
6550,fmgoat,stadv,3b50c1e0-da05-42f0-9ea9-6526dc3b766a,fmgoat,9716988368
6551,korhonen,fmgoat,3b50c1e0-da05-42f0-9ea9-6526dc3b766a,korhonen,2580252988
6552,korhonen,korhonen,3b50c1e0-da05-42f0-9ea9-6526dc3b766a,stadv,4598385226
6553,clear,clear,3b50c1e0-da05-42f0-9ea9-6526dc3b766a,zhang,4842717407
6554,korhonen,korhonen,3b50c1e0-da05-42f0-9ea9-6526dc3b766a,fmgoat,4519546786
6555,good,bad,3b50c1e0-da05-42f0-9ea9-6526dc3b766a,good,v5
6556,clear,clear,3b50c1e0-da05-42f0-9ea9-6526dc3b766a,fmgoat,6077930890
6557,korhonen,fmgoat,3b50c1e0-da05-42f0-9ea9-6526dc3b766a,korhonen,9214795039
6558,clear,stadv,3b50c1e0-da05-42f0-9ea9-6526dc3b766a,clear,6027104916
6559,zhang,stadv,3b50c1e0-da05-42f0-9ea9-6526dc3b766a,zhang,8348001072
6560,zhang,stadv,3b50c1e0-da05-42f0-9ea9-6526dc3b766a,zhang,9463363154
6561,zhang,zhang,3b50c1e0-da05-42f0-9ea9-6526dc3b766a,stadv,8179375247
6562,fmgoat,stadv,3b50c1e0-da05-42f0-9ea9-6526dc3b766a,fmgoat,4796228876
6563,,korhonen,3b50c1e0-da05-42f0-9ea9-6526dc3b766a,clear,5130906829
6564,,korhonen,3b50c1e0-da05-42f0-9ea9-6526dc3b766a,zhang,3567613299
6565,,fmgoat,3cf7ad80-a6fb-4191-8971-1baccdd3fe19,korhonen,6285601097
6566,zhang,stadv,3cf7ad80-a6fb-4191-8971-1baccdd3fe19,zhang,4796228876
6567,korhonen,stadv,3cf7ad80-a6fb-4191-8971-1baccdd3fe19,korhonen,6077930890
6568,clear,stadv,3cf7ad80-a6fb-4191-8971-1baccdd3fe19,clear,9463363154
6569,clear,clear,3cf7ad80-a6fb-4191-8971-1baccdd3fe19,korhonen,4519546786
6570,korhonen,korhonen,3cf7ad80-a6fb-4191-8971-1baccdd3fe19,stadv,8179375247
6571,good,good,3cf7ad80-a6fb-4191-8971-1baccdd3fe19,bad,v3
6572,korhonen,fmgoat,3cf7ad80-a6fb-4191-8971-1baccdd3fe19,korhonen,8348001072
6573,good,bad,3cf7ad80-a6fb-4191-8971-1baccdd3fe19,good,v7
6574,zhang,zhang,3cf7ad80-a6fb-4191-8971-1baccdd3fe19,stadv,2580252988
6575,clear,zhang,3cf7ad80-a6fb-4191-8971-1baccdd3fe19,clear,3309384812
6576,stadv,stadv,3cf7ad80-a6fb-4191-8971-1baccdd3fe19,clear,9469622762
6577,zhang,zhang,3cf7ad80-a6fb-4191-8971-1baccdd3fe19,clear,4633306112
6578,good,good,3cf7ad80-a6fb-4191-8971-1baccdd3fe19,bad,v6
6579,korhonen,korhonen,3cf7ad80-a6fb-4191-8971-1baccdd3fe19,zhang,4107566763
6580,,korhonen,3cf7ad80-a6fb-4191-8971-1baccdd3fe19,zhang,6027104916
6581,korhonen,fmgoat,9308e245-ccff-455e-af25-4ef27dc85135,korhonen,8597381500
6582,good,good,9308e245-ccff-455e-af25-4ef27dc85135,bad,v4
6583,zhang,stadv,9308e245-ccff-455e-af25-4ef27dc85135,zhang,4598385226
6584,korhonen,korhonen,9308e245-ccff-455e-af25-4ef27dc85135,stadv,4842717407
6585,zhang,stadv,9308e245-ccff-455e-af25-4ef27dc85135,zhang,6077930890
6586,zhang,stadv,9308e245-ccff-455e-af25-4ef27dc85135,zhang,5130906829
6587,zhang,korhonen,9308e245-ccff-455e-af25-4ef27dc85135,zhang,4107566763
6588,fmgoat,fmgoat,9308e245-ccff-455e-af25-4ef27dc85135,stadv,4633306112
6589,,korhonen,9308e245-ccff-455e-af25-4ef27dc85135,zhang,6285601097
6590,clear,clear,9308e245-ccff-455e-af25-4ef27dc85135,stadv,9716988368
6591,good,bad,9308e245-ccff-455e-af25-4ef27dc85135,good,v7
6592,clear,zhang,9308e245-ccff-455e-af25-4ef27dc85135,clear,5906203942
6593,zhang,zhang,9308e245-ccff-455e-af25-4ef27dc85135,fmgoat,9469622762
6594,good,bad,9308e245-ccff-455e-af25-4ef27dc85135,good,v3
6595,fmgoat,zhang,9308e245-ccff-455e-af25-4ef27dc85135,fmgoat,4424481742
6596,korhonen,korhonen,9308e245-ccff-455e-af25-4ef27dc85135,stadv,4796228876
6597,clear,clear,2628fc38-3904-4c19-8771-60d12cb553fd,korhonen,6027104916
6598,clear,clear,2628fc38-3904-4c19-8771-60d12cb553fd,fmgoat,6285601097
6599,good,good,2628fc38-3904-4c19-8771-60d12cb553fd,bad,v6
6600,clear,clear,2628fc38-3904-4c19-8771-60d12cb553fd,zhang,8597381500
6601,clear,clear,2628fc38-3904-4c19-8771-60d12cb553fd,stadv,4519546786
6602,korhonen,korhonen,2628fc38-3904-4c19-8771-60d12cb553fd,fmgoat,9469622762
6603,korhonen,korhonen,2628fc38-3904-4c19-8771-60d12cb553fd,zhang,5130906829
6604,good,bad,2628fc38-3904-4c19-8771-60d12cb553fd,good,v6
6605,fmgoat,stadv,2628fc38-3904-4c19-8771-60d12cb553fd,fmgoat,2909358760
6606,good,bad,2628fc38-3904-4c19-8771-60d12cb553fd,good,v4
6607,fmgoat,fmgoat,2628fc38-3904-4c19-8771-60d12cb553fd,zhang,4598385226
6608,clear,zhang,2628fc38-3904-4c19-8771-60d12cb553fd,clear,8351568109
6609,clear,clear,2628fc38-3904-4c19-8771-60d12cb553fd,zhang,4796228876
6610,korhonen,korhonen,2628fc38-3904-4c19-8771-60d12cb553fd,fmgoat,4633306112
6611,zhang,zhang,3bc0a006-0d3d-4496-b559-7239fa4d7689,fmgoat,4633306112
6612,clear,clear,3bc0a006-0d3d-4496-b559-7239fa4d7689,fmgoat,4598385226
6613,clear,clear,3bc0a006-0d3d-4496-b559-7239fa4d7689,korhonen,4842717407
6614,good,bad,3bc0a006-0d3d-4496-b559-7239fa4d7689,good,v6
6615,korhonen,zhang,3bc0a006-0d3d-4496-b559-7239fa4d7689,korhonen,8348001072
6616,fmgoat,fmgoat,3bc0a006-0d3d-4496-b559-7239fa4d7689,stadv,8351568109
6617,good,bad,3bc0a006-0d3d-4496-b559-7239fa4d7689,good,v5
6618,zhang,zhang,3bc0a006-0d3d-4496-b559-7239fa4d7689,fmgoat,5130906829
6619,fmgoat,stadv,3bc0a006-0d3d-4496-b559-7239fa4d7689,fmgoat,8597381500
6620,fmgoat,zhang,3bc0a006-0d3d-4496-b559-7239fa4d7689,fmgoat,9463363154
6621,zhang,zhang,3bc0a006-0d3d-4496-b559-7239fa4d7689,fmgoat,9214795039
6622,fmgoat,korhonen,3bc0a006-0d3d-4496-b559-7239fa4d7689,fmgoat,5906203942
6623,clear,korhonen,3bc0a006-0d3d-4496-b559-7239fa4d7689,clear,9716988368
6624,good,bad,3bc0a006-0d3d-4496-b559-7239fa4d7689,good,v2
6625,clear,clear,3bc0a006-0d3d-4496-b559-7239fa4d7689,fmgoat,3309384812
6626,clear,fmgoat,3bc0a006-0d3d-4496-b559-7239fa4d7689,clear,4107566763
6627,korhonen,clear,3bc0a006-0d3d-4496-b559-7239fa4d7689,korhonen,4796228876
6628,fmgoat,fmgoat,a186f660-6fe5-4166-9c4c-64eac1be4845,zhang,2909358760
6629,korhonen,zhang,a186f660-6fe5-4166-9c4c-64eac1be4845,korhonen,7160553409
6630,clear,clear,a186f660-6fe5-4166-9c4c-64eac1be4845,korhonen,9469622762
6631,korhonen,stadv,a186f660-6fe5-4166-9c4c-64eac1be4845,korhonen,2580252988
6632,clear,stadv,a186f660-6fe5-4166-9c4c-64eac1be4845,clear,8348001072
6633,fmgoat,fmgoat,a186f660-6fe5-4166-9c4c-64eac1be4845,stadv,4519546786
6634,clear,fmgoat,a186f660-6fe5-4166-9c4c-64eac1be4845,clear,4633306112
6635,good,good,a186f660-6fe5-4166-9c4c-64eac1be4845,bad,v3
6636,clear,clear,a186f660-6fe5-4166-9c4c-64eac1be4845,zhang,8179375247
6637,fmgoat,stadv,a186f660-6fe5-4166-9c4c-64eac1be4845,fmgoat,6285601097
6638,korhonen,korhonen,a186f660-6fe5-4166-9c4c-64eac1be4845,clear,4424481742
6639,clear,fmgoat,a186f660-6fe5-4166-9c4c-64eac1be4845,clear,3309384812
6640,good,good,a186f660-6fe5-4166-9c4c-64eac1be4845,bad,v4
6641,fmgoat,fmgoat,a186f660-6fe5-4166-9c4c-64eac1be4845,korhonen,3567613299
6642,zhang,zhang,a186f660-6fe5-4166-9c4c-64eac1be4845,stadv,8351568109
6643,good,bad,a186f660-6fe5-4166-9c4c-64eac1be4845,good,v2
6644,korhonen,stadv,a186f660-6fe5-4166-9c4c-64eac1be4845,korhonen,9716988368
6645,fmgoat,stadv,a186f660-6fe5-4166-9c4c-64eac1be4845,fmgoat,4842717407
6646,zhang,zhang,a186f660-6fe5-4166-9c4c-64eac1be4845,stadv,4598385226
6647,zhang,stadv,a186f660-6fe5-4166-9c4c-64eac1be4845,zhang,9214795039
6648,fmgoat,fmgoat,a186f660-6fe5-4166-9c4c-64eac1be4845,stadv,5130906829
6649,clear,fmgoat,a186f660-6fe5-4166-9c4c-64eac1be4845,clear,4107566763
6650,clear,zhang,1b2c5fbb-9a21-47b6-80ed-7ba65bbf9462,clear,4633306112
6651,korhonen,korhonen,1b2c5fbb-9a21-47b6-80ed-7ba65bbf9462,fmgoat,5130906829
6652,korhonen,stadv,1b2c5fbb-9a21-47b6-80ed-7ba65bbf9462,korhonen,4842717407
6653,good,bad,1b2c5fbb-9a21-47b6-80ed-7ba65bbf9462,good,v4
6654,fmgoat,clear,1b2c5fbb-9a21-47b6-80ed-7ba65bbf9462,fmgoat,6027104916
6655,korhonen,korhonen,1b2c5fbb-9a21-47b6-80ed-7ba65bbf9462,zhang,8179375247
6656,good,good,1b2c5fbb-9a21-47b6-80ed-7ba65bbf9462,bad,v6
6657,clear,stadv,1b2c5fbb-9a21-47b6-80ed-7ba65bbf9462,clear,8348001072
6658,korhonen,stadv,1b2c5fbb-9a21-47b6-80ed-7ba65bbf9462,korhonen,2580252988
6659,fmgoat,korhonen,1b2c5fbb-9a21-47b6-80ed-7ba65bbf9462,fmgoat,9463363154
6660,clear,clear,1b2c5fbb-9a21-47b6-80ed-7ba65bbf9462,stadv,2909358760
6661,clear,clear,1b2c5fbb-9a21-47b6-80ed-7ba65bbf9462,zhang,4107566763
6662,korhonen,stadv,1b2c5fbb-9a21-47b6-80ed-7ba65bbf9462,korhonen,8351568109
6663,clear,korhonen,1b2c5fbb-9a21-47b6-80ed-7ba65bbf9462,clear,6077930890
6664,good,good,1b2c5fbb-9a21-47b6-80ed-7ba65bbf9462,bad,v2
6665,korhonen,stadv,1b2c5fbb-9a21-47b6-80ed-7ba65bbf9462,korhonen,4424481742
6666,good,bad,25ba09c3-b25e-4ac3-ae52-ac4218683a54,good,v3
6667,clear,clear,25ba09c3-b25e-4ac3-ae52-ac4218683a54,korhonen,7160553409
6668,clear,clear,25ba09c3-b25e-4ac3-ae52-ac4218683a54,stadv,4796228876
6669,korhonen,korhonen,25ba09c3-b25e-4ac3-ae52-ac4218683a54,zhang,8597381500
6670,good,bad,25ba09c3-b25e-4ac3-ae52-ac4218683a54,good,v1
6671,clear,korhonen,25ba09c3-b25e-4ac3-ae52-ac4218683a54,clear,6285601097
6672,stadv,stadv,25ba09c3-b25e-4ac3-ae52-ac4218683a54,zhang,4519546786
6673,korhonen,korhonen,25ba09c3-b25e-4ac3-ae52-ac4218683a54,zhang,4842717407
6674,clear,korhonen,25ba09c3-b25e-4ac3-ae52-ac4218683a54,clear,8351568109
6675,korhonen,korhonen,25ba09c3-b25e-4ac3-ae52-ac4218683a54,zhang,9469622762
6676,fmgoat,stadv,25ba09c3-b25e-4ac3-ae52-ac4218683a54,fmgoat,4107566763
6677,good,good,25ba09c3-b25e-4ac3-ae52-ac4218683a54,bad,v5
6678,korhonen,korhonen,25ba09c3-b25e-4ac3-ae52-ac4218683a54,zhang,2909358760
6679,stadv,stadv,25ba09c3-b25e-4ac3-ae52-ac4218683a54,zhang,6027104916
6680,,zhang,25ba09c3-b25e-4ac3-ae52-ac4218683a54,korhonen,2580252988
6681,ifgsm,ifgsm,494ebf76-b324-48dd-a3e1-57586b72ade7,stadv,9469622762
6682,fmgoat,fmgoat,494ebf76-b324-48dd-a3e1-57586b72ade7,ifgsm,6077930890
6683,clear,fmgoat,494ebf76-b324-48dd-a3e1-57586b72ade7,clear,2612353606
6684,zhang,zhang,494ebf76-b324-48dd-a3e1-57586b72ade7,clear,6995068299
6685,zhang,ifgsm,494ebf76-b324-48dd-a3e1-57586b72ade7,zhang,3309384812
6686,korhonen,ifgsm,494ebf76-b324-48dd-a3e1-57586b72ade7,korhonen,8179375247
6687,ifgsm,stadv,494ebf76-b324-48dd-a3e1-57586b72ade7,ifgsm,3567613299
6688,ifgsm,stadv,494ebf76-b324-48dd-a3e1-57586b72ade7,ifgsm,8351568109
6689,ifgsm,ifgsm,494ebf76-b324-48dd-a3e1-57586b72ade7,clear,5906203942
6690,zhang,ifgsm,494ebf76-b324-48dd-a3e1-57586b72ade7,zhang,4598385226
6691,korhonen,korhonen,494ebf76-b324-48dd-a3e1-57586b72ade7,ifgsm,4424481742
6692,good,bad,494ebf76-b324-48dd-a3e1-57586b72ade7,good,v7
6693,ifgsm,stadv,494ebf76-b324-48dd-a3e1-57586b72ade7,ifgsm,2909358760
6694,clear,clear,494ebf76-b324-48dd-a3e1-57586b72ade7,zhang,10880314705
6695,good,bad,494ebf76-b324-48dd-a3e1-57586b72ade7,good,v5
6696,ifgsm,korhonen,494ebf76-b324-48dd-a3e1-57586b72ade7,ifgsm,9463363154
6697,zhang,zhang,494ebf76-b324-48dd-a3e1-57586b72ade7,ifgsm,9716988368
6698,ifgsm,clear,494ebf76-b324-48dd-a3e1-57586b72ade7,ifgsm,2640025600
6699,ifgsm,ifgsm,494ebf76-b324-48dd-a3e1-57586b72ade7,fmgoat,4633306112
6700,ifgsm,stadv,494ebf76-b324-48dd-a3e1-57586b72ade7,ifgsm,9214795039
6701,ifgsm,fmgoat,494ebf76-b324-48dd-a3e1-57586b72ade7,ifgsm,2580252988
6702,ifgsm,korhonen,494ebf76-b324-48dd-a3e1-57586b72ade7,ifgsm,6027104916
6703,clear,clear,494ebf76-b324-48dd-a3e1-57586b72ade7,fmgoat,5494503911
6704,zhang,ifgsm,494ebf76-b324-48dd-a3e1-57586b72ade7,zhang,4796228876
6705,good,good,494ebf76-b324-48dd-a3e1-57586b72ade7,bad,v7
6706,korhonen,ifgsm,94283ede-7cbd-4028-9e7d-283e890422c7,korhonen,7160553409
6707,clear,ifgsm,94283ede-7cbd-4028-9e7d-283e890422c7,clear,9469622762
6708,zhang,zhang,94283ede-7cbd-4028-9e7d-283e890422c7,ifgsm,9716988368
6709,good,good,94283ede-7cbd-4028-9e7d-283e890422c7,bad,v1
6710,korhonen,ifgsm,94283ede-7cbd-4028-9e7d-283e890422c7,korhonen,4796228876
6711,clear,ifgsm,94283ede-7cbd-4028-9e7d-283e890422c7,clear,6285601097
6712,clear,ifgsm,94283ede-7cbd-4028-9e7d-283e890422c7,clear,6027104916
6713,clear,clear,94283ede-7cbd-4028-9e7d-283e890422c7,ifgsm,9214795039
6714,clear,clear,94283ede-7cbd-4028-9e7d-283e890422c7,ifgsm,4107566763
6715,fmgoat,fmgoat,94283ede-7cbd-4028-9e7d-283e890422c7,ifgsm,2612353606
6716,ifgsm,ifgsm,94283ede-7cbd-4028-9e7d-283e890422c7,stadv,8351568109
6717,ifgsm,ifgsm,94283ede-7cbd-4028-9e7d-283e890422c7,fmgoat,8597381500
6718,fmgoat,korhonen,94283ede-7cbd-4028-9e7d-283e890422c7,fmgoat,5494503911
6719,ifgsm,stadv,94283ede-7cbd-4028-9e7d-283e890422c7,ifgsm,4633306112
6720,clear,clear,94283ede-7cbd-4028-9e7d-283e890422c7,ifgsm,8179375247
6721,ifgsm,ifgsm,94283ede-7cbd-4028-9e7d-283e890422c7,stadv,6077930890
6722,zhang,ifgsm,94283ede-7cbd-4028-9e7d-283e890422c7,zhang,5130906829
6723,clear,clear,94283ede-7cbd-4028-9e7d-283e890422c7,stadv,10880314705
6724,clear,clear,94283ede-7cbd-4028-9e7d-283e890422c7,ifgsm,4424481742
6725,good,bad,94283ede-7cbd-4028-9e7d-283e890422c7,good,v4
6726,korhonen,ifgsm,94283ede-7cbd-4028-9e7d-283e890422c7,korhonen,2640025600
6727,zhang,zhang,94283ede-7cbd-4028-9e7d-283e890422c7,ifgsm,2909358760
6728,clear,zhang,94283ede-7cbd-4028-9e7d-283e890422c7,clear,6995068299
6729,good,bad,94283ede-7cbd-4028-9e7d-283e890422c7,good,v5
6730,zhang,zhang,94283ede-7cbd-4028-9e7d-283e890422c7,ifgsm,3309384812
6731,korhonen,ifgsm,8d0c9341-443b-4b42-8614-1247b471e91a,korhonen,8179375247
6732,ifgsm,ifgsm,8d0c9341-443b-4b42-8614-1247b471e91a,zhang,5130906829
6733,good,good,8d0c9341-443b-4b42-8614-1247b471e91a,bad,v6
6734,korhonen,korhonen,8d0c9341-443b-4b42-8614-1247b471e91a,clear,6995068299
6735,clear,ifgsm,8d0c9341-443b-4b42-8614-1247b471e91a,clear,9214795039
6736,ifgsm,stadv,8d0c9341-443b-4b42-8614-1247b471e91a,ifgsm,9716988368
6737,good,good,8d0c9341-443b-4b42-8614-1247b471e91a,bad,v2
6738,zhang,zhang,8d0c9341-443b-4b42-8614-1247b471e91a,ifgsm,4107566763
6739,clear,clear,8d0c9341-443b-4b42-8614-1247b471e91a,ifgsm,6285601097
6740,clear,clear,8d0c9341-443b-4b42-8614-1247b471e91a,korhonen,2640025600
6741,stadv,stadv,8d0c9341-443b-4b42-8614-1247b471e91a,ifgsm,2612353606
6742,ifgsm,zhang,8d0c9341-443b-4b42-8614-1247b471e91a,ifgsm,8348001072
6743,zhang,ifgsm,8d0c9341-443b-4b42-8614-1247b471e91a,zhang,3309384812
6744,zhang,ifgsm,8d0c9341-443b-4b42-8614-1247b471e91a,zhang,4598385226
6745,clear,clear,8d0c9341-443b-4b42-8614-1247b471e91a,ifgsm,4842717407
6746,korhonen,ifgsm,8d0c9341-443b-4b42-8614-1247b471e91a,korhonen,4633306112
6747,ifgsm,fmgoat,8d0c9341-443b-4b42-8614-1247b471e91a,ifgsm,8597381500
6748,ifgsm,ifgsm,8d0c9341-443b-4b42-8614-1247b471e91a,stadv,7160553409
6749,clear,ifgsm,8d0c9341-443b-4b42-8614-1247b471e91a,clear,4424481742
6750,zhang,stadv,8d0c9341-443b-4b42-8614-1247b471e91a,zhang,10880314705
6751,good,good,8d0c9341-443b-4b42-8614-1247b471e91a,bad,v1
6752,ifgsm,ifgsm,8d0c9341-443b-4b42-8614-1247b471e91a,stadv,5906203942
6753,ifgsm,ifgsm,8d0c9341-443b-4b42-8614-1247b471e91a,korhonen,5494503911
6754,zhang,zhang,8d0c9341-443b-4b42-8614-1247b471e91a,ifgsm,8351568109
6755,fmgoat,ifgsm,8d0c9341-443b-4b42-8614-1247b471e91a,fmgoat,4796228876
6756,korhonen,stadv,2f9d4b7d-5507-4c44-a2c4-475408ec37ec,korhonen,6995068299
6757,clear,ifgsm,2f9d4b7d-5507-4c44-a2c4-475408ec37ec,clear,4424481742
6758,good,bad,2f9d4b7d-5507-4c44-a2c4-475408ec37ec,good,v6
6759,korhonen,korhonen,2f9d4b7d-5507-4c44-a2c4-475408ec37ec,ifgsm,4842717407
6760,zhang,ifgsm,2f9d4b7d-5507-4c44-a2c4-475408ec37ec,zhang,6285601097
6761,good,bad,2f9d4b7d-5507-4c44-a2c4-475408ec37ec,good,v1
6762,ifgsm,ifgsm,2f9d4b7d-5507-4c44-a2c4-475408ec37ec,stadv,9214795039
6763,zhang,zhang,2f9d4b7d-5507-4c44-a2c4-475408ec37ec,ifgsm,2909358760
6764,ifgsm,ifgsm,2f9d4b7d-5507-4c44-a2c4-475408ec37ec,fmgoat,6027104916
6765,clear,clear,2f9d4b7d-5507-4c44-a2c4-475408ec37ec,stadv,2640025600
6766,ifgsm,ifgsm,2f9d4b7d-5507-4c44-a2c4-475408ec37ec,fmgoat,7160553409
6767,korhonen,ifgsm,2f9d4b7d-5507-4c44-a2c4-475408ec37ec,korhonen,6077930890
6768,clear,clear,2f9d4b7d-5507-4c44-a2c4-475408ec37ec,ifgsm,9469622762
6769,ifgsm,ifgsm,2f9d4b7d-5507-4c44-a2c4-475408ec37ec,fmgoat,8351568109
6770,korhonen,ifgsm,2f9d4b7d-5507-4c44-a2c4-475408ec37ec,korhonen,8348001072
6771,ifgsm,stadv,2f9d4b7d-5507-4c44-a2c4-475408ec37ec,ifgsm,10880314705
6772,ifgsm,ifgsm,2f9d4b7d-5507-4c44-a2c4-475408ec37ec,fmgoat,8179375247
6773,korhonen,korhonen,2f9d4b7d-5507-4c44-a2c4-475408ec37ec,fmgoat,5494503911
6774,clear,clear,2f9d4b7d-5507-4c44-a2c4-475408ec37ec,ifgsm,8597381500
6775,clear,ifgsm,2f9d4b7d-5507-4c44-a2c4-475408ec37ec,clear,3567613299
6776,ifgsm,ifgsm,2f9d4b7d-5507-4c44-a2c4-475408ec37ec,stadv,4633306112
6777,fmgoat,ifgsm,2f9d4b7d-5507-4c44-a2c4-475408ec37ec,fmgoat,4598385226
6778,clear,ifgsm,2f9d4b7d-5507-4c44-a2c4-475408ec37ec,clear,9463363154
6779,good,bad,2f9d4b7d-5507-4c44-a2c4-475408ec37ec,good,v4
6780,ifgsm,ifgsm,2f9d4b7d-5507-4c44-a2c4-475408ec37ec,stadv,2580252988
6781,,korhonen,a54e7157-b3a8-460e-8988-1e64d09250ad,ifgsm,5906203942
6782,zhang,ifgsm,a54e7157-b3a8-460e-8988-1e64d09250ad,zhang,4424481742
6783,stadv,ifgsm,a54e7157-b3a8-460e-8988-1e64d09250ad,stadv,6077930890
6784,fmgoat,fmgoat,a54e7157-b3a8-460e-8988-1e64d09250ad,stadv,2612353606
6785,clear,ifgsm,a54e7157-b3a8-460e-8988-1e64d09250ad,clear,4842717407
6786,zhang,ifgsm,a54e7157-b3a8-460e-8988-1e64d09250ad,zhang,8351568109
6787,zhang,ifgsm,a54e7157-b3a8-460e-8988-1e64d09250ad,zhang,3309384812
6788,ifgsm,ifgsm,a54e7157-b3a8-460e-8988-1e64d09250ad,stadv,4519546786
6789,stadv,ifgsm,a54e7157-b3a8-460e-8988-1e64d09250ad,stadv,9716988368
6790,stadv,stadv,a54e7157-b3a8-460e-8988-1e64d09250ad,ifgsm,8348001072
6791,korhonen,ifgsm,a54e7157-b3a8-460e-8988-1e64d09250ad,korhonen,9469622762
6792,korhonen,ifgsm,a54e7157-b3a8-460e-8988-1e64d09250ad,korhonen,8179375247
6793,fmgoat,ifgsm,a54e7157-b3a8-460e-8988-1e64d09250ad,fmgoat,4796228876
6794,clear,clear,a54e7157-b3a8-460e-8988-1e64d09250ad,ifgsm,5130906829
6795,,ifgsm,a54e7157-b3a8-460e-8988-1e64d09250ad,stadv,9214795039
6796,clear,clear,a54e7157-b3a8-460e-8988-1e64d09250ad,ifgsm,7160553409
6797,clear,clear,a54e7157-b3a8-460e-8988-1e64d09250ad,ifgsm,6285601097
6798,good,bad,a54e7157-b3a8-460e-8988-1e64d09250ad,good,v5
6799,good,good,a54e7157-b3a8-460e-8988-1e64d09250ad,bad,v1
6800,clear,fmgoat,a54e7157-b3a8-460e-8988-1e64d09250ad,clear,2640025600
6801,ifgsm,stadv,a54e7157-b3a8-460e-8988-1e64d09250ad,ifgsm,10880314705
6802,good,bad,a54e7157-b3a8-460e-8988-1e64d09250ad,good,v4
6803,clear,korhonen,a54e7157-b3a8-460e-8988-1e64d09250ad,clear,5494503911
6804,stadv,stadv,a54e7157-b3a8-460e-8988-1e64d09250ad,zhang,6995068299
6805,ifgsm,stadv,a54e7157-b3a8-460e-8988-1e64d09250ad,ifgsm,4633306112
6806,good,bad,1a020841-d295-460a-a07f-111180094d53,good,v5
6807,ifgsm,ifgsm,1a020841-d295-460a-a07f-111180094d53,stadv,8179375247
6808,zhang,zhang,1a020841-d295-460a-a07f-111180094d53,stadv,2640025600
6809,korhonen,ifgsm,1a020841-d295-460a-a07f-111180094d53,korhonen,8351568109
6810,zhang,zhang,1a020841-d295-460a-a07f-111180094d53,ifgsm,6285601097
6811,clear,clear,1a020841-d295-460a-a07f-111180094d53,ifgsm,9716988368
6812,clear,clear,1a020841-d295-460a-a07f-111180094d53,ifgsm,9463363154
6813,ifgsm,fmgoat,1a020841-d295-460a-a07f-111180094d53,ifgsm,4842717407
6814,ifgsm,stadv,1a020841-d295-460a-a07f-111180094d53,ifgsm,4424481742
6815,ifgsm,ifgsm,1a020841-d295-460a-a07f-111180094d53,fmgoat,9469622762
6816,zhang,ifgsm,1a020841-d295-460a-a07f-111180094d53,zhang,4107566763
6817,ifgsm,stadv,1a020841-d295-460a-a07f-111180094d53,ifgsm,8348001072
6818,clear,clear,1a020841-d295-460a-a07f-111180094d53,ifgsm,2909358760
6819,ifgsm,ifgsm,1a020841-d295-460a-a07f-111180094d53,stadv,10880314705
6820,clear,clear,1a020841-d295-460a-a07f-111180094d53,ifgsm,2580252988
6821,ifgsm,stadv,1a020841-d295-460a-a07f-111180094d53,ifgsm,3567613299
6822,good,bad,1a020841-d295-460a-a07f-111180094d53,good,v3
6823,korhonen,ifgsm,1a020841-d295-460a-a07f-111180094d53,korhonen,2612353606
6824,ifgsm,ifgsm,1a020841-d295-460a-a07f-111180094d53,fmgoat,9214795039
6825,ifgsm,ifgsm,1a020841-d295-460a-a07f-111180094d53,stadv,6027104916
6826,clear,clear,1a020841-d295-460a-a07f-111180094d53,stadv,6995068299
6827,zhang,ifgsm,1a020841-d295-460a-a07f-111180094d53,zhang,4633306112
6828,good,good,1a020841-d295-460a-a07f-111180094d53,bad,v6
6829,clear,clear,1a020841-d295-460a-a07f-111180094d53,ifgsm,3309384812
6830,korhonen,ifgsm,1a020841-d295-460a-a07f-111180094d53,korhonen,7160553409
6831,good,bad,00490c75-6641-4a8e-9d3a-52a265d119c0,good,v5
6832,fmgoat,fmgoat,00490c75-6641-4a8e-9d3a-52a265d119c0,ifgsm,2909358760
6833,ifgsm,ifgsm,00490c75-6641-4a8e-9d3a-52a265d119c0,stadv,4796228876
6834,zhang,zhang,00490c75-6641-4a8e-9d3a-52a265d119c0,korhonen,6995068299
6835,fmgoat,fmgoat,00490c75-6641-4a8e-9d3a-52a265d119c0,korhonen,10880314705
6836,korhonen,korhonen,00490c75-6641-4a8e-9d3a-52a265d119c0,ifgsm,6285601097
6837,good,bad,00490c75-6641-4a8e-9d3a-52a265d119c0,good,v5
6838,fmgoat,fmgoat,00490c75-6641-4a8e-9d3a-52a265d119c0,ifgsm,4424481742
6839,good,good,00490c75-6641-4a8e-9d3a-52a265d119c0,bad,v3
6840,zhang,ifgsm,00490c75-6641-4a8e-9d3a-52a265d119c0,zhang,4598385226
6841,ifgsm,stadv,00490c75-6641-4a8e-9d3a-52a265d119c0,ifgsm,3309384812
6842,korhonen,korhonen,00490c75-6641-4a8e-9d3a-52a265d119c0,ifgsm,5130906829
6843,fmgoat,ifgsm,00490c75-6641-4a8e-9d3a-52a265d119c0,fmgoat,8179375247
6844,clear,ifgsm,00490c75-6641-4a8e-9d3a-52a265d119c0,clear,8348001072
6845,zhang,ifgsm,00490c75-6641-4a8e-9d3a-52a265d119c0,zhang,9716988368
6846,ifgsm,clear,00490c75-6641-4a8e-9d3a-52a265d119c0,ifgsm,4633306112
6847,ifgsm,stadv,00490c75-6641-4a8e-9d3a-52a265d119c0,ifgsm,9469622762
6848,ifgsm,korhonen,00490c75-6641-4a8e-9d3a-52a265d119c0,ifgsm,6077930890
6849,zhang,ifgsm,00490c75-6641-4a8e-9d3a-52a265d119c0,zhang,8351568109
6850,ifgsm,fmgoat,00490c75-6641-4a8e-9d3a-52a265d119c0,ifgsm,8597381500
6851,ifgsm,fmgoat,00490c75-6641-4a8e-9d3a-52a265d119c0,ifgsm,4842717407
6852,zhang,ifgsm,00490c75-6641-4a8e-9d3a-52a265d119c0,zhang,6027104916
6853,fmgoat,fmgoat,00490c75-6641-4a8e-9d3a-52a265d119c0,ifgsm,5494503911
6854,clear,clear,00490c75-6641-4a8e-9d3a-52a265d119c0,ifgsm,7160553409
6855,zhang,zhang,00490c75-6641-4a8e-9d3a-52a265d119c0,stadv,2640025600
6856,clear,korhonen,4c8b173c-16b0-46e8-9387-b5cb55aaffd4,clear,10880314705
6857,good,good,4c8b173c-16b0-46e8-9387-b5cb55aaffd4,bad,v6
6858,clear,clear,4c8b173c-16b0-46e8-9387-b5cb55aaffd4,ifgsm,8179375247
6859,good,good,4c8b173c-16b0-46e8-9387-b5cb55aaffd4,bad,v6
6860,korhonen,korhonen,4c8b173c-16b0-46e8-9387-b5cb55aaffd4,ifgsm,2580252988
6861,ifgsm,ifgsm,4c8b173c-16b0-46e8-9387-b5cb55aaffd4,stadv,9469622762
6862,korhonen,korhonen,4c8b173c-16b0-46e8-9387-b5cb55aaffd4,ifgsm,6027104916
6863,fmgoat,fmgoat,4c8b173c-16b0-46e8-9387-b5cb55aaffd4,korhonen,2612353606
6864,fmgoat,fmgoat,4c8b173c-16b0-46e8-9387-b5cb55aaffd4,ifgsm,9214795039
6865,ifgsm,stadv,4c8b173c-16b0-46e8-9387-b5cb55aaffd4,ifgsm,8597381500
6866,fmgoat,fmgoat,4c8b173c-16b0-46e8-9387-b5cb55aaffd4,korhonen,2640025600
6867,ifgsm,ifgsm,4c8b173c-16b0-46e8-9387-b5cb55aaffd4,fmgoat,5130906829
6868,korhonen,korhonen,4c8b173c-16b0-46e8-9387-b5cb55aaffd4,fmgoat,5494503911
6869,korhonen,ifgsm,4c8b173c-16b0-46e8-9387-b5cb55aaffd4,korhonen,6077930890
6870,fmgoat,ifgsm,4c8b173c-16b0-46e8-9387-b5cb55aaffd4,fmgoat,4519546786
6871,clear,clear,4c8b173c-16b0-46e8-9387-b5cb55aaffd4,ifgsm,3309384812
6872,korhonen,korhonen,4c8b173c-16b0-46e8-9387-b5cb55aaffd4,ifgsm,8348001072
6873,ifgsm,ifgsm,4c8b173c-16b0-46e8-9387-b5cb55aaffd4,stadv,9463363154
6874,zhang,zhang,4c8b173c-16b0-46e8-9387-b5cb55aaffd4,ifgsm,8351568109
6875,korhonen,korhonen,4c8b173c-16b0-46e8-9387-b5cb55aaffd4,ifgsm,4107566763
6876,ifgsm,ifgsm,4c8b173c-16b0-46e8-9387-b5cb55aaffd4,stadv,7160553409
6877,good,good,4c8b173c-16b0-46e8-9387-b5cb55aaffd4,bad,v6
6878,ifgsm,ifgsm,4c8b173c-16b0-46e8-9387-b5cb55aaffd4,zhang,4796228876
6879,korhonen,ifgsm,4c8b173c-16b0-46e8-9387-b5cb55aaffd4,korhonen,5906203942
6880,clear,ifgsm,4c8b173c-16b0-46e8-9387-b5cb55aaffd4,clear,2909358760
6881,korhonen,korhonen,a86d9e21-5402-4a17-acd4-c352193ad3ee,ifgsm,9463363154
6882,zhang,zhang,a86d9e21-5402-4a17-acd4-c352193ad3ee,ifgsm,5494503911
6883,clear,korhonen,a86d9e21-5402-4a17-acd4-c352193ad3ee,clear,2640025600
6884,clear,clear,a86d9e21-5402-4a17-acd4-c352193ad3ee,ifgsm,4633306112
6885,ifgsm,ifgsm,a86d9e21-5402-4a17-acd4-c352193ad3ee,fmgoat,9214795039
6886,good,good,a86d9e21-5402-4a17-acd4-c352193ad3ee,bad,v1
6887,korhonen,korhonen,a86d9e21-5402-4a17-acd4-c352193ad3ee,ifgsm,3567613299
6888,korhonen,ifgsm,a86d9e21-5402-4a17-acd4-c352193ad3ee,korhonen,9469622762
6889,ifgsm,ifgsm,a86d9e21-5402-4a17-acd4-c352193ad3ee,stadv,4796228876
6890,korhonen,ifgsm,a86d9e21-5402-4a17-acd4-c352193ad3ee,korhonen,9716988368
6891,korhonen,korhonen,a86d9e21-5402-4a17-acd4-c352193ad3ee,stadv,2612353606
6892,ifgsm,fmgoat,a86d9e21-5402-4a17-acd4-c352193ad3ee,ifgsm,2580252988
6893,fmgoat,ifgsm,a86d9e21-5402-4a17-acd4-c352193ad3ee,fmgoat,8348001072
6894,zhang,ifgsm,a86d9e21-5402-4a17-acd4-c352193ad3ee,zhang,8597381500
6895,good,good,a86d9e21-5402-4a17-acd4-c352193ad3ee,bad,v4
6896,ifgsm,fmgoat,a86d9e21-5402-4a17-acd4-c352193ad3ee,ifgsm,4842717407
6897,ifgsm,fmgoat,a86d9e21-5402-4a17-acd4-c352193ad3ee,ifgsm,4107566763
6898,ifgsm,stadv,a86d9e21-5402-4a17-acd4-c352193ad3ee,ifgsm,7160553409
6899,fmgoat,fmgoat,a86d9e21-5402-4a17-acd4-c352193ad3ee,ifgsm,10880314705
6900,good,good,a86d9e21-5402-4a17-acd4-c352193ad3ee,bad,v3
6901,korhonen,ifgsm,a86d9e21-5402-4a17-acd4-c352193ad3ee,korhonen,3309384812
6902,korhonen,korhonen,a86d9e21-5402-4a17-acd4-c352193ad3ee,ifgsm,6995068299
6903,fmgoat,fmgoat,a86d9e21-5402-4a17-acd4-c352193ad3ee,ifgsm,4424481742
6904,clear,clear,a86d9e21-5402-4a17-acd4-c352193ad3ee,ifgsm,8179375247
6905,ifgsm,zhang,a86d9e21-5402-4a17-acd4-c352193ad3ee,ifgsm,5130906829
6906,,ifgsm,4dc69045-4199-4c12-af3a-f08ce03b426a,korhonen,6027104916
6907,,ifgsm,4dc69045-4199-4c12-af3a-f08ce03b426a,korhonen,8597381500
6908,stadv,fmgoat,4dc69045-4199-4c12-af3a-f08ce03b426a,stadv,2640025600
6909,korhonen,korhonen,4dc69045-4199-4c12-af3a-f08ce03b426a,ifgsm,3567613299
6910,good,bad,4dc69045-4199-4c12-af3a-f08ce03b426a,good,v4
6911,ifgsm,ifgsm,4dc69045-4199-4c12-af3a-f08ce03b426a,stadv,4519546786
6912,korhonen,ifgsm,4dc69045-4199-4c12-af3a-f08ce03b426a,korhonen,6285601097
6913,good,bad,4dc69045-4199-4c12-af3a-f08ce03b426a,good,v1
6914,ifgsm,stadv,4dc69045-4199-4c12-af3a-f08ce03b426a,ifgsm,3309384812
6915,ifgsm,stadv,4dc69045-4199-4c12-af3a-f08ce03b426a,ifgsm,8179375247
6916,ifgsm,ifgsm,4dc69045-4199-4c12-af3a-f08ce03b426a,stadv,4842717407
6917,ifgsm,stadv,4dc69045-4199-4c12-af3a-f08ce03b426a,ifgsm,8351568109
6918,clear,ifgsm,4dc69045-4199-4c12-af3a-f08ce03b426a,clear,4424481742
6919,zhang,zhang,4dc69045-4199-4c12-af3a-f08ce03b426a,ifgsm,4107566763
6920,ifgsm,stadv,4dc69045-4199-4c12-af3a-f08ce03b426a,ifgsm,2909358760
6921,good,bad,4dc69045-4199-4c12-af3a-f08ce03b426a,good,v7
6922,clear,clear,4dc69045-4199-4c12-af3a-f08ce03b426a,ifgsm,4633306112
6923,ifgsm,stadv,4dc69045-4199-4c12-af3a-f08ce03b426a,ifgsm,8348001072
6924,stadv,ifgsm,4dc69045-4199-4c12-af3a-f08ce03b426a,stadv,4598385226
6925,clear,ifgsm,4dc69045-4199-4c12-af3a-f08ce03b426a,clear,6077930890
6926,fmgoat,fmgoat,4dc69045-4199-4c12-af3a-f08ce03b426a,ifgsm,2612353606
6927,,clear,4dc69045-4199-4c12-af3a-f08ce03b426a,ifgsm,5494503911
6928,korhonen,stadv,4dc69045-4199-4c12-af3a-f08ce03b426a,korhonen,10880314705
6929,ifgsm,ifgsm,4dc69045-4199-4c12-af3a-f08ce03b426a,stadv,5906203942
6930,clear,stadv,4dc69045-4199-4c12-af3a-f08ce03b426a,clear,6995068299
6931,good,good,ae1e3997-a505-45b2-8c5a-01beace30ed7,bad,v2
6932,ifgsm,ifgsm,ae1e3997-a505-45b2-8c5a-01beace30ed7,fmgoat,6027104916
6933,clear,ifgsm,ae1e3997-a505-45b2-8c5a-01beace30ed7,clear,4796228876
6934,korhonen,ifgsm,ae1e3997-a505-45b2-8c5a-01beace30ed7,korhonen,6285601097
6935,korhonen,ifgsm,ae1e3997-a505-45b2-8c5a-01beace30ed7,korhonen,2909358760
6936,fmgoat,ifgsm,ae1e3997-a505-45b2-8c5a-01beace30ed7,fmgoat,8348001072
6937,zhang,zhang,ae1e3997-a505-45b2-8c5a-01beace30ed7,ifgsm,3567613299
6938,ifgsm,ifgsm,ae1e3997-a505-45b2-8c5a-01beace30ed7,stadv,9716988368
6939,clear,zhang,ae1e3997-a505-45b2-8c5a-01beace30ed7,clear,2640025600
6940,fmgoat,fmgoat,ae1e3997-a505-45b2-8c5a-01beace30ed7,zhang,6995068299
6941,fmgoat,ifgsm,ae1e3997-a505-45b2-8c5a-01beace30ed7,fmgoat,8179375247
6942,korhonen,korhonen,ae1e3997-a505-45b2-8c5a-01beace30ed7,ifgsm,5130906829
6943,korhonen,ifgsm,ae1e3997-a505-45b2-8c5a-01beace30ed7,korhonen,5906203942
6944,zhang,ifgsm,ae1e3997-a505-45b2-8c5a-01beace30ed7,zhang,4842717407
6945,clear,clear,ae1e3997-a505-45b2-8c5a-01beace30ed7,ifgsm,10880314705
6946,stadv,stadv,ae1e3997-a505-45b2-8c5a-01beace30ed7,ifgsm,6077930890
6947,good,bad,ae1e3997-a505-45b2-8c5a-01beace30ed7,good,v4
6948,fmgoat,ifgsm,ae1e3997-a505-45b2-8c5a-01beace30ed7,fmgoat,2580252988
6949,clear,stadv,ae1e3997-a505-45b2-8c5a-01beace30ed7,clear,5494503911
6950,good,bad,ae1e3997-a505-45b2-8c5a-01beace30ed7,good,v2
6951,fmgoat,ifgsm,ae1e3997-a505-45b2-8c5a-01beace30ed7,fmgoat,7160553409
6952,korhonen,korhonen,ae1e3997-a505-45b2-8c5a-01beace30ed7,ifgsm,4519546786
6953,fmgoat,ifgsm,ae1e3997-a505-45b2-8c5a-01beace30ed7,fmgoat,2612353606
6954,ifgsm,stadv,ae1e3997-a505-45b2-8c5a-01beace30ed7,ifgsm,9214795039
6955,korhonen,ifgsm,ae1e3997-a505-45b2-8c5a-01beace30ed7,korhonen,8597381500
6956,,zhang,64fcd292-167a-497a-ad04-0e66eaea36a7,korhonen,10880314705
6957,good,bad,64fcd292-167a-497a-ad04-0e66eaea36a7,good,v1
6958,ifgsm,clear,64fcd292-167a-497a-ad04-0e66eaea36a7,ifgsm,9469622762
6959,clear,clear,64fcd292-167a-497a-ad04-0e66eaea36a7,ifgsm,6077930890
6960,korhonen,korhonen,64fcd292-167a-497a-ad04-0e66eaea36a7,ifgsm,8351568109
6961,ifgsm,stadv,64fcd292-167a-497a-ad04-0e66eaea36a7,ifgsm,4842717407
6962,clear,ifgsm,64fcd292-167a-497a-ad04-0e66eaea36a7,clear,3309384812
6963,ifgsm,ifgsm,64fcd292-167a-497a-ad04-0e66eaea36a7,stadv,5906203942
6964,zhang,zhang,64fcd292-167a-497a-ad04-0e66eaea36a7,ifgsm,4796228876
6965,fmgoat,ifgsm,64fcd292-167a-497a-ad04-0e66eaea36a7,fmgoat,5130906829
6966,korhonen,ifgsm,64fcd292-167a-497a-ad04-0e66eaea36a7,korhonen,8179375247
6967,fmgoat,fmgoat,64fcd292-167a-497a-ad04-0e66eaea36a7,ifgsm,4633306112
6968,korhonen,korhonen,64fcd292-167a-497a-ad04-0e66eaea36a7,ifgsm,2580252988
6969,good,good,64fcd292-167a-497a-ad04-0e66eaea36a7,bad,v5
6970,ifgsm,ifgsm,64fcd292-167a-497a-ad04-0e66eaea36a7,stadv,9463363154
6971,good,bad,64fcd292-167a-497a-ad04-0e66eaea36a7,good,v2
6972,fmgoat,fmgoat,64fcd292-167a-497a-ad04-0e66eaea36a7,clear,2612353606
6973,zhang,zhang,64fcd292-167a-497a-ad04-0e66eaea36a7,ifgsm,8597381500
6974,korhonen,ifgsm,64fcd292-167a-497a-ad04-0e66eaea36a7,korhonen,2640025600
6975,ifgsm,stadv,64fcd292-167a-497a-ad04-0e66eaea36a7,ifgsm,7160553409
6976,zhang,stadv,64fcd292-167a-497a-ad04-0e66eaea36a7,zhang,6995068299
6977,fmgoat,fmgoat,64fcd292-167a-497a-ad04-0e66eaea36a7,stadv,5494503911
6978,ifgsm,ifgsm,64fcd292-167a-497a-ad04-0e66eaea36a7,stadv,2909358760
6979,clear,ifgsm,64fcd292-167a-497a-ad04-0e66eaea36a7,clear,4598385226
6980,ifgsm,ifgsm,64fcd292-167a-497a-ad04-0e66eaea36a7,stadv,4519546786
6981,good,good,a5f24780-844d-41d6-823f-09c115f110c0,bad,v4
6982,korhonen,fmgoat,a5f24780-844d-41d6-823f-09c115f110c0,korhonen,5130906829
6983,zhang,zhang,a5f24780-844d-41d6-823f-09c115f110c0,stadv,6077930890
6984,fmgoat,korhonen,a5f24780-844d-41d6-823f-09c115f110c0,fmgoat,4519546786
6985,zhang,stadv,a5f24780-844d-41d6-823f-09c115f110c0,zhang,4107566763
6986,korhonen,korhonen,a5f24780-844d-41d6-823f-09c115f110c0,stadv,5906203942
6987,clear,clear,a5f24780-844d-41d6-823f-09c115f110c0,fmgoat,6285601097
6988,clear,clear,a5f24780-844d-41d6-823f-09c115f110c0,fmgoat,3567613299
6989,fmgoat,fmgoat,a5f24780-844d-41d6-823f-09c115f110c0,stadv,9716988368
6990,clear,clear,a5f24780-844d-41d6-823f-09c115f110c0,korhonen,8179375247
6991,clear,clear,a5f24780-844d-41d6-823f-09c115f110c0,stadv,3309384812
6992,clear,clear,a5f24780-844d-41d6-823f-09c115f110c0,fmgoat,9469622762
6993,clear,korhonen,a5f24780-844d-41d6-823f-09c115f110c0,clear,6027104916
6994,korhonen,stadv,a5f24780-844d-41d6-823f-09c115f110c0,korhonen,4633306112
6995,fmgoat,zhang,a5f24780-844d-41d6-823f-09c115f110c0,fmgoat,7160553409
6996,clear,clear,a5f24780-844d-41d6-823f-09c115f110c0,stadv,8351568109
6997,fmgoat,fmgoat,a5f24780-844d-41d6-823f-09c115f110c0,stadv,9463363154
6998,fmgoat,stadv,a5f24780-844d-41d6-823f-09c115f110c0,fmgoat,4796228876
6999,korhonen,fmgoat,a5f24780-844d-41d6-823f-09c115f110c0,korhonen,8597381500
7000,good,good,a5f24780-844d-41d6-823f-09c115f110c0,bad,v1
7001,good,bad,a5f24780-844d-41d6-823f-09c115f110c0,good,v5
7002,clear,fmgoat,a5f24780-844d-41d6-823f-09c115f110c0,clear,9214795039
7003,fmgoat,fmgoat,a5f24780-844d-41d6-823f-09c115f110c0,stadv,4598385226
7004,good,bad,215cc89a-2067-4fae-ba8b-e4dc9816e18c,good,v1
7005,clear,clear,215cc89a-2067-4fae-ba8b-e4dc9816e18c,korhonen,8597381500
7006,fmgoat,stadv,215cc89a-2067-4fae-ba8b-e4dc9816e18c,fmgoat,9214795039
7007,korhonen,zhang,215cc89a-2067-4fae-ba8b-e4dc9816e18c,korhonen,6285601097
7008,clear,stadv,215cc89a-2067-4fae-ba8b-e4dc9816e18c,clear,9469622762
7009,zhang,zhang,215cc89a-2067-4fae-ba8b-e4dc9816e18c,fmgoat,5130906829
7010,korhonen,fmgoat,215cc89a-2067-4fae-ba8b-e4dc9816e18c,korhonen,4633306112
7011,clear,zhang,215cc89a-2067-4fae-ba8b-e4dc9816e18c,clear,8351568109
7012,fmgoat,fmgoat,215cc89a-2067-4fae-ba8b-e4dc9816e18c,stadv,7160553409
7013,fmgoat,fmgoat,215cc89a-2067-4fae-ba8b-e4dc9816e18c,zhang,9716988368
7014,clear,clear,215cc89a-2067-4fae-ba8b-e4dc9816e18c,zhang,8179375247
7015,korhonen,korhonen,215cc89a-2067-4fae-ba8b-e4dc9816e18c,fmgoat,6077930890
7016,good,bad,215cc89a-2067-4fae-ba8b-e4dc9816e18c,good,v7
7017,good,bad,215cc89a-2067-4fae-ba8b-e4dc9816e18c,good,v2
7018,clear,clear,215cc89a-2067-4fae-ba8b-e4dc9816e18c,stadv,4424481742
7019,fmgoat,fmgoat,215cc89a-2067-4fae-ba8b-e4dc9816e18c,stadv,5906203942
7020,zhang,korhonen,215cc89a-2067-4fae-ba8b-e4dc9816e18c,zhang,3567613299
7021,clear,fmgoat,215cc89a-2067-4fae-ba8b-e4dc9816e18c,clear,2909358760
7022,korhonen,stadv,f91a8c74-e15c-472f-bab5-df60452e21e6,korhonen,8597381500
7023,clear,clear,f91a8c74-e15c-472f-bab5-df60452e21e6,korhonen,6285601097
7024,good,good,f91a8c74-e15c-472f-bab5-df60452e21e6,bad,v2
7025,zhang,stadv,f91a8c74-e15c-472f-bab5-df60452e21e6,zhang,4519546786
7026,good,bad,f91a8c74-e15c-472f-bab5-df60452e21e6,good,v3
7027,good,good,f91a8c74-e15c-472f-bab5-df60452e21e6,bad,v1
7028,zhang,stadv,f91a8c74-e15c-472f-bab5-df60452e21e6,zhang,2580252988
7029,clear,zhang,f91a8c74-e15c-472f-bab5-df60452e21e6,clear,5130906829
7030,clear,stadv,f91a8c74-e15c-472f-bab5-df60452e21e6,clear,4796228876
7031,clear,clear,f91a8c74-e15c-472f-bab5-df60452e21e6,korhonen,8351568109
7032,zhang,stadv,f91a8c74-e15c-472f-bab5-df60452e21e6,zhang,6027104916
7033,fmgoat,zhang,f91a8c74-e15c-472f-bab5-df60452e21e6,fmgoat,9463363154
7034,clear,zhang,f91a8c74-e15c-472f-bab5-df60452e21e6,clear,4424481742
7035,clear,korhonen,f91a8c74-e15c-472f-bab5-df60452e21e6,clear,7160553409
7036,clear,clear,f91a8c74-e15c-472f-bab5-df60452e21e6,korhonen,8348001072
7037,,zhang,f91a8c74-e15c-472f-bab5-df60452e21e6,korhonen,4842717407
7038,,zhang,1b988cf2-f3de-41bc-b17d-0b724108e1c6,korhonen,3567613299
7039,clear,stadv,1b988cf2-f3de-41bc-b17d-0b724108e1c6,clear,9469622762
7040,clear,stadv,1b988cf2-f3de-41bc-b17d-0b724108e1c6,clear,4424481742
7041,clear,zhang,1b988cf2-f3de-41bc-b17d-0b724108e1c6,clear,8179375247
7042,,fmgoat,1b988cf2-f3de-41bc-b17d-0b724108e1c6,korhonen,6285601097
7043,clear,clear,1b988cf2-f3de-41bc-b17d-0b724108e1c6,korhonen,9214795039
7044,fmgoat,fmgoat,1b988cf2-f3de-41bc-b17d-0b724108e1c6,clear,7160553409
7045,clear,clear,1b988cf2-f3de-41bc-b17d-0b724108e1c6,fmgoat,4842717407
7046,good,good,1b988cf2-f3de-41bc-b17d-0b724108e1c6,bad,v3
7047,zhang,zhang,1b988cf2-f3de-41bc-b17d-0b724108e1c6,fmgoat,5130906829
7048,zhang,zhang,1b988cf2-f3de-41bc-b17d-0b724108e1c6,stadv,5906203942
7049,good,good,1b988cf2-f3de-41bc-b17d-0b724108e1c6,bad,v7
7050,clear,korhonen,1b988cf2-f3de-41bc-b17d-0b724108e1c6,clear,8597381500
7051,clear,clear,1b988cf2-f3de-41bc-b17d-0b724108e1c6,zhang,8351568109
7052,fmgoat,korhonen,1b988cf2-f3de-41bc-b17d-0b724108e1c6,fmgoat,6077930890
7053,good,bad,1b988cf2-f3de-41bc-b17d-0b724108e1c6,good,v3
7054,,fmgoat,1b988cf2-f3de-41bc-b17d-0b724108e1c6,zhang,9716988368
7055,korhonen,korhonen,da69c475-3cfe-45ad-a7f5-af0a62a6eca0,fmgoat,5130906829
7056,clear,stadv,da69c475-3cfe-45ad-a7f5-af0a62a6eca0,clear,3309384812
7057,clear,fmgoat,da69c475-3cfe-45ad-a7f5-af0a62a6eca0,clear,3567613299
7058,fmgoat,fmgoat,da69c475-3cfe-45ad-a7f5-af0a62a6eca0,clear,6285601097
7059,zhang,stadv,da69c475-3cfe-45ad-a7f5-af0a62a6eca0,zhang,8179375247
7060,good,good,da69c475-3cfe-45ad-a7f5-af0a62a6eca0,bad,v7
7061,good,bad,da69c475-3cfe-45ad-a7f5-af0a62a6eca0,good,v3
7062,fmgoat,fmgoat,da69c475-3cfe-45ad-a7f5-af0a62a6eca0,stadv,4796228876
7063,clear,clear,da69c475-3cfe-45ad-a7f5-af0a62a6eca0,stadv,4519546786
7064,good,bad,da69c475-3cfe-45ad-a7f5-af0a62a6eca0,good,v6
7065,clear,fmgoat,da69c475-3cfe-45ad-a7f5-af0a62a6eca0,clear,9469622762
7066,clear,korhonen,da69c475-3cfe-45ad-a7f5-af0a62a6eca0,clear,6027104916
7067,clear,zhang,da69c475-3cfe-45ad-a7f5-af0a62a6eca0,clear,9716988368
7068,clear,clear,da69c475-3cfe-45ad-a7f5-af0a62a6eca0,fmgoat,6077930890
7069,clear,fmgoat,da69c475-3cfe-45ad-a7f5-af0a62a6eca0,clear,9214795039
7070,zhang,stadv,da69c475-3cfe-45ad-a7f5-af0a62a6eca0,zhang,4107566763
7071,zhang,stadv,da69c475-3cfe-45ad-a7f5-af0a62a6eca0,zhang,8351568109
7072,fmgoat,stadv,da69c475-3cfe-45ad-a7f5-af0a62a6eca0,fmgoat,9463363154
7073,,korhonen,570a1c50-3362-4165-a694-bd78398635b4,zhang,6077930890
7074,clear,clear,570a1c50-3362-4165-a694-bd78398635b4,korhonen,8348001072
7075,korhonen,korhonen,570a1c50-3362-4165-a694-bd78398635b4,stadv,8597381500
7076,zhang,zhang,570a1c50-3362-4165-a694-bd78398635b4,fmgoat,4842717407
7077,clear,clear,570a1c50-3362-4165-a694-bd78398635b4,korhonen,3567613299
7078,good,bad,570a1c50-3362-4165-a694-bd78398635b4,good,v6
7079,clear,zhang,570a1c50-3362-4165-a694-bd78398635b4,clear,5130906829
7080,zhang,stadv,570a1c50-3362-4165-a694-bd78398635b4,zhang,6027104916
7081,zhang,zhang,570a1c50-3362-4165-a694-bd78398635b4,korhonen,2909358760
7082,good,good,570a1c50-3362-4165-a694-bd78398635b4,bad,v2
7083,good,bad,570a1c50-3362-4165-a694-bd78398635b4,good,v2
7084,korhonen,korhonen,570a1c50-3362-4165-a694-bd78398635b4,zhang,4796228876
7085,korhonen,clear,570a1c50-3362-4165-a694-bd78398635b4,korhonen,6285601097
7086,korhonen,zhang,570a1c50-3362-4165-a694-bd78398635b4,korhonen,8351568109
7087,korhonen,korhonen,57c92688-c519-4cf2-a59e-4b0a9b0257fd,stadv,3309384812
7088,korhonen,zhang,57c92688-c519-4cf2-a59e-4b0a9b0257fd,korhonen,8597381500
7089,clear,fmgoat,57c92688-c519-4cf2-a59e-4b0a9b0257fd,clear,6285601097
7090,,zhang,57c92688-c519-4cf2-a59e-4b0a9b0257fd,korhonen,2580252988
7091,good,good,57c92688-c519-4cf2-a59e-4b0a9b0257fd,bad,v6
7092,good,bad,57c92688-c519-4cf2-a59e-4b0a9b0257fd,good,v3
7093,zhang,zhang,57c92688-c519-4cf2-a59e-4b0a9b0257fd,stadv,4519546786
7094,clear,korhonen,57c92688-c519-4cf2-a59e-4b0a9b0257fd,clear,5906203942
7095,korhonen,korhonen,57c92688-c519-4cf2-a59e-4b0a9b0257fd,fmgoat,8351568109
7096,good,bad,57c92688-c519-4cf2-a59e-4b0a9b0257fd,good,v4
7097,fmgoat,stadv,57c92688-c519-4cf2-a59e-4b0a9b0257fd,fmgoat,4107566763
7098,clear,clear,57c92688-c519-4cf2-a59e-4b0a9b0257fd,zhang,4796228876
7099,clear,clear,57c92688-c519-4cf2-a59e-4b0a9b0257fd,stadv,4633306112
7100,zhang,zhang,57c92688-c519-4cf2-a59e-4b0a9b0257fd,fmgoat,4424481742
7101,,korhonen,57c92688-c519-4cf2-a59e-4b0a9b0257fd,zhang,9716988368
7102,,zhang,57c92688-c519-4cf2-a59e-4b0a9b0257fd,korhonen,4842717407
7103,,korhonen,57c92688-c519-4cf2-a59e-4b0a9b0257fd,zhang,9469622762
7104,clear,korhonen,41387c2a-ea0b-4de1-abac-b14e701266cf,clear,4842717407
7105,good,good,41387c2a-ea0b-4de1-abac-b14e701266cf,bad,v3
7106,korhonen,korhonen,41387c2a-ea0b-4de1-abac-b14e701266cf,stadv,5130906829
7107,korhonen,korhonen,41387c2a-ea0b-4de1-abac-b14e701266cf,stadv,4633306112
7108,korhonen,korhonen,41387c2a-ea0b-4de1-abac-b14e701266cf,stadv,9469622762
7109,clear,clear,41387c2a-ea0b-4de1-abac-b14e701266cf,stadv,9716988368
7110,fmgoat,fmgoat,41387c2a-ea0b-4de1-abac-b14e701266cf,stadv,3309384812
7111,korhonen,korhonen,41387c2a-ea0b-4de1-abac-b14e701266cf,zhang,4519546786
7112,zhang,zhang,41387c2a-ea0b-4de1-abac-b14e701266cf,stadv,4107566763
7113,korhonen,korhonen,41387c2a-ea0b-4de1-abac-b14e701266cf,zhang,5906203942
7114,clear,clear,41387c2a-ea0b-4de1-abac-b14e701266cf,korhonen,8597381500
7115,good,bad,41387c2a-ea0b-4de1-abac-b14e701266cf,good,v3
7116,korhonen,zhang,41387c2a-ea0b-4de1-abac-b14e701266cf,korhonen,4796228876
7117,zhang,zhang,41387c2a-ea0b-4de1-abac-b14e701266cf,fmgoat,8351568109
7118,clear,fmgoat,41387c2a-ea0b-4de1-abac-b14e701266cf,clear,3567613299
7119,good,bad,41387c2a-ea0b-4de1-abac-b14e701266cf,good,v5
7120,zhang,zhang,41387c2a-ea0b-4de1-abac-b14e701266cf,korhonen,6077930890
7121,fmgoat,fmgoat,41387c2a-ea0b-4de1-abac-b14e701266cf,zhang,2909358760
7122,fmgoat,fmgoat,41387c2a-ea0b-4de1-abac-b14e701266cf,zhang,4598385226
7123,zhang,zhang,41387c2a-ea0b-4de1-abac-b14e701266cf,stadv,4424481742
7124,clear,clear,68557f3d-2854-4e6e-a0f6-e4e4ee0c544e,zhang,7160553409
7125,good,good,68557f3d-2854-4e6e-a0f6-e4e4ee0c544e,bad,v4
7126,clear,stadv,68557f3d-2854-4e6e-a0f6-e4e4ee0c544e,clear,4598385226
7127,good,good,68557f3d-2854-4e6e-a0f6-e4e4ee0c544e,bad,v4
7128,stadv,stadv,68557f3d-2854-4e6e-a0f6-e4e4ee0c544e,korhonen,8348001072
7129,fmgoat,fmgoat,68557f3d-2854-4e6e-a0f6-e4e4ee0c544e,stadv,6285601097
7130,zhang,fmgoat,68557f3d-2854-4e6e-a0f6-e4e4ee0c544e,zhang,2580252988
7131,korhonen,stadv,68557f3d-2854-4e6e-a0f6-e4e4ee0c544e,korhonen,5906203942
7132,clear,clear,68557f3d-2854-4e6e-a0f6-e4e4ee0c544e,zhang,2909358760
7133,fmgoat,fmgoat,68557f3d-2854-4e6e-a0f6-e4e4ee0c544e,korhonen,9716988368
7134,clear,stadv,68557f3d-2854-4e6e-a0f6-e4e4ee0c544e,clear,9463363154
7135,good,bad,68557f3d-2854-4e6e-a0f6-e4e4ee0c544e,good,v5
7136,korhonen,stadv,68557f3d-2854-4e6e-a0f6-e4e4ee0c544e,korhonen,8597381500
7137,clear,korhonen,68557f3d-2854-4e6e-a0f6-e4e4ee0c544e,clear,5130906829
7138,zhang,zhang,68557f3d-2854-4e6e-a0f6-e4e4ee0c544e,clear,6077930890
7139,korhonen,clear,68557f3d-2854-4e6e-a0f6-e4e4ee0c544e,korhonen,4633306112
7140,fmgoat,korhonen,68557f3d-2854-4e6e-a0f6-e4e4ee0c544e,fmgoat,4796228876
7141,good,good,9ad5f1ba-4a79-48be-abf2-5f4d6639fb81,bad,v5
7142,good,bad,9ad5f1ba-4a79-48be-abf2-5f4d6639fb81,good,v4
7143,stadv,stadv,9ad5f1ba-4a79-48be-abf2-5f4d6639fb81,zhang,7160553409
7144,clear,zhang,9ad5f1ba-4a79-48be-abf2-5f4d6639fb81,clear,4519546786
7145,korhonen,stadv,9ad5f1ba-4a79-48be-abf2-5f4d6639fb81,korhonen,4424481742
7146,clear,stadv,9ad5f1ba-4a79-48be-abf2-5f4d6639fb81,clear,3567613299
7147,korhonen,zhang,9ad5f1ba-4a79-48be-abf2-5f4d6639fb81,korhonen,2580252988
7148,fmgoat,korhonen,9ad5f1ba-4a79-48be-abf2-5f4d6639fb81,fmgoat,6077930890
7149,fmgoat,stadv,9ad5f1ba-4a79-48be-abf2-5f4d6639fb81,fmgoat,4796228876
7150,korhonen,zhang,9ad5f1ba-4a79-48be-abf2-5f4d6639fb81,korhonen,9469622762
7151,good,bad,9ad5f1ba-4a79-48be-abf2-5f4d6639fb81,good,v3
7152,fmgoat,stadv,9ad5f1ba-4a79-48be-abf2-5f4d6639fb81,fmgoat,4107566763
7153,,clear,9ad5f1ba-4a79-48be-abf2-5f4d6639fb81,korhonen,6285601097
7154,fmgoat,fmgoat,9ad5f1ba-4a79-48be-abf2-5f4d6639fb81,clear,4842717407
7155,fmgoat,korhonen,9ad5f1ba-4a79-48be-abf2-5f4d6639fb81,fmgoat,8351568109
7156,fmgoat,clear,9ad5f1ba-4a79-48be-abf2-5f4d6639fb81,fmgoat,9463363154
7157,korhonen,zhang,9ad5f1ba-4a79-48be-abf2-5f4d6639fb81,korhonen,8597381500
7158,good,good,c9f132af-dc13-4069-8a21-5a22ed5a1012,bad,v1
7159,korhonen,zhang,c9f132af-dc13-4069-8a21-5a22ed5a1012,korhonen,2909358760
7160,good,good,c9f132af-dc13-4069-8a21-5a22ed5a1012,bad,v6
7161,korhonen,korhonen,c9f132af-dc13-4069-8a21-5a22ed5a1012,zhang,8597381500
7162,fmgoat,zhang,c9f132af-dc13-4069-8a21-5a22ed5a1012,fmgoat,4424481742
7163,korhonen,zhang,c9f132af-dc13-4069-8a21-5a22ed5a1012,korhonen,4842717407
7164,zhang,zhang,c9f132af-dc13-4069-8a21-5a22ed5a1012,stadv,6027104916
7165,good,bad,c9f132af-dc13-4069-8a21-5a22ed5a1012,good,v6
7166,stadv,fmgoat,c9f132af-dc13-4069-8a21-5a22ed5a1012,stadv,4107566763
7167,fmgoat,fmgoat,c9f132af-dc13-4069-8a21-5a22ed5a1012,stadv,4796228876
7168,zhang,stadv,c9f132af-dc13-4069-8a21-5a22ed5a1012,zhang,7160553409
7169,zhang,zhang,c9f132af-dc13-4069-8a21-5a22ed5a1012,stadv,4519546786
7170,fmgoat,korhonen,c9f132af-dc13-4069-8a21-5a22ed5a1012,fmgoat,6077930890
7171,clear,clear,c9f132af-dc13-4069-8a21-5a22ed5a1012,korhonen,6285601097
7172,fmgoat,fmgoat,5acac695-3558-4bd0-bddf-53adad289b16,zhang,6027104916
7173,fmgoat,fmgoat,5acac695-3558-4bd0-bddf-53adad289b16,stadv,3567613299
7174,zhang,zhang,5acac695-3558-4bd0-bddf-53adad289b16,stadv,8597381500
7175,korhonen,korhonen,5acac695-3558-4bd0-bddf-53adad289b16,stadv,4796228876
7176,clear,fmgoat,5acac695-3558-4bd0-bddf-53adad289b16,clear,2580252988
7177,clear,clear,5acac695-3558-4bd0-bddf-53adad289b16,zhang,7160553409
7178,good,good,5acac695-3558-4bd0-bddf-53adad289b16,bad,v2
7179,good,good,5acac695-3558-4bd0-bddf-53adad289b16,bad,v2
7180,korhonen,stadv,5acac695-3558-4bd0-bddf-53adad289b16,korhonen,4107566763
7181,korhonen,korhonen,5acac695-3558-4bd0-bddf-53adad289b16,stadv,6077930890
7182,zhang,stadv,5acac695-3558-4bd0-bddf-53adad289b16,zhang,9463363154
7183,clear,clear,5acac695-3558-4bd0-bddf-53adad289b16,fmgoat,3309384812
7184,fmgoat,fmgoat,5acac695-3558-4bd0-bddf-53adad289b16,stadv,6285601097
7185,clear,clear,5acac695-3558-4bd0-bddf-53adad289b16,korhonen,5906203942
7186,clear,clear,5acac695-3558-4bd0-bddf-53adad289b16,zhang,4519546786
7187,korhonen,korhonen,5acac695-3558-4bd0-bddf-53adad289b16,stadv,8179375247
7188,fmgoat,fmgoat,5acac695-3558-4bd0-bddf-53adad289b16,stadv,4842717407
7189,good,bad,5acac695-3558-4bd0-bddf-53adad289b16,good,v6
7190,,zhang,5acac695-3558-4bd0-bddf-53adad289b16,korhonen,8348001072
7191,fmgoat,fmgoat,5acac695-3558-4bd0-bddf-53adad289b16,clear,9716988368
7192,korhonen,korhonen,5acac695-3558-4bd0-bddf-53adad289b16,stadv,2909358760
7193,clear,clear,7ac4b616-350d-4b16-b0d6-15f892f01481,korhonen,7160553409
7194,fmgoat,korhonen,7ac4b616-350d-4b16-b0d6-15f892f01481,fmgoat,6027104916
7195,clear,clear,7ac4b616-350d-4b16-b0d6-15f892f01481,zhang,5130906829
7196,good,bad,7ac4b616-350d-4b16-b0d6-15f892f01481,good,v2
7197,good,bad,7ac4b616-350d-4b16-b0d6-15f892f01481,good,v2
7198,korhonen,korhonen,7ac4b616-350d-4b16-b0d6-15f892f01481,stadv,2909358760
7199,fmgoat,korhonen,7ac4b616-350d-4b16-b0d6-15f892f01481,fmgoat,9716988368
7200,clear,clear,7ac4b616-350d-4b16-b0d6-15f892f01481,stadv,4796228876
7201,clear,korhonen,7ac4b616-350d-4b16-b0d6-15f892f01481,clear,8348001072
7202,good,good,7ac4b616-350d-4b16-b0d6-15f892f01481,bad,v6
7203,clear,clear,7ac4b616-350d-4b16-b0d6-15f892f01481,stadv,4633306112
7204,korhonen,stadv,7ac4b616-350d-4b16-b0d6-15f892f01481,korhonen,8597381500
7205,zhang,stadv,7ac4b616-350d-4b16-b0d6-15f892f01481,zhang,2580252988
7206,korhonen,stadv,d3900b3a-7523-4d87-8707-59cafb6d31e2,korhonen,6027104916
7207,good,bad,d3900b3a-7523-4d87-8707-59cafb6d31e2,good,v4
7208,good,bad,d3900b3a-7523-4d87-8707-59cafb6d31e2,good,v5
7209,korhonen,stadv,d3900b3a-7523-4d87-8707-59cafb6d31e2,korhonen,9469622762
7210,zhang,korhonen,d3900b3a-7523-4d87-8707-59cafb6d31e2,zhang,5130906829
7211,fmgoat,fmgoat,d3900b3a-7523-4d87-8707-59cafb6d31e2,clear,4598385226
7212,fmgoat,fmgoat,d3900b3a-7523-4d87-8707-59cafb6d31e2,zhang,9716988368
7213,good,good,d3900b3a-7523-4d87-8707-59cafb6d31e2,bad,v1
7214,korhonen,stadv,d3900b3a-7523-4d87-8707-59cafb6d31e2,korhonen,4796228876
7215,fmgoat,fmgoat,d3900b3a-7523-4d87-8707-59cafb6d31e2,korhonen,4519546786
7216,zhang,zhang,d3900b3a-7523-4d87-8707-59cafb6d31e2,stadv,3567613299
7217,clear,fmgoat,d3900b3a-7523-4d87-8707-59cafb6d31e2,clear,4107566763
7218,korhonen,korhonen,d3900b3a-7523-4d87-8707-59cafb6d31e2,stadv,6285601097
7219,clear,clear,d3900b3a-7523-4d87-8707-59cafb6d31e2,korhonen,4633306112
7220,clear,stadv,d3900b3a-7523-4d87-8707-59cafb6d31e2,clear,8179375247
7221,,ifgsm,0f25d6ed-a678-46c8-ae03-f233dc8f7b49,zhang,4598385226
7222,korhonen,ifgsm,0f25d6ed-a678-46c8-ae03-f233dc8f7b49,korhonen,2640025600
7223,korhonen,ifgsm,0f25d6ed-a678-46c8-ae03-f233dc8f7b49,korhonen,4424481742
7224,zhang,zhang,0f25d6ed-a678-46c8-ae03-f233dc8f7b49,ifgsm,3567613299
7225,zhang,zhang,0f25d6ed-a678-46c8-ae03-f233dc8f7b49,ifgsm,2580252988
7226,fmgoat,ifgsm,0f25d6ed-a678-46c8-ae03-f233dc8f7b49,fmgoat,4519546786
7227,ifgsm,ifgsm,0f25d6ed-a678-46c8-ae03-f233dc8f7b49,stadv,5130906829
7228,clear,ifgsm,0f25d6ed-a678-46c8-ae03-f233dc8f7b49,clear,4842717407
7229,good,good,0f25d6ed-a678-46c8-ae03-f233dc8f7b49,bad,v7
7230,zhang,ifgsm,0f25d6ed-a678-46c8-ae03-f233dc8f7b49,zhang,7160553409
7231,zhang,zhang,0f25d6ed-a678-46c8-ae03-f233dc8f7b49,ifgsm,9463363154
7232,good,bad,0f25d6ed-a678-46c8-ae03-f233dc8f7b49,good,v5
7233,clear,ifgsm,0f25d6ed-a678-46c8-ae03-f233dc8f7b49,clear,6027104916
7234,ifgsm,ifgsm,0f25d6ed-a678-46c8-ae03-f233dc8f7b49,stadv,6077930890
7235,korhonen,ifgsm,0f25d6ed-a678-46c8-ae03-f233dc8f7b49,korhonen,10880314705
7236,korhonen,ifgsm,0f25d6ed-a678-46c8-ae03-f233dc8f7b49,korhonen,2909358760
7237,ifgsm,ifgsm,0f25d6ed-a678-46c8-ae03-f233dc8f7b49,fmgoat,8351568109
7238,zhang,ifgsm,0f25d6ed-a678-46c8-ae03-f233dc8f7b49,zhang,3309384812
7239,good,good,0f25d6ed-a678-46c8-ae03-f233dc8f7b49,bad,v1
7240,zhang,zhang,0f25d6ed-a678-46c8-ae03-f233dc8f7b49,stadv,5494503911
7241,,zhang,0f25d6ed-a678-46c8-ae03-f233dc8f7b49,ifgsm,6995068299
7242,fmgoat,ifgsm,0f25d6ed-a678-46c8-ae03-f233dc8f7b49,fmgoat,8348001072
7243,ifgsm,ifgsm,0f25d6ed-a678-46c8-ae03-f233dc8f7b49,stadv,6285601097
7244,korhonen,korhonen,0f25d6ed-a678-46c8-ae03-f233dc8f7b49,ifgsm,8597381500
7245,korhonen,korhonen,0f25d6ed-a678-46c8-ae03-f233dc8f7b49,ifgsm,8179375247
7246,clear,clear,df3cc732-88d3-42cb-9c30-1b1c4812a7a0,korhonen,2640025600
7247,zhang,ifgsm,df3cc732-88d3-42cb-9c30-1b1c4812a7a0,zhang,2580252988
7248,clear,ifgsm,df3cc732-88d3-42cb-9c30-1b1c4812a7a0,clear,4519546786
7249,zhang,zhang,df3cc732-88d3-42cb-9c30-1b1c4812a7a0,ifgsm,7160553409
7250,good,good,df3cc732-88d3-42cb-9c30-1b1c4812a7a0,bad,v1
7251,korhonen,ifgsm,df3cc732-88d3-42cb-9c30-1b1c4812a7a0,korhonen,6285601097
7252,fmgoat,ifgsm,df3cc732-88d3-42cb-9c30-1b1c4812a7a0,fmgoat,9716988368
7253,korhonen,ifgsm,df3cc732-88d3-42cb-9c30-1b1c4812a7a0,korhonen,4796228876
7254,good,bad,df3cc732-88d3-42cb-9c30-1b1c4812a7a0,good,v7
7255,zhang,zhang,df3cc732-88d3-42cb-9c30-1b1c4812a7a0,ifgsm,9463363154
7256,zhang,zhang,df3cc732-88d3-42cb-9c30-1b1c4812a7a0,ifgsm,9469622762
7257,good,good,df3cc732-88d3-42cb-9c30-1b1c4812a7a0,bad,v2
7258,clear,ifgsm,df3cc732-88d3-42cb-9c30-1b1c4812a7a0,clear,8351568109
7259,korhonen,korhonen,df3cc732-88d3-42cb-9c30-1b1c4812a7a0,ifgsm,6995068299
7260,clear,clear,df3cc732-88d3-42cb-9c30-1b1c4812a7a0,zhang,10880314705
7261,zhang,ifgsm,df3cc732-88d3-42cb-9c30-1b1c4812a7a0,zhang,4633306112
7262,korhonen,ifgsm,df3cc732-88d3-42cb-9c30-1b1c4812a7a0,korhonen,8348001072
7263,korhonen,korhonen,df3cc732-88d3-42cb-9c30-1b1c4812a7a0,ifgsm,5906203942
7264,ifgsm,ifgsm,df3cc732-88d3-42cb-9c30-1b1c4812a7a0,stadv,3309384812
7265,korhonen,korhonen,df3cc732-88d3-42cb-9c30-1b1c4812a7a0,ifgsm,9214795039
7266,zhang,ifgsm,df3cc732-88d3-42cb-9c30-1b1c4812a7a0,zhang,3567613299
7267,korhonen,korhonen,df3cc732-88d3-42cb-9c30-1b1c4812a7a0,ifgsm,5494503911
7268,korhonen,ifgsm,df3cc732-88d3-42cb-9c30-1b1c4812a7a0,korhonen,2909358760
7269,zhang,zhang,df3cc732-88d3-42cb-9c30-1b1c4812a7a0,ifgsm,4424481742
7270,korhonen,stadv,df3cc732-88d3-42cb-9c30-1b1c4812a7a0,korhonen,2612353606
7271,ifgsm,stadv,efee7ca2-2e99-498a-965e-3ba62943f4c4,ifgsm,5906203942
7272,good,bad,efee7ca2-2e99-498a-965e-3ba62943f4c4,good,v1
7273,korhonen,korhonen,efee7ca2-2e99-498a-965e-3ba62943f4c4,ifgsm,7160553409
7274,korhonen,korhonen,efee7ca2-2e99-498a-965e-3ba62943f4c4,ifgsm,3567613299
7275,fmgoat,ifgsm,efee7ca2-2e99-498a-965e-3ba62943f4c4,fmgoat,4519546786
7276,clear,fmgoat,efee7ca2-2e99-498a-965e-3ba62943f4c4,clear,6995068299
7277,ifgsm,stadv,efee7ca2-2e99-498a-965e-3ba62943f4c4,ifgsm,6285601097
7278,zhang,zhang,efee7ca2-2e99-498a-965e-3ba62943f4c4,ifgsm,9463363154
7279,korhonen,korhonen,efee7ca2-2e99-498a-965e-3ba62943f4c4,ifgsm,2909358760
7280,fmgoat,fmgoat,efee7ca2-2e99-498a-965e-3ba62943f4c4,clear,10880314705
7281,zhang,zhang,efee7ca2-2e99-498a-965e-3ba62943f4c4,ifgsm,8351568109
7282,fmgoat,ifgsm,efee7ca2-2e99-498a-965e-3ba62943f4c4,fmgoat,9469622762
7283,ifgsm,zhang,efee7ca2-2e99-498a-965e-3ba62943f4c4,ifgsm,9716988368
7284,fmgoat,fmgoat,efee7ca2-2e99-498a-965e-3ba62943f4c4,stadv,5494503911
7285,ifgsm,ifgsm,efee7ca2-2e99-498a-965e-3ba62943f4c4,stadv,4796228876
7286,zhang,ifgsm,efee7ca2-2e99-498a-965e-3ba62943f4c4,zhang,4107566763
7287,clear,zhang,efee7ca2-2e99-498a-965e-3ba62943f4c4,clear,2640025600
7288,clear,ifgsm,efee7ca2-2e99-498a-965e-3ba62943f4c4,clear,4424481742
7289,ifgsm,ifgsm,efee7ca2-2e99-498a-965e-3ba62943f4c4,stadv,4842717407
7290,good,bad,efee7ca2-2e99-498a-965e-3ba62943f4c4,good,v1
7291,clear,ifgsm,efee7ca2-2e99-498a-965e-3ba62943f4c4,clear,8348001072
7292,clear,clear,efee7ca2-2e99-498a-965e-3ba62943f4c4,ifgsm,2580252988
7293,zhang,zhang,efee7ca2-2e99-498a-965e-3ba62943f4c4,ifgsm,3309384812
7294,good,good,efee7ca2-2e99-498a-965e-3ba62943f4c4,bad,v1
7295,clear,clear,efee7ca2-2e99-498a-965e-3ba62943f4c4,zhang,2612353606
7296,clear,clear,ac139f7a-81fb-4b62-a70a-617325e4a38c,ifgsm,10880314705
7297,zhang,zhang,ac139f7a-81fb-4b62-a70a-617325e4a38c,ifgsm,8351568109
7298,clear,ifgsm,ac139f7a-81fb-4b62-a70a-617325e4a38c,clear,4842717407
7299,clear,ifgsm,ac139f7a-81fb-4b62-a70a-617325e4a38c,clear,8179375247
7300,korhonen,ifgsm,ac139f7a-81fb-4b62-a70a-617325e4a38c,korhonen,2909358760
7301,korhonen,ifgsm,ac139f7a-81fb-4b62-a70a-617325e4a38c,korhonen,2612353606
7302,zhang,zhang,ac139f7a-81fb-4b62-a70a-617325e4a38c,ifgsm,4598385226
7303,fmgoat,fmgoat,ac139f7a-81fb-4b62-a70a-617325e4a38c,ifgsm,4107566763
7304,stadv,ifgsm,ac139f7a-81fb-4b62-a70a-617325e4a38c,stadv,6027104916
7305,good,bad,ac139f7a-81fb-4b62-a70a-617325e4a38c,good,v1
7306,,ifgsm,ac139f7a-81fb-4b62-a70a-617325e4a38c,fmgoat,9214795039
7307,ifgsm,stadv,ac139f7a-81fb-4b62-a70a-617325e4a38c,ifgsm,4519546786
7308,zhang,stadv,ac139f7a-81fb-4b62-a70a-617325e4a38c,zhang,6995068299
7309,clear,clear,ac139f7a-81fb-4b62-a70a-617325e4a38c,ifgsm,8597381500
7310,korhonen,korhonen,ac139f7a-81fb-4b62-a70a-617325e4a38c,ifgsm,6285601097
7311,fmgoat,ifgsm,ac139f7a-81fb-4b62-a70a-617325e4a38c,fmgoat,4796228876
7312,fmgoat,fmgoat,ac139f7a-81fb-4b62-a70a-617325e4a38c,ifgsm,5906203942
7313,korhonen,ifgsm,ac139f7a-81fb-4b62-a70a-617325e4a38c,korhonen,3567613299
7314,fmgoat,fmgoat,ac139f7a-81fb-4b62-a70a-617325e4a38c,ifgsm,4424481742
7315,fmgoat,ifgsm,ac139f7a-81fb-4b62-a70a-617325e4a38c,fmgoat,5494503911
7316,stadv,stadv,ac139f7a-81fb-4b62-a70a-617325e4a38c,ifgsm,2640025600
7317,good,bad,ac139f7a-81fb-4b62-a70a-617325e4a38c,good,v4
7318,clear,clear,ac139f7a-81fb-4b62-a70a-617325e4a38c,ifgsm,3309384812
7319,good,good,ac139f7a-81fb-4b62-a70a-617325e4a38c,bad,v1
7320,ifgsm,stadv,ac139f7a-81fb-4b62-a70a-617325e4a38c,ifgsm,8348001072
7321,korhonen,korhonen,67bcce7b-0920-42d8-86d2-23ea00edc068,ifgsm,9214795039
7322,zhang,ifgsm,67bcce7b-0920-42d8-86d2-23ea00edc068,zhang,6285601097
7323,ifgsm,ifgsm,67bcce7b-0920-42d8-86d2-23ea00edc068,stadv,4107566763
7324,good,good,67bcce7b-0920-42d8-86d2-23ea00edc068,bad,v7
7325,ifgsm,ifgsm,67bcce7b-0920-42d8-86d2-23ea00edc068,stadv,3309384812
7326,ifgsm,stadv,67bcce7b-0920-42d8-86d2-23ea00edc068,ifgsm,4842717407
7327,clear,ifgsm,67bcce7b-0920-42d8-86d2-23ea00edc068,clear,8179375247
7328,korhonen,ifgsm,67bcce7b-0920-42d8-86d2-23ea00edc068,korhonen,9463363154
7329,clear,ifgsm,67bcce7b-0920-42d8-86d2-23ea00edc068,clear,6077930890
7330,ifgsm,ifgsm,67bcce7b-0920-42d8-86d2-23ea00edc068,stadv,7160553409
7331,clear,clear,67bcce7b-0920-42d8-86d2-23ea00edc068,zhang,5494503911
7332,clear,ifgsm,67bcce7b-0920-42d8-86d2-23ea00edc068,clear,2612353606
7333,korhonen,ifgsm,67bcce7b-0920-42d8-86d2-23ea00edc068,korhonen,6027104916
7334,good,good,67bcce7b-0920-42d8-86d2-23ea00edc068,bad,v4
7335,korhonen,ifgsm,67bcce7b-0920-42d8-86d2-23ea00edc068,korhonen,2580252988
7336,good,good,67bcce7b-0920-42d8-86d2-23ea00edc068,bad,v4
7337,korhonen,korhonen,67bcce7b-0920-42d8-86d2-23ea00edc068,ifgsm,9469622762
7338,ifgsm,ifgsm,67bcce7b-0920-42d8-86d2-23ea00edc068,zhang,5130906829
7339,korhonen,korhonen,67bcce7b-0920-42d8-86d2-23ea00edc068,ifgsm,4424481742
7340,fmgoat,fmgoat,67bcce7b-0920-42d8-86d2-23ea00edc068,ifgsm,8348001072
7341,ifgsm,stadv,67bcce7b-0920-42d8-86d2-23ea00edc068,ifgsm,4796228876
7342,zhang,stadv,67bcce7b-0920-42d8-86d2-23ea00edc068,zhang,6995068299
7343,fmgoat,fmgoat,67bcce7b-0920-42d8-86d2-23ea00edc068,korhonen,10880314705
7344,clear,stadv,67bcce7b-0920-42d8-86d2-23ea00edc068,clear,2640025600
7345,clear,clear,67bcce7b-0920-42d8-86d2-23ea00edc068,ifgsm,4519546786
7346,good,bad,61f18eef-f009-4a63-9d47-3b645efc355f,good,v4
7347,good,bad,61f18eef-f009-4a63-9d47-3b645efc355f,good,v1
7348,ifgsm,zhang,61f18eef-f009-4a63-9d47-3b645efc355f,ifgsm,10880314705
7349,good,good,61f18eef-f009-4a63-9d47-3b645efc355f,bad,v3
7350,fmgoat,zhang,61f18eef-f009-4a63-9d47-3b645efc355f,fmgoat,6995068299
7351,ifgsm,ifgsm,61f18eef-f009-4a63-9d47-3b645efc355f,korhonen,8348001072
7352,ifgsm,zhang,61f18eef-f009-4a63-9d47-3b645efc355f,ifgsm,7160553409
7353,fmgoat,fmgoat,61f18eef-f009-4a63-9d47-3b645efc355f,ifgsm,2909358760
7354,zhang,zhang,61f18eef-f009-4a63-9d47-3b645efc355f,ifgsm,9469622762
7355,clear,clear,61f18eef-f009-4a63-9d47-3b645efc355f,ifgsm,4633306112
7356,ifgsm,stadv,61f18eef-f009-4a63-9d47-3b645efc355f,ifgsm,3567613299
7357,ifgsm,fmgoat,61f18eef-f009-4a63-9d47-3b645efc355f,ifgsm,5130906829
7358,ifgsm,ifgsm,61f18eef-f009-4a63-9d47-3b645efc355f,zhang,4107566763
7359,zhang,ifgsm,61f18eef-f009-4a63-9d47-3b645efc355f,zhang,9214795039
7360,clear,fmgoat,61f18eef-f009-4a63-9d47-3b645efc355f,clear,5494503911
7361,fmgoat,fmgoat,61f18eef-f009-4a63-9d47-3b645efc355f,ifgsm,9463363154
7362,ifgsm,korhonen,61f18eef-f009-4a63-9d47-3b645efc355f,ifgsm,6027104916
7363,korhonen,stadv,61f18eef-f009-4a63-9d47-3b645efc355f,korhonen,2640025600
7364,zhang,zhang,61f18eef-f009-4a63-9d47-3b645efc355f,ifgsm,4598385226
7365,clear,ifgsm,61f18eef-f009-4a63-9d47-3b645efc355f,clear,9716988368
7366,korhonen,ifgsm,61f18eef-f009-4a63-9d47-3b645efc355f,korhonen,8351568109
7367,korhonen,korhonen,61f18eef-f009-4a63-9d47-3b645efc355f,ifgsm,4424481742
7368,clear,clear,61f18eef-f009-4a63-9d47-3b645efc355f,ifgsm,2612353606
7369,korhonen,korhonen,61f18eef-f009-4a63-9d47-3b645efc355f,ifgsm,4519546786
7370,clear,clear,61f18eef-f009-4a63-9d47-3b645efc355f,ifgsm,4796228876
7371,ifgsm,ifgsm,7b57f63d-b878-45de-9b4d-9698300fb4d5,stadv,4842717407
7372,clear,clear,7b57f63d-b878-45de-9b4d-9698300fb4d5,stadv,6995068299
7373,zhang,zhang,7b57f63d-b878-45de-9b4d-9698300fb4d5,ifgsm,3309384812
7374,fmgoat,ifgsm,7b57f63d-b878-45de-9b4d-9698300fb4d5,fmgoat,4424481742
7375,stadv,ifgsm,7b57f63d-b878-45de-9b4d-9698300fb4d5,stadv,4598385226
7376,zhang,ifgsm,7b57f63d-b878-45de-9b4d-9698300fb4d5,zhang,4633306112
7377,clear,ifgsm,7b57f63d-b878-45de-9b4d-9698300fb4d5,clear,6285601097
7378,good,bad,7b57f63d-b878-45de-9b4d-9698300fb4d5,good,v1
7379,korhonen,korhonen,7b57f63d-b878-45de-9b4d-9698300fb4d5,ifgsm,5906203942
7380,ifgsm,ifgsm,7b57f63d-b878-45de-9b4d-9698300fb4d5,fmgoat,5130906829
7381,zhang,zhang,7b57f63d-b878-45de-9b4d-9698300fb4d5,ifgsm,8179375247
7382,good,bad,7b57f63d-b878-45de-9b4d-9698300fb4d5,good,v3
7383,ifgsm,korhonen,7b57f63d-b878-45de-9b4d-9698300fb4d5,ifgsm,6077930890
7384,ifgsm,ifgsm,7b57f63d-b878-45de-9b4d-9698300fb4d5,stadv,2640025600
7385,zhang,zhang,7b57f63d-b878-45de-9b4d-9698300fb4d5,ifgsm,9463363154
7386,korhonen,korhonen,7b57f63d-b878-45de-9b4d-9698300fb4d5,ifgsm,4107566763
7387,fmgoat,fmgoat,7b57f63d-b878-45de-9b4d-9698300fb4d5,ifgsm,7160553409
7388,clear,ifgsm,7b57f63d-b878-45de-9b4d-9698300fb4d5,clear,2612353606
7389,zhang,ifgsm,7b57f63d-b878-45de-9b4d-9698300fb4d5,zhang,8597381500
7390,korhonen,korhonen,7b57f63d-b878-45de-9b4d-9698300fb4d5,ifgsm,9214795039
7391,korhonen,korhonen,7b57f63d-b878-45de-9b4d-9698300fb4d5,ifgsm,9716988368
7392,good,bad,7b57f63d-b878-45de-9b4d-9698300fb4d5,good,v4
7393,stadv,ifgsm,7b57f63d-b878-45de-9b4d-9698300fb4d5,stadv,3567613299
7394,zhang,zhang,7b57f63d-b878-45de-9b4d-9698300fb4d5,ifgsm,8351568109
7395,ifgsm,zhang,7b57f63d-b878-45de-9b4d-9698300fb4d5,ifgsm,5494503911
7396,ifgsm,stadv,f5e7c76c-5119-45dd-a39a-0f1bca34b899,ifgsm,4796228876
7397,ifgsm,stadv,f5e7c76c-5119-45dd-a39a-0f1bca34b899,ifgsm,10880314705
7398,ifgsm,stadv,f5e7c76c-5119-45dd-a39a-0f1bca34b899,ifgsm,9463363154
7399,stadv,stadv,f5e7c76c-5119-45dd-a39a-0f1bca34b899,zhang,2640025600
7400,korhonen,korhonen,f5e7c76c-5119-45dd-a39a-0f1bca34b899,ifgsm,4598385226
7401,zhang,ifgsm,f5e7c76c-5119-45dd-a39a-0f1bca34b899,zhang,6995068299
7402,good,good,f5e7c76c-5119-45dd-a39a-0f1bca34b899,bad,v3
7403,clear,clear,f5e7c76c-5119-45dd-a39a-0f1bca34b899,ifgsm,2909358760
7404,korhonen,korhonen,f5e7c76c-5119-45dd-a39a-0f1bca34b899,ifgsm,8351568109
7405,korhonen,ifgsm,f5e7c76c-5119-45dd-a39a-0f1bca34b899,korhonen,9214795039
7406,clear,ifgsm,f5e7c76c-5119-45dd-a39a-0f1bca34b899,clear,5130906829
7407,stadv,stadv,f5e7c76c-5119-45dd-a39a-0f1bca34b899,ifgsm,8348001072
7408,ifgsm,ifgsm,f5e7c76c-5119-45dd-a39a-0f1bca34b899,stadv,6077930890
7409,ifgsm,ifgsm,f5e7c76c-5119-45dd-a39a-0f1bca34b899,stadv,4424481742
7410,korhonen,ifgsm,f5e7c76c-5119-45dd-a39a-0f1bca34b899,korhonen,8597381500
7411,ifgsm,stadv,f5e7c76c-5119-45dd-a39a-0f1bca34b899,ifgsm,9716988368
7412,ifgsm,stadv,f5e7c76c-5119-45dd-a39a-0f1bca34b899,ifgsm,8179375247
7413,korhonen,ifgsm,f5e7c76c-5119-45dd-a39a-0f1bca34b899,korhonen,5494503911
7414,good,bad,f5e7c76c-5119-45dd-a39a-0f1bca34b899,good,v2
7415,korhonen,ifgsm,f5e7c76c-5119-45dd-a39a-0f1bca34b899,korhonen,3567613299
7416,fmgoat,fmgoat,f5e7c76c-5119-45dd-a39a-0f1bca34b899,ifgsm,7160553409
7417,good,bad,f5e7c76c-5119-45dd-a39a-0f1bca34b899,good,v7
7418,korhonen,ifgsm,f5e7c76c-5119-45dd-a39a-0f1bca34b899,korhonen,2580252988
7419,clear,clear,f5e7c76c-5119-45dd-a39a-0f1bca34b899,ifgsm,9469622762
7420,korhonen,ifgsm,f5e7c76c-5119-45dd-a39a-0f1bca34b899,korhonen,3309384812
7421,,ifgsm,6ec6ebeb-6a9f-4dca-8a20-5b1ecae25ac1,stadv,5906203942
7422,,zhang,6ec6ebeb-6a9f-4dca-8a20-5b1ecae25ac1,ifgsm,3567613299
7423,clear,clear,6ec6ebeb-6a9f-4dca-8a20-5b1ecae25ac1,ifgsm,8179375247
7424,clear,clear,6ec6ebeb-6a9f-4dca-8a20-5b1ecae25ac1,ifgsm,2909358760
7425,korhonen,ifgsm,6ec6ebeb-6a9f-4dca-8a20-5b1ecae25ac1,korhonen,4424481742
7426,good,good,6ec6ebeb-6a9f-4dca-8a20-5b1ecae25ac1,bad,v2
7427,,stadv,6ec6ebeb-6a9f-4dca-8a20-5b1ecae25ac1,ifgsm,9463363154
7428,,ifgsm,6ec6ebeb-6a9f-4dca-8a20-5b1ecae25ac1,zhang,5130906829
7429,good,bad,6ec6ebeb-6a9f-4dca-8a20-5b1ecae25ac1,good,v3
7430,,zhang,6ec6ebeb-6a9f-4dca-8a20-5b1ecae25ac1,ifgsm,8348001072
7431,korhonen,ifgsm,6ec6ebeb-6a9f-4dca-8a20-5b1ecae25ac1,korhonen,3309384812
7432,korhonen,korhonen,6ec6ebeb-6a9f-4dca-8a20-5b1ecae25ac1,ifgsm,7160553409
7433,fmgoat,clear,6ec6ebeb-6a9f-4dca-8a20-5b1ecae25ac1,fmgoat,5494503911
7434,good,bad,6ec6ebeb-6a9f-4dca-8a20-5b1ecae25ac1,good,v6
7435,clear,ifgsm,6ec6ebeb-6a9f-4dca-8a20-5b1ecae25ac1,clear,6995068299
7436,,ifgsm,6ec6ebeb-6a9f-4dca-8a20-5b1ecae25ac1,korhonen,6027104916
7437,korhonen,stadv,6ec6ebeb-6a9f-4dca-8a20-5b1ecae25ac1,korhonen,10880314705
7438,ifgsm,stadv,6ec6ebeb-6a9f-4dca-8a20-5b1ecae25ac1,ifgsm,9469622762
7439,fmgoat,fmgoat,6ec6ebeb-6a9f-4dca-8a20-5b1ecae25ac1,stadv,2612353606
7440,clear,clear,6ec6ebeb-6a9f-4dca-8a20-5b1ecae25ac1,ifgsm,8351568109
7441,korhonen,ifgsm,6ec6ebeb-6a9f-4dca-8a20-5b1ecae25ac1,korhonen,4519546786
7442,,ifgsm,6ec6ebeb-6a9f-4dca-8a20-5b1ecae25ac1,zhang,6077930890
7443,zhang,zhang,6ec6ebeb-6a9f-4dca-8a20-5b1ecae25ac1,ifgsm,4107566763
7444,ifgsm,ifgsm,6ec6ebeb-6a9f-4dca-8a20-5b1ecae25ac1,stadv,2640025600
7445,ifgsm,stadv,6ec6ebeb-6a9f-4dca-8a20-5b1ecae25ac1,ifgsm,2580252988
7446,ifgsm,ifgsm,1a9465d8-fe09-477f-b313-d31c5e5db961,stadv,4842717407
7447,korhonen,ifgsm,1a9465d8-fe09-477f-b313-d31c5e5db961,korhonen,4519546786
7448,korhonen,ifgsm,1a9465d8-fe09-477f-b313-d31c5e5db961,korhonen,4598385226
7449,good,bad,1a9465d8-fe09-477f-b313-d31c5e5db961,good,v7
7450,fmgoat,ifgsm,1a9465d8-fe09-477f-b313-d31c5e5db961,fmgoat,7160553409
7451,korhonen,stadv,1a9465d8-fe09-477f-b313-d31c5e5db961,korhonen,2612353606
7452,clear,ifgsm,1a9465d8-fe09-477f-b313-d31c5e5db961,clear,4107566763
7453,clear,clear,1a9465d8-fe09-477f-b313-d31c5e5db961,ifgsm,8179375247
7454,fmgoat,ifgsm,1a9465d8-fe09-477f-b313-d31c5e5db961,fmgoat,3309384812
7455,good,good,1a9465d8-fe09-477f-b313-d31c5e5db961,bad,v4
7456,ifgsm,stadv,1a9465d8-fe09-477f-b313-d31c5e5db961,ifgsm,6077930890
7457,korhonen,ifgsm,1a9465d8-fe09-477f-b313-d31c5e5db961,korhonen,4633306112
7458,fmgoat,fmgoat,1a9465d8-fe09-477f-b313-d31c5e5db961,zhang,6995068299
7459,ifgsm,stadv,1a9465d8-fe09-477f-b313-d31c5e5db961,ifgsm,9463363154
7460,korhonen,korhonen,1a9465d8-fe09-477f-b313-d31c5e5db961,ifgsm,6285601097
7461,fmgoat,ifgsm,1a9465d8-fe09-477f-b313-d31c5e5db961,fmgoat,5130906829
7462,stadv,stadv,1a9465d8-fe09-477f-b313-d31c5e5db961,ifgsm,9469622762
7463,fmgoat,korhonen,1a9465d8-fe09-477f-b313-d31c5e5db961,fmgoat,2640025600
7464,zhang,zhang,1a9465d8-fe09-477f-b313-d31c5e5db961,ifgsm,3567613299
7465,good,bad,1a9465d8-fe09-477f-b313-d31c5e5db961,good,v3
7466,clear,clear,1a9465d8-fe09-477f-b313-d31c5e5db961,ifgsm,2580252988
7467,clear,clear,1a9465d8-fe09-477f-b313-d31c5e5db961,ifgsm,8348001072
7468,zhang,ifgsm,1a9465d8-fe09-477f-b313-d31c5e5db961,zhang,9716988368
7469,ifgsm,stadv,1a9465d8-fe09-477f-b313-d31c5e5db961,ifgsm,5494503911
7470,korhonen,korhonen,1a9465d8-fe09-477f-b313-d31c5e5db961,stadv,10880314705
7471,stadv,stadv,184fc64f-ccca-4c3b-a570-400f03b8e30c,clear,2640025600
7472,fmgoat,fmgoat,184fc64f-ccca-4c3b-a570-400f03b8e30c,ifgsm,2909358760
7473,ifgsm,stadv,184fc64f-ccca-4c3b-a570-400f03b8e30c,ifgsm,4796228876
7474,clear,clear,184fc64f-ccca-4c3b-a570-400f03b8e30c,ifgsm,8597381500
7475,korhonen,korhonen,184fc64f-ccca-4c3b-a570-400f03b8e30c,ifgsm,6027104916
7476,clear,clear,184fc64f-ccca-4c3b-a570-400f03b8e30c,ifgsm,5130906829
7477,fmgoat,ifgsm,184fc64f-ccca-4c3b-a570-400f03b8e30c,fmgoat,3567613299
7478,fmgoat,ifgsm,184fc64f-ccca-4c3b-a570-400f03b8e30c,fmgoat,4519546786
7479,zhang,ifgsm,184fc64f-ccca-4c3b-a570-400f03b8e30c,zhang,8179375247
7480,ifgsm,stadv,184fc64f-ccca-4c3b-a570-400f03b8e30c,ifgsm,2612353606
7481,korhonen,ifgsm,184fc64f-ccca-4c3b-a570-400f03b8e30c,korhonen,3309384812
7482,zhang,ifgsm,184fc64f-ccca-4c3b-a570-400f03b8e30c,zhang,2580252988
7483,good,bad,184fc64f-ccca-4c3b-a570-400f03b8e30c,good,v7
7484,clear,ifgsm,184fc64f-ccca-4c3b-a570-400f03b8e30c,clear,9716988368
7485,zhang,zhang,184fc64f-ccca-4c3b-a570-400f03b8e30c,ifgsm,9469622762
7486,fmgoat,fmgoat,184fc64f-ccca-4c3b-a570-400f03b8e30c,stadv,5494503911
7487,clear,stadv,184fc64f-ccca-4c3b-a570-400f03b8e30c,clear,10880314705
7488,good,good,184fc64f-ccca-4c3b-a570-400f03b8e30c,bad,v2
7489,fmgoat,ifgsm,184fc64f-ccca-4c3b-a570-400f03b8e30c,fmgoat,4424481742
7490,korhonen,korhonen,184fc64f-ccca-4c3b-a570-400f03b8e30c,ifgsm,4598385226
7491,korhonen,korhonen,184fc64f-ccca-4c3b-a570-400f03b8e30c,ifgsm,5906203942
7492,korhonen,ifgsm,184fc64f-ccca-4c3b-a570-400f03b8e30c,korhonen,9214795039
7493,korhonen,korhonen,184fc64f-ccca-4c3b-a570-400f03b8e30c,zhang,6995068299
7494,good,bad,184fc64f-ccca-4c3b-a570-400f03b8e30c,good,v3
7495,clear,clear,184fc64f-ccca-4c3b-a570-400f03b8e30c,ifgsm,9463363154
7496,fmgoat,fmgoat,9ff50b6c-88ab-4625-b803-88dab7a99fd9,ifgsm,4842717407
7497,clear,ifgsm,9ff50b6c-88ab-4625-b803-88dab7a99fd9,clear,9716988368
7498,fmgoat,fmgoat,9ff50b6c-88ab-4625-b803-88dab7a99fd9,ifgsm,4107566763
7499,zhang,ifgsm,9ff50b6c-88ab-4625-b803-88dab7a99fd9,zhang,8351568109
7500,fmgoat,fmgoat,9ff50b6c-88ab-4625-b803-88dab7a99fd9,ifgsm,5906203942
7501,korhonen,zhang,9ff50b6c-88ab-4625-b803-88dab7a99fd9,korhonen,10880314705
7502,good,bad,9ff50b6c-88ab-4625-b803-88dab7a99fd9,good,v4
7503,,ifgsm,9ff50b6c-88ab-4625-b803-88dab7a99fd9,zhang,2640025600
7504,ifgsm,ifgsm,9ff50b6c-88ab-4625-b803-88dab7a99fd9,stadv,5130906829
7505,korhonen,korhonen,9ff50b6c-88ab-4625-b803-88dab7a99fd9,ifgsm,4424481742
7506,zhang,zhang,9ff50b6c-88ab-4625-b803-88dab7a99fd9,ifgsm,6027104916
7507,,fmgoat,9ff50b6c-88ab-4625-b803-88dab7a99fd9,clear,5494503911
7508,zhang,ifgsm,9ff50b6c-88ab-4625-b803-88dab7a99fd9,zhang,9214795039
7509,clear,ifgsm,9ff50b6c-88ab-4625-b803-88dab7a99fd9,clear,2612353606
7510,zhang,zhang,9ff50b6c-88ab-4625-b803-88dab7a99fd9,stadv,6995068299
7511,clear,clear,9ff50b6c-88ab-4625-b803-88dab7a99fd9,ifgsm,9463363154
7512,good,bad,9ff50b6c-88ab-4625-b803-88dab7a99fd9,good,v3
7513,ifgsm,stadv,9ff50b6c-88ab-4625-b803-88dab7a99fd9,ifgsm,4633306112
7514,clear,clear,9ff50b6c-88ab-4625-b803-88dab7a99fd9,ifgsm,4598385226
7515,ifgsm,fmgoat,9ff50b6c-88ab-4625-b803-88dab7a99fd9,ifgsm,3309384812
7516,clear,clear,9ff50b6c-88ab-4625-b803-88dab7a99fd9,ifgsm,9469622762
7517,good,bad,9ff50b6c-88ab-4625-b803-88dab7a99fd9,good,v2
7518,,ifgsm,9ff50b6c-88ab-4625-b803-88dab7a99fd9,zhang,8179375247
7519,zhang,ifgsm,9ff50b6c-88ab-4625-b803-88dab7a99fd9,zhang,8348001072
7520,zhang,zhang,9ff50b6c-88ab-4625-b803-88dab7a99fd9,ifgsm,6285601097
7521,korhonen,korhonen,fa39f331-d404-4477-bd35-3dcf97155821,ifgsm,4519546786
7522,clear,clear,fa39f331-d404-4477-bd35-3dcf97155821,ifgsm,9463363154
7523,fmgoat,ifgsm,fa39f331-d404-4477-bd35-3dcf97155821,fmgoat,9716988368
7524,clear,clear,fa39f331-d404-4477-bd35-3dcf97155821,ifgsm,5906203942
7525,clear,korhonen,fa39f331-d404-4477-bd35-3dcf97155821,clear,2612353606
7526,good,good,fa39f331-d404-4477-bd35-3dcf97155821,bad,v2
7527,korhonen,korhonen,fa39f331-d404-4477-bd35-3dcf97155821,ifgsm,8179375247
7528,korhonen,korhonen,fa39f331-d404-4477-bd35-3dcf97155821,ifgsm,9214795039
7529,stadv,stadv,fa39f331-d404-4477-bd35-3dcf97155821,clear,2640025600
7530,fmgoat,ifgsm,fa39f331-d404-4477-bd35-3dcf97155821,fmgoat,4796228876
7531,korhonen,korhonen,fa39f331-d404-4477-bd35-3dcf97155821,ifgsm,4598385226
7532,clear,ifgsm,fa39f331-d404-4477-bd35-3dcf97155821,clear,2580252988
7533,fmgoat,fmgoat,fa39f331-d404-4477-bd35-3dcf97155821,ifgsm,8351568109
7534,korhonen,korhonen,fa39f331-d404-4477-bd35-3dcf97155821,zhang,10880314705
7535,stadv,ifgsm,fa39f331-d404-4477-bd35-3dcf97155821,stadv,6027104916
7536,korhonen,zhang,fa39f331-d404-4477-bd35-3dcf97155821,korhonen,6995068299
7537,ifgsm,ifgsm,fa39f331-d404-4477-bd35-3dcf97155821,stadv,4107566763
7538,good,bad,fa39f331-d404-4477-bd35-3dcf97155821,good,v4
7539,korhonen,ifgsm,fa39f331-d404-4477-bd35-3dcf97155821,korhonen,6077930890
7540,ifgsm,stadv,fa39f331-d404-4477-bd35-3dcf97155821,ifgsm,3567613299
7541,korhonen,korhonen,fa39f331-d404-4477-bd35-3dcf97155821,ifgsm,4633306112
7542,ifgsm,ifgsm,fa39f331-d404-4477-bd35-3dcf97155821,stadv,6285601097
7543,fmgoat,fmgoat,fa39f331-d404-4477-bd35-3dcf97155821,korhonen,5494503911
7544,korhonen,ifgsm,fa39f331-d404-4477-bd35-3dcf97155821,korhonen,7160553409
7545,good,good,fa39f331-d404-4477-bd35-3dcf97155821,bad,v6
7546,good,bad,a47b414c-6f2f-468a-836a-099cd557d2b4,good,v5
7547,korhonen,zhang,a47b414c-6f2f-468a-836a-099cd557d2b4,korhonen,10880314705
7548,ifgsm,fmgoat,a47b414c-6f2f-468a-836a-099cd557d2b4,ifgsm,8597381500
7549,ifgsm,korhonen,a47b414c-6f2f-468a-836a-099cd557d2b4,ifgsm,9214795039
7550,clear,clear,a47b414c-6f2f-468a-836a-099cd557d2b4,ifgsm,2640025600
7551,fmgoat,fmgoat,a47b414c-6f2f-468a-836a-099cd557d2b4,ifgsm,4424481742
7552,clear,clear,a47b414c-6f2f-468a-836a-099cd557d2b4,ifgsm,2580252988
7553,fmgoat,fmgoat,a47b414c-6f2f-468a-836a-099cd557d2b4,ifgsm,7160553409
7554,korhonen,ifgsm,a47b414c-6f2f-468a-836a-099cd557d2b4,korhonen,2909358760
7555,good,good,a47b414c-6f2f-468a-836a-099cd557d2b4,bad,v7
7556,zhang,zhang,a47b414c-6f2f-468a-836a-099cd557d2b4,ifgsm,4796228876
7557,fmgoat,ifgsm,a47b414c-6f2f-468a-836a-099cd557d2b4,fmgoat,6285601097
7558,zhang,zhang,a47b414c-6f2f-468a-836a-099cd557d2b4,ifgsm,4842717407
7559,korhonen,zhang,a47b414c-6f2f-468a-836a-099cd557d2b4,korhonen,5494503911
7560,good,bad,a47b414c-6f2f-468a-836a-099cd557d2b4,good,v6
7561,ifgsm,stadv,a47b414c-6f2f-468a-836a-099cd557d2b4,ifgsm,4519546786
7562,ifgsm,ifgsm,a47b414c-6f2f-468a-836a-099cd557d2b4,stadv,6077930890
7563,ifgsm,stadv,a47b414c-6f2f-468a-836a-099cd557d2b4,ifgsm,9469622762
7564,clear,ifgsm,a47b414c-6f2f-468a-836a-099cd557d2b4,clear,5906203942
7565,clear,ifgsm,a47b414c-6f2f-468a-836a-099cd557d2b4,clear,5130906829
7566,korhonen,korhonen,a47b414c-6f2f-468a-836a-099cd557d2b4,stadv,2612353606
7567,zhang,ifgsm,a47b414c-6f2f-468a-836a-099cd557d2b4,zhang,8348001072
7568,zhang,stadv,a47b414c-6f2f-468a-836a-099cd557d2b4,zhang,6995068299
7569,ifgsm,fmgoat,a47b414c-6f2f-468a-836a-099cd557d2b4,ifgsm,4107566763
7570,clear,ifgsm,a47b414c-6f2f-468a-836a-099cd557d2b4,clear,4633306112
7571,fmgoat,ifgsm,52d162b2-ff58-4942-a222-879e10605830,fmgoat,8179375247
7572,zhang,ifgsm,52d162b2-ff58-4942-a222-879e10605830,zhang,2909358760
7573,clear,clear,52d162b2-ff58-4942-a222-879e10605830,ifgsm,8348001072
7574,ifgsm,stadv,52d162b2-ff58-4942-a222-879e10605830,ifgsm,8351568109
7575,korhonen,ifgsm,52d162b2-ff58-4942-a222-879e10605830,korhonen,6285601097
7576,korhonen,ifgsm,52d162b2-ff58-4942-a222-879e10605830,korhonen,3567613299
7577,fmgoat,zhang,52d162b2-ff58-4942-a222-879e10605830,fmgoat,10880314705
7578,ifgsm,fmgoat,52d162b2-ff58-4942-a222-879e10605830,ifgsm,4633306112
7579,ifgsm,ifgsm,52d162b2-ff58-4942-a222-879e10605830,stadv,4796228876
7580,good,bad,52d162b2-ff58-4942-a222-879e10605830,good,v1
7581,korhonen,ifgsm,52d162b2-ff58-4942-a222-879e10605830,korhonen,4842717407
7582,clear,clear,52d162b2-ff58-4942-a222-879e10605830,ifgsm,9716988368
7583,fmgoat,fmgoat,52d162b2-ff58-4942-a222-879e10605830,ifgsm,5494503911
7584,zhang,stadv,52d162b2-ff58-4942-a222-879e10605830,zhang,2612353606
7585,korhonen,ifgsm,52d162b2-ff58-4942-a222-879e10605830,korhonen,4107566763
7586,clear,ifgsm,52d162b2-ff58-4942-a222-879e10605830,clear,9469622762
7587,clear,clear,52d162b2-ff58-4942-a222-879e10605830,ifgsm,9463363154
7588,good,good,52d162b2-ff58-4942-a222-879e10605830,bad,v4
7589,good,bad,52d162b2-ff58-4942-a222-879e10605830,good,v3
7590,ifgsm,ifgsm,52d162b2-ff58-4942-a222-879e10605830,stadv,2580252988
7591,clear,ifgsm,52d162b2-ff58-4942-a222-879e10605830,clear,7160553409
7592,ifgsm,ifgsm,52d162b2-ff58-4942-a222-879e10605830,korhonen,6077930890
7593,clear,clear,52d162b2-ff58-4942-a222-879e10605830,fmgoat,6995068299
7594,fmgoat,korhonen,52d162b2-ff58-4942-a222-879e10605830,fmgoat,2640025600
7595,clear,ifgsm,52d162b2-ff58-4942-a222-879e10605830,clear,6027104916
7596,stadv,ifgsm,7b701275-7469-40d9-908e-847ed8fddba3,stadv,2612353606
7597,ifgsm,stadv,7b701275-7469-40d9-908e-847ed8fddba3,ifgsm,9469622762
7598,fmgoat,ifgsm,7b701275-7469-40d9-908e-847ed8fddba3,fmgoat,4796228876
7599,korhonen,korhonen,7b701275-7469-40d9-908e-847ed8fddba3,ifgsm,2580252988
7600,zhang,zhang,7b701275-7469-40d9-908e-847ed8fddba3,ifgsm,9463363154
7601,korhonen,korhonen,7b701275-7469-40d9-908e-847ed8fddba3,ifgsm,8597381500
7602,good,good,7b701275-7469-40d9-908e-847ed8fddba3,bad,v7
7603,korhonen,ifgsm,7b701275-7469-40d9-908e-847ed8fddba3,korhonen,3567613299
7604,fmgoat,fmgoat,7b701275-7469-40d9-908e-847ed8fddba3,ifgsm,9716988368
7605,good,bad,7b701275-7469-40d9-908e-847ed8fddba3,good,v5
7606,fmgoat,fmgoat,7b701275-7469-40d9-908e-847ed8fddba3,zhang,10880314705
7607,good,bad,7b701275-7469-40d9-908e-847ed8fddba3,good,v7
7608,ifgsm,stadv,7b701275-7469-40d9-908e-847ed8fddba3,ifgsm,8351568109
7609,ifgsm,stadv,7b701275-7469-40d9-908e-847ed8fddba3,ifgsm,6027104916
7610,zhang,ifgsm,7b701275-7469-40d9-908e-847ed8fddba3,zhang,4842717407
7611,korhonen,korhonen,7b701275-7469-40d9-908e-847ed8fddba3,ifgsm,5494503911
7612,ifgsm,stadv,7b701275-7469-40d9-908e-847ed8fddba3,ifgsm,4107566763
7613,ifgsm,ifgsm,7b701275-7469-40d9-908e-847ed8fddba3,stadv,6285601097
7614,ifgsm,stadv,7b701275-7469-40d9-908e-847ed8fddba3,ifgsm,8179375247
7615,clear,clear,7b701275-7469-40d9-908e-847ed8fddba3,ifgsm,5906203942
7616,clear,clear,7b701275-7469-40d9-908e-847ed8fddba3,ifgsm,3309384812
7617,clear,zhang,7b701275-7469-40d9-908e-847ed8fddba3,clear,2640025600
7618,zhang,stadv,7b701275-7469-40d9-908e-847ed8fddba3,zhang,6995068299
7619,zhang,zhang,7b701275-7469-40d9-908e-847ed8fddba3,ifgsm,4598385226
7620,ifgsm,fmgoat,7b701275-7469-40d9-908e-847ed8fddba3,ifgsm,4633306112
7621,korhonen,korhonen,e73ed6dc-d46f-476d-a82c-14a6c2771a2c,ifgsm,4107566763
7622,good,bad,e73ed6dc-d46f-476d-a82c-14a6c2771a2c,good,v6
7623,good,bad,e73ed6dc-d46f-476d-a82c-14a6c2771a2c,good,v6
7624,clear,clear,e73ed6dc-d46f-476d-a82c-14a6c2771a2c,ifgsm,8348001072
7625,korhonen,korhonen,e73ed6dc-d46f-476d-a82c-14a6c2771a2c,ifgsm,2909358760
7626,zhang,ifgsm,e73ed6dc-d46f-476d-a82c-14a6c2771a2c,zhang,8179375247
7627,good,bad,e73ed6dc-d46f-476d-a82c-14a6c2771a2c,good,v6
7628,ifgsm,korhonen,e73ed6dc-d46f-476d-a82c-14a6c2771a2c,ifgsm,6027104916
7629,ifgsm,ifgsm,e73ed6dc-d46f-476d-a82c-14a6c2771a2c,fmgoat,3309384812
7630,clear,clear,e73ed6dc-d46f-476d-a82c-14a6c2771a2c,stadv,5494503911
7631,fmgoat,ifgsm,e73ed6dc-d46f-476d-a82c-14a6c2771a2c,fmgoat,9716988368
7632,korhonen,ifgsm,e73ed6dc-d46f-476d-a82c-14a6c2771a2c,korhonen,4424481742
7633,fmgoat,fmgoat,e73ed6dc-d46f-476d-a82c-14a6c2771a2c,korhonen,2612353606
7634,korhonen,ifgsm,e73ed6dc-d46f-476d-a82c-14a6c2771a2c,korhonen,5906203942
7635,zhang,ifgsm,e73ed6dc-d46f-476d-a82c-14a6c2771a2c,zhang,4633306112
7636,stadv,stadv,e73ed6dc-d46f-476d-a82c-14a6c2771a2c,korhonen,2640025600
7637,ifgsm,stadv,e73ed6dc-d46f-476d-a82c-14a6c2771a2c,ifgsm,3567613299
7638,fmgoat,fmgoat,e73ed6dc-d46f-476d-a82c-14a6c2771a2c,stadv,6995068299
7639,korhonen,korhonen,e73ed6dc-d46f-476d-a82c-14a6c2771a2c,ifgsm,9214795039
7640,korhonen,korhonen,e73ed6dc-d46f-476d-a82c-14a6c2771a2c,ifgsm,4598385226
7641,korhonen,korhonen,e73ed6dc-d46f-476d-a82c-14a6c2771a2c,ifgsm,9469622762
7642,zhang,ifgsm,e73ed6dc-d46f-476d-a82c-14a6c2771a2c,zhang,4796228876
7643,zhang,ifgsm,e73ed6dc-d46f-476d-a82c-14a6c2771a2c,zhang,5130906829
7644,ifgsm,ifgsm,e73ed6dc-d46f-476d-a82c-14a6c2771a2c,fmgoat,8597381500
7645,korhonen,zhang,e73ed6dc-d46f-476d-a82c-14a6c2771a2c,korhonen,10880314705
7646,,fmgoat,5e3afa7b-c19f-41ad-af0e-3a31fa4bdab6,korhonen,2640025600
7647,,ifgsm,5e3afa7b-c19f-41ad-af0e-3a31fa4bdab6,zhang,5130906829
7648,good,bad,5e3afa7b-c19f-41ad-af0e-3a31fa4bdab6,good,v1
7649,clear,clear,5e3afa7b-c19f-41ad-af0e-3a31fa4bdab6,ifgsm,3309384812
7650,fmgoat,ifgsm,5e3afa7b-c19f-41ad-af0e-3a31fa4bdab6,fmgoat,4519546786
7651,korhonen,korhonen,5e3afa7b-c19f-41ad-af0e-3a31fa4bdab6,ifgsm,7160553409
7652,fmgoat,ifgsm,5e3afa7b-c19f-41ad-af0e-3a31fa4bdab6,fmgoat,9469622762
7653,korhonen,korhonen,5e3afa7b-c19f-41ad-af0e-3a31fa4bdab6,ifgsm,3567613299
7654,ifgsm,ifgsm,5e3afa7b-c19f-41ad-af0e-3a31fa4bdab6,stadv,4633306112
7655,korhonen,korhonen,5e3afa7b-c19f-41ad-af0e-3a31fa4bdab6,ifgsm,2580252988
7656,ifgsm,ifgsm,5e3afa7b-c19f-41ad-af0e-3a31fa4bdab6,fmgoat,4107566763
7657,clear,clear,5e3afa7b-c19f-41ad-af0e-3a31fa4bdab6,stadv,5494503911
7658,fmgoat,ifgsm,5e3afa7b-c19f-41ad-af0e-3a31fa4bdab6,fmgoat,4598385226
7659,clear,ifgsm,5e3afa7b-c19f-41ad-af0e-3a31fa4bdab6,clear,8351568109
7660,fmgoat,ifgsm,5e3afa7b-c19f-41ad-af0e-3a31fa4bdab6,fmgoat,9463363154
7661,ifgsm,stadv,5e3afa7b-c19f-41ad-af0e-3a31fa4bdab6,ifgsm,6285601097
7662,good,good,5e3afa7b-c19f-41ad-af0e-3a31fa4bdab6,bad,v7
7663,korhonen,ifgsm,5e3afa7b-c19f-41ad-af0e-3a31fa4bdab6,korhonen,8597381500
7664,clear,ifgsm,5e3afa7b-c19f-41ad-af0e-3a31fa4bdab6,clear,2909358760
7665,ifgsm,ifgsm,5e3afa7b-c19f-41ad-af0e-3a31fa4bdab6,stadv,6077930890
7666,fmgoat,fmgoat,5e3afa7b-c19f-41ad-af0e-3a31fa4bdab6,ifgsm,2612353606
7667,korhonen,korhonen,5e3afa7b-c19f-41ad-af0e-3a31fa4bdab6,stadv,10880314705
7668,good,good,5e3afa7b-c19f-41ad-af0e-3a31fa4bdab6,bad,v6
7669,ifgsm,ifgsm,5e3afa7b-c19f-41ad-af0e-3a31fa4bdab6,stadv,4842717407
7670,fmgoat,fmgoat,5e3afa7b-c19f-41ad-af0e-3a31fa4bdab6,korhonen,6995068299
7671,,zhang,3f8a3f68-d2fd-42e9-bd68-208015379b32,fmgoat,10880314705
7672,,ifgsm,3f8a3f68-d2fd-42e9-bd68-208015379b32,zhang,5130906829
7673,clear,clear,3f8a3f68-d2fd-42e9-bd68-208015379b32,ifgsm,2580252988
7674,good,bad,3f8a3f68-d2fd-42e9-bd68-208015379b32,good,v2
7675,clear,ifgsm,3f8a3f68-d2fd-42e9-bd68-208015379b32,clear,9469622762
7676,ifgsm,fmgoat,3f8a3f68-d2fd-42e9-bd68-208015379b32,ifgsm,4842717407
7677,ifgsm,ifgsm,3f8a3f68-d2fd-42e9-bd68-208015379b32,stadv,4519546786
7678,ifgsm,stadv,3f8a3f68-d2fd-42e9-bd68-208015379b32,ifgsm,3309384812
7679,,clear,3f8a3f68-d2fd-42e9-bd68-208015379b32,ifgsm,2640025600
7680,clear,clear,3f8a3f68-d2fd-42e9-bd68-208015379b32,ifgsm,5906203942
7681,ifgsm,stadv,3f8a3f68-d2fd-42e9-bd68-208015379b32,ifgsm,6027104916
7682,clear,clear,3f8a3f68-d2fd-42e9-bd68-208015379b32,stadv,5494503911
7683,fmgoat,korhonen,3f8a3f68-d2fd-42e9-bd68-208015379b32,fmgoat,2612353606
7684,,zhang,3f8a3f68-d2fd-42e9-bd68-208015379b32,korhonen,6995068299
7685,zhang,zhang,3f8a3f68-d2fd-42e9-bd68-208015379b32,ifgsm,3567613299
7686,good,good,3f8a3f68-d2fd-42e9-bd68-208015379b32,bad,v1
7687,korhonen,ifgsm,3f8a3f68-d2fd-42e9-bd68-208015379b32,korhonen,8351568109
7688,,ifgsm,3f8a3f68-d2fd-42e9-bd68-208015379b32,korhonen,8348001072
7689,fmgoat,fmgoat,3f8a3f68-d2fd-42e9-bd68-208015379b32,ifgsm,9716988368
7690,korhonen,korhonen,3f8a3f68-d2fd-42e9-bd68-208015379b32,ifgsm,7160553409
7691,,zhang,3f8a3f68-d2fd-42e9-bd68-208015379b32,ifgsm,8597381500
7692,clear,ifgsm,3f8a3f68-d2fd-42e9-bd68-208015379b32,clear,4796228876
7693,good,good,3f8a3f68-d2fd-42e9-bd68-208015379b32,bad,v1
7694,ifgsm,fmgoat,3f8a3f68-d2fd-42e9-bd68-208015379b32,ifgsm,6077930890
7695,fmgoat,fmgoat,3f8a3f68-d2fd-42e9-bd68-208015379b32,ifgsm,6285601097
7696,korhonen,korhonen,60c2386e-457e-44d3-9916-74ad6c78253f,ifgsm,6995068299
7697,fmgoat,ifgsm,60c2386e-457e-44d3-9916-74ad6c78253f,fmgoat,4107566763
7698,zhang,ifgsm,60c2386e-457e-44d3-9916-74ad6c78253f,zhang,8179375247
7699,zhang,zhang,60c2386e-457e-44d3-9916-74ad6c78253f,ifgsm,8351568109
7700,zhang,ifgsm,60c2386e-457e-44d3-9916-74ad6c78253f,zhang,2580252988
7701,fmgoat,fmgoat,60c2386e-457e-44d3-9916-74ad6c78253f,stadv,2640025600
7702,fmgoat,ifgsm,60c2386e-457e-44d3-9916-74ad6c78253f,fmgoat,9469622762
7703,korhonen,korhonen,60c2386e-457e-44d3-9916-74ad6c78253f,ifgsm,8348001072
7704,fmgoat,ifgsm,60c2386e-457e-44d3-9916-74ad6c78253f,fmgoat,4796228876
7705,good,good,60c2386e-457e-44d3-9916-74ad6c78253f,bad,v6
7706,fmgoat,fmgoat,60c2386e-457e-44d3-9916-74ad6c78253f,ifgsm,5494503911
7707,good,good,60c2386e-457e-44d3-9916-74ad6c78253f,bad,v2
7708,clear,ifgsm,60c2386e-457e-44d3-9916-74ad6c78253f,clear,9716988368
7709,korhonen,ifgsm,60c2386e-457e-44d3-9916-74ad6c78253f,korhonen,8597381500
7710,clear,clear,60c2386e-457e-44d3-9916-74ad6c78253f,ifgsm,10880314705
7711,clear,clear,60c2386e-457e-44d3-9916-74ad6c78253f,ifgsm,5906203942
7712,clear,ifgsm,60c2386e-457e-44d3-9916-74ad6c78253f,clear,3309384812
7713,clear,ifgsm,60c2386e-457e-44d3-9916-74ad6c78253f,clear,4424481742
7714,ifgsm,ifgsm,60c2386e-457e-44d3-9916-74ad6c78253f,stadv,7160553409
7715,ifgsm,ifgsm,60c2386e-457e-44d3-9916-74ad6c78253f,stadv,6285601097
7716,good,bad,60c2386e-457e-44d3-9916-74ad6c78253f,good,v2
7717,fmgoat,ifgsm,60c2386e-457e-44d3-9916-74ad6c78253f,fmgoat,4519546786
7718,ifgsm,ifgsm,60c2386e-457e-44d3-9916-74ad6c78253f,stadv,4633306112
7719,ifgsm,stadv,60c2386e-457e-44d3-9916-74ad6c78253f,ifgsm,2612353606
7720,clear,clear,60c2386e-457e-44d3-9916-74ad6c78253f,ifgsm,3567613299
7721,ifgsm,ifgsm,b7ca1069-39f0-46e3-b13c-1665ad6f5d05,stadv,7160553409
7722,good,bad,b7ca1069-39f0-46e3-b13c-1665ad6f5d05,good,v6
7723,korhonen,ifgsm,b7ca1069-39f0-46e3-b13c-1665ad6f5d05,korhonen,4107566763
7724,clear,clear,b7ca1069-39f0-46e3-b13c-1665ad6f5d05,ifgsm,8597381500
7725,clear,ifgsm,b7ca1069-39f0-46e3-b13c-1665ad6f5d05,clear,4633306112
7726,ifgsm,ifgsm,b7ca1069-39f0-46e3-b13c-1665ad6f5d05,fmgoat,3309384812
7727,clear,ifgsm,b7ca1069-39f0-46e3-b13c-1665ad6f5d05,clear,6285601097
7728,ifgsm,ifgsm,b7ca1069-39f0-46e3-b13c-1665ad6f5d05,stadv,9716988368
7729,clear,ifgsm,b7ca1069-39f0-46e3-b13c-1665ad6f5d05,clear,8348001072
7730,fmgoat,ifgsm,b7ca1069-39f0-46e3-b13c-1665ad6f5d05,fmgoat,9463363154
7731,ifgsm,stadv,b7ca1069-39f0-46e3-b13c-1665ad6f5d05,ifgsm,8179375247
7732,korhonen,stadv,b7ca1069-39f0-46e3-b13c-1665ad6f5d05,korhonen,2640025600
7733,,ifgsm,b7ca1069-39f0-46e3-b13c-1665ad6f5d05,korhonen,5494503911
7734,good,bad,b7ca1069-39f0-46e3-b13c-1665ad6f5d05,good,v3
7735,fmgoat,zhang,b7ca1069-39f0-46e3-b13c-1665ad6f5d05,fmgoat,2612353606
7736,ifgsm,ifgsm,b7ca1069-39f0-46e3-b13c-1665ad6f5d05,stadv,6077930890
7737,korhonen,ifgsm,b7ca1069-39f0-46e3-b13c-1665ad6f5d05,korhonen,9469622762
7738,zhang,zhang,b7ca1069-39f0-46e3-b13c-1665ad6f5d05,stadv,10880314705
7739,,korhonen,b7ca1069-39f0-46e3-b13c-1665ad6f5d05,ifgsm,4598385226
7740,ifgsm,ifgsm,b7ca1069-39f0-46e3-b13c-1665ad6f5d05,zhang,4796228876
7741,zhang,ifgsm,b7ca1069-39f0-46e3-b13c-1665ad6f5d05,zhang,2580252988
7742,clear,clear,b7ca1069-39f0-46e3-b13c-1665ad6f5d05,stadv,6995068299
7743,good,good,b7ca1069-39f0-46e3-b13c-1665ad6f5d05,bad,v2
7744,clear,clear,b7ca1069-39f0-46e3-b13c-1665ad6f5d05,ifgsm,3567613299
7745,,clear,b7ca1069-39f0-46e3-b13c-1665ad6f5d05,ifgsm,2909358760
7746,zhang,zhang,953004f5-a570-4369-9d5c-8ffbcfb6aca8,ifgsm,9463363154
7747,korhonen,ifgsm,953004f5-a570-4369-9d5c-8ffbcfb6aca8,korhonen,8597381500
7748,zhang,zhang,953004f5-a570-4369-9d5c-8ffbcfb6aca8,ifgsm,6027104916
7749,clear,ifgsm,953004f5-a570-4369-9d5c-8ffbcfb6aca8,clear,2909358760
7750,clear,ifgsm,953004f5-a570-4369-9d5c-8ffbcfb6aca8,clear,4519546786
7751,stadv,ifgsm,953004f5-a570-4369-9d5c-8ffbcfb6aca8,stadv,8348001072
7752,fmgoat,ifgsm,953004f5-a570-4369-9d5c-8ffbcfb6aca8,fmgoat,4107566763
7753,zhang,ifgsm,953004f5-a570-4369-9d5c-8ffbcfb6aca8,zhang,4842717407
7754,fmgoat,zhang,953004f5-a570-4369-9d5c-8ffbcfb6aca8,fmgoat,10880314705
7755,clear,ifgsm,953004f5-a570-4369-9d5c-8ffbcfb6aca8,clear,4796228876
7756,,korhonen,953004f5-a570-4369-9d5c-8ffbcfb6aca8,zhang,2640025600
7757,fmgoat,ifgsm,953004f5-a570-4369-9d5c-8ffbcfb6aca8,fmgoat,9214795039
7758,good,bad,953004f5-a570-4369-9d5c-8ffbcfb6aca8,good,v7
7759,ifgsm,stadv,953004f5-a570-4369-9d5c-8ffbcfb6aca8,ifgsm,6077930890
7760,good,good,953004f5-a570-4369-9d5c-8ffbcfb6aca8,bad,v3
7761,zhang,zhang,953004f5-a570-4369-9d5c-8ffbcfb6aca8,ifgsm,5130906829
7762,stadv,korhonen,953004f5-a570-4369-9d5c-8ffbcfb6aca8,stadv,6995068299
7763,fmgoat,ifgsm,953004f5-a570-4369-9d5c-8ffbcfb6aca8,fmgoat,5494503911
7764,fmgoat,ifgsm,953004f5-a570-4369-9d5c-8ffbcfb6aca8,fmgoat,3567613299
7765,korhonen,korhonen,953004f5-a570-4369-9d5c-8ffbcfb6aca8,ifgsm,2612353606
7766,good,bad,953004f5-a570-4369-9d5c-8ffbcfb6aca8,good,v4
7767,fmgoat,ifgsm,953004f5-a570-4369-9d5c-8ffbcfb6aca8,fmgoat,8351568109
7768,stadv,ifgsm,953004f5-a570-4369-9d5c-8ffbcfb6aca8,stadv,4424481742
7769,zhang,zhang,953004f5-a570-4369-9d5c-8ffbcfb6aca8,ifgsm,8179375247
7770,,ifgsm,953004f5-a570-4369-9d5c-8ffbcfb6aca8,zhang,2580252988
7771,fmgoat,ifgsm,b7fc0b71-0066-4ffc-be87-59e5c415a580,fmgoat,9463363154
7772,ifgsm,ifgsm,b7fc0b71-0066-4ffc-be87-59e5c415a580,stadv,5906203942
7773,clear,ifgsm,b7fc0b71-0066-4ffc-be87-59e5c415a580,clear,2640025600
7774,zhang,zhang,b7fc0b71-0066-4ffc-be87-59e5c415a580,ifgsm,6285601097
7775,clear,clear,b7fc0b71-0066-4ffc-be87-59e5c415a580,ifgsm,2909358760
7776,korhonen,korhonen,b7fc0b71-0066-4ffc-be87-59e5c415a580,ifgsm,2612353606
7777,korhonen,ifgsm,b7fc0b71-0066-4ffc-be87-59e5c415a580,korhonen,3309384812
7778,zhang,zhang,b7fc0b71-0066-4ffc-be87-59e5c415a580,ifgsm,9716988368
7779,fmgoat,fmgoat,b7fc0b71-0066-4ffc-be87-59e5c415a580,stadv,10880314705
7780,good,good,b7fc0b71-0066-4ffc-be87-59e5c415a580,bad,v4
7781,zhang,zhang,b7fc0b71-0066-4ffc-be87-59e5c415a580,ifgsm,6077930890
7782,good,good,b7fc0b71-0066-4ffc-be87-59e5c415a580,bad,v3
7783,ifgsm,ifgsm,b7fc0b71-0066-4ffc-be87-59e5c415a580,zhang,9214795039
7784,ifgsm,ifgsm,b7fc0b71-0066-4ffc-be87-59e5c415a580,stadv,6027104916
7785,clear,ifgsm,b7fc0b71-0066-4ffc-be87-59e5c415a580,clear,5130906829
7786,clear,ifgsm,b7fc0b71-0066-4ffc-be87-59e5c415a580,clear,8179375247
7787,korhonen,ifgsm,b7fc0b71-0066-4ffc-be87-59e5c415a580,korhonen,4842717407
7788,clear,zhang,b7fc0b71-0066-4ffc-be87-59e5c415a580,clear,6995068299
7789,korhonen,korhonen,b7fc0b71-0066-4ffc-be87-59e5c415a580,ifgsm,8351568109
7790,clear,ifgsm,b7fc0b71-0066-4ffc-be87-59e5c415a580,clear,4633306112
7791,ifgsm,stadv,b7fc0b71-0066-4ffc-be87-59e5c415a580,ifgsm,7160553409
7792,good,bad,b7fc0b71-0066-4ffc-be87-59e5c415a580,good,v5
7793,zhang,ifgsm,b7fc0b71-0066-4ffc-be87-59e5c415a580,zhang,8348001072
7794,korhonen,korhonen,b7fc0b71-0066-4ffc-be87-59e5c415a580,zhang,5494503911
7795,stadv,stadv,b7fc0b71-0066-4ffc-be87-59e5c415a580,ifgsm,2580252988
7796,,fmgoat,092926b9-3045-412f-b494-40579bc4acd3,ifgsm,2909358760
7797,,clear,092926b9-3045-412f-b494-40579bc4acd3,korhonen,2640025600
7798,clear,clear,092926b9-3045-412f-b494-40579bc4acd3,stadv,2612353606
7799,fmgoat,stadv,092926b9-3045-412f-b494-40579bc4acd3,fmgoat,5494503911
7800,zhang,zhang,092926b9-3045-412f-b494-40579bc4acd3,ifgsm,9214795039
7801,ifgsm,ifgsm,092926b9-3045-412f-b494-40579bc4acd3,korhonen,8348001072
7802,good,good,092926b9-3045-412f-b494-40579bc4acd3,bad,v1
7803,,ifgsm,092926b9-3045-412f-b494-40579bc4acd3,korhonen,3567613299
7804,korhonen,ifgsm,092926b9-3045-412f-b494-40579bc4acd3,korhonen,9716988368
7805,ifgsm,zhang,092926b9-3045-412f-b494-40579bc4acd3,ifgsm,5130906829
7806,fmgoat,fmgoat,092926b9-3045-412f-b494-40579bc4acd3,ifgsm,7160553409
7807,ifgsm,stadv,092926b9-3045-412f-b494-40579bc4acd3,ifgsm,8351568109
7808,ifgsm,ifgsm,092926b9-3045-412f-b494-40579bc4acd3,stadv,2580252988
7809,fmgoat,fmgoat,092926b9-3045-412f-b494-40579bc4acd3,ifgsm,4633306112
7810,good,bad,092926b9-3045-412f-b494-40579bc4acd3,good,v4
7811,korhonen,korhonen,092926b9-3045-412f-b494-40579bc4acd3,ifgsm,8597381500
7812,clear,ifgsm,092926b9-3045-412f-b494-40579bc4acd3,clear,4796228876
7813,clear,ifgsm,092926b9-3045-412f-b494-40579bc4acd3,clear,8179375247
7814,,korhonen,092926b9-3045-412f-b494-40579bc4acd3,ifgsm,6077930890
7815,fmgoat,stadv,092926b9-3045-412f-b494-40579bc4acd3,fmgoat,10880314705
7816,korhonen,ifgsm,092926b9-3045-412f-b494-40579bc4acd3,korhonen,5906203942
7817,good,good,092926b9-3045-412f-b494-40579bc4acd3,bad,v3
7818,korhonen,korhonen,092926b9-3045-412f-b494-40579bc4acd3,ifgsm,3309384812
7819,zhang,zhang,092926b9-3045-412f-b494-40579bc4acd3,stadv,6995068299
7820,ifgsm,ifgsm,092926b9-3045-412f-b494-40579bc4acd3,stadv,4107566763
7821,,zhang,1724fd0f-f4d8-4971-9971-06ac4d91bcb5,clear,5494503911
7822,,korhonen,1724fd0f-f4d8-4971-9971-06ac4d91bcb5,ifgsm,6077930890
7823,ifgsm,fmgoat,1724fd0f-f4d8-4971-9971-06ac4d91bcb5,ifgsm,4842717407
7824,fmgoat,fmgoat,1724fd0f-f4d8-4971-9971-06ac4d91bcb5,ifgsm,3567613299
7825,fmgoat,ifgsm,1724fd0f-f4d8-4971-9971-06ac4d91bcb5,fmgoat,3309384812
7826,clear,clear,1724fd0f-f4d8-4971-9971-06ac4d91bcb5,ifgsm,2580252988
7827,,stadv,1724fd0f-f4d8-4971-9971-06ac4d91bcb5,ifgsm,8348001072
7828,fmgoat,fmgoat,1724fd0f-f4d8-4971-9971-06ac4d91bcb5,ifgsm,5906203942
7829,korhonen,korhonen,1724fd0f-f4d8-4971-9971-06ac4d91bcb5,ifgsm,9469622762
7830,clear,clear,1724fd0f-f4d8-4971-9971-06ac4d91bcb5,ifgsm,8597381500
7831,good,good,1724fd0f-f4d8-4971-9971-06ac4d91bcb5,bad,v7
7832,ifgsm,stadv,1724fd0f-f4d8-4971-9971-06ac4d91bcb5,ifgsm,4796228876
7833,zhang,zhang,1724fd0f-f4d8-4971-9971-06ac4d91bcb5,ifgsm,6027104916
7834,good,good,1724fd0f-f4d8-4971-9971-06ac4d91bcb5,bad,v7
7835,zhang,stadv,1724fd0f-f4d8-4971-9971-06ac4d91bcb5,zhang,2612353606
7836,zhang,ifgsm,1724fd0f-f4d8-4971-9971-06ac4d91bcb5,zhang,6285601097
7837,,ifgsm,1724fd0f-f4d8-4971-9971-06ac4d91bcb5,zhang,9214795039
7838,fmgoat,stadv,1724fd0f-f4d8-4971-9971-06ac4d91bcb5,fmgoat,2640025600
7839,clear,clear,1724fd0f-f4d8-4971-9971-06ac4d91bcb5,ifgsm,4519546786
7840,ifgsm,stadv,1724fd0f-f4d8-4971-9971-06ac4d91bcb5,ifgsm,4598385226
7841,ifgsm,stadv,1724fd0f-f4d8-4971-9971-06ac4d91bcb5,ifgsm,8179375247
7842,fmgoat,fmgoat,1724fd0f-f4d8-4971-9971-06ac4d91bcb5,ifgsm,8351568109
7843,good,good,1724fd0f-f4d8-4971-9971-06ac4d91bcb5,bad,v7
7844,korhonen,fmgoat,1724fd0f-f4d8-4971-9971-06ac4d91bcb5,korhonen,10880314705
7845,clear,clear,1724fd0f-f4d8-4971-9971-06ac4d91bcb5,fmgoat,6995068299
7846,zhang,zhang,34d3bbce-93a7-451c-a792-80577fb530e3,ifgsm,2640025600
7847,korhonen,stadv,34d3bbce-93a7-451c-a792-80577fb530e3,korhonen,10880314705
7848,korhonen,korhonen,34d3bbce-93a7-451c-a792-80577fb530e3,ifgsm,3309384812
7849,ifgsm,korhonen,34d3bbce-93a7-451c-a792-80577fb530e3,ifgsm,6077930890
7850,ifgsm,ifgsm,34d3bbce-93a7-451c-a792-80577fb530e3,stadv,6285601097
7851,clear,clear,34d3bbce-93a7-451c-a792-80577fb530e3,ifgsm,2612353606
7852,clear,clear,34d3bbce-93a7-451c-a792-80577fb530e3,ifgsm,3567613299
7853,ifgsm,ifgsm,34d3bbce-93a7-451c-a792-80577fb530e3,stadv,4107566763
7854,fmgoat,ifgsm,34d3bbce-93a7-451c-a792-80577fb530e3,fmgoat,6027104916
7855,good,bad,34d3bbce-93a7-451c-a792-80577fb530e3,good,v2
7856,fmgoat,stadv,34d3bbce-93a7-451c-a792-80577fb530e3,fmgoat,5494503911
7857,ifgsm,ifgsm,34d3bbce-93a7-451c-a792-80577fb530e3,zhang,4633306112
7858,korhonen,korhonen,34d3bbce-93a7-451c-a792-80577fb530e3,ifgsm,5906203942
7859,ifgsm,ifgsm,34d3bbce-93a7-451c-a792-80577fb530e3,stadv,4598385226
7860,zhang,ifgsm,34d3bbce-93a7-451c-a792-80577fb530e3,zhang,2580252988
7861,ifgsm,ifgsm,34d3bbce-93a7-451c-a792-80577fb530e3,stadv,8348001072
7862,ifgsm,stadv,34d3bbce-93a7-451c-a792-80577fb530e3,ifgsm,6995068299
7863,korhonen,ifgsm,34d3bbce-93a7-451c-a792-80577fb530e3,korhonen,4424481742
7864,korhonen,korhonen,34d3bbce-93a7-451c-a792-80577fb530e3,ifgsm,8179375247
7865,good,good,34d3bbce-93a7-451c-a792-80577fb530e3,bad,v1
7866,clear,clear,34d3bbce-93a7-451c-a792-80577fb530e3,ifgsm,9214795039
7867,korhonen,ifgsm,34d3bbce-93a7-451c-a792-80577fb530e3,korhonen,7160553409
7868,ifgsm,stadv,34d3bbce-93a7-451c-a792-80577fb530e3,ifgsm,4842717407
7869,good,good,34d3bbce-93a7-451c-a792-80577fb530e3,bad,v6
7870,korhonen,ifgsm,34d3bbce-93a7-451c-a792-80577fb530e3,korhonen,5130906829
7871,zhang,ifgsm,dc80c016-e2ef-4447-b381-6a4faeaf7797,zhang,4424481742
7872,good,good,dc80c016-e2ef-4447-b381-6a4faeaf7797,bad,v1
7873,clear,ifgsm,dc80c016-e2ef-4447-b381-6a4faeaf7797,clear,2612353606
7874,zhang,zhang,dc80c016-e2ef-4447-b381-6a4faeaf7797,ifgsm,4598385226
7875,korhonen,korhonen,dc80c016-e2ef-4447-b381-6a4faeaf7797,ifgsm,4796228876
7876,ifgsm,stadv,dc80c016-e2ef-4447-b381-6a4faeaf7797,ifgsm,3309384812
7877,ifgsm,ifgsm,dc80c016-e2ef-4447-b381-6a4faeaf7797,stadv,5494503911
7878,clear,clear,dc80c016-e2ef-4447-b381-6a4faeaf7797,ifgsm,5130906829
7879,fmgoat,ifgsm,dc80c016-e2ef-4447-b381-6a4faeaf7797,fmgoat,7160553409
7880,korhonen,ifgsm,dc80c016-e2ef-4447-b381-6a4faeaf7797,korhonen,4633306112
7881,good,good,dc80c016-e2ef-4447-b381-6a4faeaf7797,bad,v7
7882,zhang,stadv,dc80c016-e2ef-4447-b381-6a4faeaf7797,zhang,6995068299
7883,zhang,zhang,dc80c016-e2ef-4447-b381-6a4faeaf7797,ifgsm,6285601097
7884,stadv,zhang,dc80c016-e2ef-4447-b381-6a4faeaf7797,stadv,2640025600
7885,fmgoat,ifgsm,dc80c016-e2ef-4447-b381-6a4faeaf7797,fmgoat,2909358760
7886,korhonen,ifgsm,dc80c016-e2ef-4447-b381-6a4faeaf7797,korhonen,3567613299
7887,ifgsm,stadv,dc80c016-e2ef-4447-b381-6a4faeaf7797,ifgsm,8351568109
7888,fmgoat,fmgoat,dc80c016-e2ef-4447-b381-6a4faeaf7797,ifgsm,8179375247
7889,fmgoat,ifgsm,dc80c016-e2ef-4447-b381-6a4faeaf7797,fmgoat,6077930890
7890,ifgsm,ifgsm,dc80c016-e2ef-4447-b381-6a4faeaf7797,stadv,9469622762
7891,clear,clear,dc80c016-e2ef-4447-b381-6a4faeaf7797,korhonen,10880314705
7892,good,good,dc80c016-e2ef-4447-b381-6a4faeaf7797,bad,v1
7893,korhonen,korhonen,dc80c016-e2ef-4447-b381-6a4faeaf7797,ifgsm,9214795039
7894,fmgoat,fmgoat,dc80c016-e2ef-4447-b381-6a4faeaf7797,ifgsm,9716988368
7895,ifgsm,ifgsm,dc80c016-e2ef-4447-b381-6a4faeaf7797,stadv,8597381500
7896,clear,ifgsm,49bfcea1-7f80-444a-8fd1-f08541c726dd,clear,4519546786
7897,fmgoat,fmgoat,49bfcea1-7f80-444a-8fd1-f08541c726dd,ifgsm,5494503911
7898,korhonen,korhonen,49bfcea1-7f80-444a-8fd1-f08541c726dd,ifgsm,8179375247
7899,ifgsm,ifgsm,49bfcea1-7f80-444a-8fd1-f08541c726dd,stadv,2580252988
7900,good,bad,49bfcea1-7f80-444a-8fd1-f08541c726dd,good,v6
7901,clear,clear,49bfcea1-7f80-444a-8fd1-f08541c726dd,korhonen,6995068299
7902,ifgsm,ifgsm,49bfcea1-7f80-444a-8fd1-f08541c726dd,zhang,4633306112
7903,clear,clear,49bfcea1-7f80-444a-8fd1-f08541c726dd,ifgsm,6077930890
7904,ifgsm,zhang,49bfcea1-7f80-444a-8fd1-f08541c726dd,ifgsm,5130906829
7905,korhonen,stadv,49bfcea1-7f80-444a-8fd1-f08541c726dd,korhonen,2612353606
7906,zhang,ifgsm,49bfcea1-7f80-444a-8fd1-f08541c726dd,zhang,9469622762
7907,ifgsm,ifgsm,49bfcea1-7f80-444a-8fd1-f08541c726dd,stadv,3309384812
7908,clear,zhang,49bfcea1-7f80-444a-8fd1-f08541c726dd,clear,2640025600
7909,zhang,zhang,49bfcea1-7f80-444a-8fd1-f08541c726dd,ifgsm,4598385226
7910,ifgsm,ifgsm,49bfcea1-7f80-444a-8fd1-f08541c726dd,stadv,2909358760
7911,good,good,49bfcea1-7f80-444a-8fd1-f08541c726dd,bad,v6
7912,zhang,ifgsm,49bfcea1-7f80-444a-8fd1-f08541c726dd,zhang,9214795039
7913,clear,ifgsm,49bfcea1-7f80-444a-8fd1-f08541c726dd,clear,4842717407
7914,zhang,ifgsm,49bfcea1-7f80-444a-8fd1-f08541c726dd,zhang,4796228876
7915,korhonen,korhonen,49bfcea1-7f80-444a-8fd1-f08541c726dd,ifgsm,4107566763
7916,good,good,49bfcea1-7f80-444a-8fd1-f08541c726dd,bad,v7
7917,clear,ifgsm,49bfcea1-7f80-444a-8fd1-f08541c726dd,clear,6027104916
7918,clear,clear,49bfcea1-7f80-444a-8fd1-f08541c726dd,ifgsm,7160553409
7919,clear,clear,49bfcea1-7f80-444a-8fd1-f08541c726dd,ifgsm,5906203942
7920,clear,clear,49bfcea1-7f80-444a-8fd1-f08541c726dd,ifgsm,6285601097
7921,clear,ifgsm,f6c10c97-3224-4dcd-bbf6-247943242223,clear,3567613299
7922,ifgsm,stadv,f6c10c97-3224-4dcd-bbf6-247943242223,ifgsm,9469622762
7923,good,good,f6c10c97-3224-4dcd-bbf6-247943242223,bad,v7
7924,good,good,f6c10c97-3224-4dcd-bbf6-247943242223,bad,v7
7925,zhang,ifgsm,f6c10c97-3224-4dcd-bbf6-247943242223,zhang,8351568109
7926,korhonen,ifgsm,f6c10c97-3224-4dcd-bbf6-247943242223,korhonen,4598385226
7927,fmgoat,fmgoat,f6c10c97-3224-4dcd-bbf6-247943242223,ifgsm,2612353606
7928,clear,korhonen,f6c10c97-3224-4dcd-bbf6-247943242223,clear,2640025600
7929,clear,clear,f6c10c97-3224-4dcd-bbf6-247943242223,ifgsm,6285601097
7930,korhonen,ifgsm,f6c10c97-3224-4dcd-bbf6-247943242223,korhonen,8179375247
7931,korhonen,korhonen,f6c10c97-3224-4dcd-bbf6-247943242223,ifgsm,6077930890
7932,fmgoat,fmgoat,f6c10c97-3224-4dcd-bbf6-247943242223,ifgsm,5494503911
7933,zhang,zhang,f6c10c97-3224-4dcd-bbf6-247943242223,ifgsm,4633306112
7934,korhonen,ifgsm,f6c10c97-3224-4dcd-bbf6-247943242223,korhonen,8597381500
7935,fmgoat,fmgoat,f6c10c97-3224-4dcd-bbf6-247943242223,ifgsm,7160553409
7936,fmgoat,fmgoat,f6c10c97-3224-4dcd-bbf6-247943242223,ifgsm,4519546786
7937,korhonen,korhonen,f6c10c97-3224-4dcd-bbf6-247943242223,ifgsm,9214795039
7938,korhonen,korhonen,f6c10c97-3224-4dcd-bbf6-247943242223,ifgsm,8348001072
7939,clear,stadv,f6c10c97-3224-4dcd-bbf6-247943242223,clear,6995068299
7940,korhonen,ifgsm,f6c10c97-3224-4dcd-bbf6-247943242223,korhonen,4796228876
7941,clear,clear,f6c10c97-3224-4dcd-bbf6-247943242223,ifgsm,5130906829
7942,ifgsm,fmgoat,f6c10c97-3224-4dcd-bbf6-247943242223,ifgsm,2580252988
7943,zhang,zhang,f6c10c97-3224-4dcd-bbf6-247943242223,ifgsm,2909358760
7944,korhonen,korhonen,f6c10c97-3224-4dcd-bbf6-247943242223,ifgsm,9463363154
7945,good,bad,f6c10c97-3224-4dcd-bbf6-247943242223,good,v4
7946,ifgsm,zhang,124d7875-53f7-482c-99d2-03914ce12f6c,ifgsm,6027104916
7947,ifgsm,ifgsm,124d7875-53f7-482c-99d2-03914ce12f6c,stadv,8351568109
7948,korhonen,ifgsm,124d7875-53f7-482c-99d2-03914ce12f6c,korhonen,6995068299
7949,ifgsm,ifgsm,124d7875-53f7-482c-99d2-03914ce12f6c,fmgoat,8348001072
7950,clear,ifgsm,124d7875-53f7-482c-99d2-03914ce12f6c,clear,8597381500
7951,ifgsm,stadv,124d7875-53f7-482c-99d2-03914ce12f6c,ifgsm,2909358760
7952,ifgsm,korhonen,124d7875-53f7-482c-99d2-03914ce12f6c,ifgsm,6077930890
7953,clear,fmgoat,124d7875-53f7-482c-99d2-03914ce12f6c,clear,10880314705
7954,clear,ifgsm,124d7875-53f7-482c-99d2-03914ce12f6c,clear,3309384812
7955,fmgoat,ifgsm,124d7875-53f7-482c-99d2-03914ce12f6c,fmgoat,9463363154
7956,fmgoat,stadv,124d7875-53f7-482c-99d2-03914ce12f6c,fmgoat,2612353606
7957,fmgoat,fmgoat,124d7875-53f7-482c-99d2-03914ce12f6c,ifgsm,4424481742
7958,korhonen,ifgsm,124d7875-53f7-482c-99d2-03914ce12f6c,korhonen,4519546786
7959,clear,ifgsm,124d7875-53f7-482c-99d2-03914ce12f6c,clear,3567613299
7960,ifgsm,zhang,124d7875-53f7-482c-99d2-03914ce12f6c,ifgsm,4796228876
7961,ifgsm,stadv,124d7875-53f7-482c-99d2-03914ce12f6c,ifgsm,7160553409
7962,,ifgsm,124d7875-53f7-482c-99d2-03914ce12f6c,clear,2640025600
7963,zhang,ifgsm,124d7875-53f7-482c-99d2-03914ce12f6c,zhang,4842717407
7964,clear,ifgsm,124d7875-53f7-482c-99d2-03914ce12f6c,clear,5494503911
7965,clear,ifgsm,124d7875-53f7-482c-99d2-03914ce12f6c,clear,5906203942
7966,good,good,124d7875-53f7-482c-99d2-03914ce12f6c,bad,v4
7967,good,bad,124d7875-53f7-482c-99d2-03914ce12f6c,good,v3
7968,good,bad,124d7875-53f7-482c-99d2-03914ce12f6c,good,v4
7969,korhonen,ifgsm,124d7875-53f7-482c-99d2-03914ce12f6c,korhonen,4107566763
7970,korhonen,ifgsm,124d7875-53f7-482c-99d2-03914ce12f6c,korhonen,8179375247
7971,,zhang,4f03e0d9-fd07-448e-b902-d7e4ac05a02f,clear,2612353606
7972,,korhonen,4f03e0d9-fd07-448e-b902-d7e4ac05a02f,ifgsm,6285601097
7973,clear,clear,4f03e0d9-fd07-448e-b902-d7e4ac05a02f,ifgsm,4633306112
7974,good,bad,4f03e0d9-fd07-448e-b902-d7e4ac05a02f,good,v1
7975,korhonen,ifgsm,4f03e0d9-fd07-448e-b902-d7e4ac05a02f,korhonen,8597381500
7976,zhang,zhang,4f03e0d9-fd07-448e-b902-d7e4ac05a02f,ifgsm,4842717407
7977,,clear,4f03e0d9-fd07-448e-b902-d7e4ac05a02f,ifgsm,8348001072
7978,korhonen,ifgsm,4f03e0d9-fd07-448e-b902-d7e4ac05a02f,korhonen,7160553409
7979,zhang,ifgsm,4f03e0d9-fd07-448e-b902-d7e4ac05a02f,zhang,8179375247
7980,clear,stadv,4f03e0d9-fd07-448e-b902-d7e4ac05a02f,clear,6995068299
7981,,ifgsm,4f03e0d9-fd07-448e-b902-d7e4ac05a02f,zhang,6027104916
7982,zhang,ifgsm,4f03e0d9-fd07-448e-b902-d7e4ac05a02f,zhang,8351568109
7983,clear,clear,4f03e0d9-fd07-448e-b902-d7e4ac05a02f,ifgsm,10880314705
7984,good,bad,4f03e0d9-fd07-448e-b902-d7e4ac05a02f,good,v5
7985,ifgsm,ifgsm,4f03e0d9-fd07-448e-b902-d7e4ac05a02f,stadv,3309384812
7986,ifgsm,ifgsm,4f03e0d9-fd07-448e-b902-d7e4ac05a02f,fmgoat,6077930890
7987,good,good,4f03e0d9-fd07-448e-b902-d7e4ac05a02f,bad,v4
7988,korhonen,ifgsm,4f03e0d9-fd07-448e-b902-d7e4ac05a02f,korhonen,9214795039
7989,,ifgsm,4f03e0d9-fd07-448e-b902-d7e4ac05a02f,zhang,5906203942
7990,korhonen,korhonen,4f03e0d9-fd07-448e-b902-d7e4ac05a02f,ifgsm,4424481742
7991,fmgoat,fmgoat,4f03e0d9-fd07-448e-b902-d7e4ac05a02f,ifgsm,3567613299
7992,,clear,4f03e0d9-fd07-448e-b902-d7e4ac05a02f,zhang,5494503911
7993,,fmgoat,4f03e0d9-fd07-448e-b902-d7e4ac05a02f,ifgsm,2640025600
7994,ifgsm,ifgsm,4f03e0d9-fd07-448e-b902-d7e4ac05a02f,fmgoat,4107566763
7995,ifgsm,stadv,4f03e0d9-fd07-448e-b902-d7e4ac05a02f,ifgsm,9716988368
7996,fmgoat,ifgsm,ca933876-ce5f-4be9-b543-44dd24e27a29,fmgoat,6077930890
7997,ifgsm,ifgsm,ca933876-ce5f-4be9-b543-44dd24e27a29,zhang,5130906829
7998,clear,ifgsm,ca933876-ce5f-4be9-b543-44dd24e27a29,clear,4633306112
7999,korhonen,korhonen,ca933876-ce5f-4be9-b543-44dd24e27a29,ifgsm,8597381500
8000,zhang,ifgsm,ca933876-ce5f-4be9-b543-44dd24e27a29,zhang,4842717407
8001,clear,clear,ca933876-ce5f-4be9-b543-44dd24e27a29,ifgsm,6285601097
8002,clear,clear,ca933876-ce5f-4be9-b543-44dd24e27a29,stadv,10880314705
8003,good,good,ca933876-ce5f-4be9-b543-44dd24e27a29,bad,v2
8004,ifgsm,ifgsm,ca933876-ce5f-4be9-b543-44dd24e27a29,zhang,2580252988
8005,clear,clear,ca933876-ce5f-4be9-b543-44dd24e27a29,ifgsm,9214795039
8006,fmgoat,ifgsm,ca933876-ce5f-4be9-b543-44dd24e27a29,fmgoat,9463363154
8007,ifgsm,ifgsm,ca933876-ce5f-4be9-b543-44dd24e27a29,stadv,4519546786
8008,korhonen,korhonen,ca933876-ce5f-4be9-b543-44dd24e27a29,zhang,6995068299
8009,stadv,ifgsm,ca933876-ce5f-4be9-b543-44dd24e27a29,stadv,9716988368
8010,clear,ifgsm,ca933876-ce5f-4be9-b543-44dd24e27a29,clear,5494503911
8011,good,bad,ca933876-ce5f-4be9-b543-44dd24e27a29,good,v2
8012,fmgoat,ifgsm,ca933876-ce5f-4be9-b543-44dd24e27a29,fmgoat,8348001072
8013,ifgsm,clear,ca933876-ce5f-4be9-b543-44dd24e27a29,ifgsm,4598385226
8014,ifgsm,stadv,ca933876-ce5f-4be9-b543-44dd24e27a29,ifgsm,8351568109
8015,ifgsm,ifgsm,ca933876-ce5f-4be9-b543-44dd24e27a29,zhang,4424481742
8016,korhonen,korhonen,ca933876-ce5f-4be9-b543-44dd24e27a29,ifgsm,8179375247
8017,fmgoat,ifgsm,ca933876-ce5f-4be9-b543-44dd24e27a29,fmgoat,4796228876
8018,good,good,ca933876-ce5f-4be9-b543-44dd24e27a29,bad,v1
8019,clear,ifgsm,ca933876-ce5f-4be9-b543-44dd24e27a29,clear,5906203942
8020,zhang,zhang,ca933876-ce5f-4be9-b543-44dd24e27a29,stadv,2640025600
8021,,ifgsm,f3625727-b05e-4b5a-abd8-3c4ed2444506,korhonen,9214795039
8022,korhonen,korhonen,f3625727-b05e-4b5a-abd8-3c4ed2444506,ifgsm,5130906829
8023,ifgsm,ifgsm,f3625727-b05e-4b5a-abd8-3c4ed2444506,stadv,4842717407
8024,clear,ifgsm,f3625727-b05e-4b5a-abd8-3c4ed2444506,clear,8179375247
8025,zhang,zhang,f3625727-b05e-4b5a-abd8-3c4ed2444506,ifgsm,3309384812
8026,ifgsm,stadv,f3625727-b05e-4b5a-abd8-3c4ed2444506,ifgsm,9469622762
8027,ifgsm,stadv,f3625727-b05e-4b5a-abd8-3c4ed2444506,ifgsm,8597381500
8028,clear,ifgsm,f3625727-b05e-4b5a-abd8-3c4ed2444506,clear,9716988368
8029,fmgoat,ifgsm,f3625727-b05e-4b5a-abd8-3c4ed2444506,fmgoat,8348001072
8030,clear,clear,f3625727-b05e-4b5a-abd8-3c4ed2444506,ifgsm,6077930890
8031,fmgoat,fmgoat,f3625727-b05e-4b5a-abd8-3c4ed2444506,ifgsm,4424481742
8032,korhonen,korhonen,f3625727-b05e-4b5a-abd8-3c4ed2444506,ifgsm,10880314705
8033,fmgoat,ifgsm,f3625727-b05e-4b5a-abd8-3c4ed2444506,fmgoat,6995068299
8034,zhang,zhang,f3625727-b05e-4b5a-abd8-3c4ed2444506,ifgsm,4598385226
8035,fmgoat,fmgoat,f3625727-b05e-4b5a-abd8-3c4ed2444506,ifgsm,2909358760
8036,fmgoat,ifgsm,f3625727-b05e-4b5a-abd8-3c4ed2444506,fmgoat,4633306112
8037,good,good,f3625727-b05e-4b5a-abd8-3c4ed2444506,bad,v6
8038,good,bad,f3625727-b05e-4b5a-abd8-3c4ed2444506,good,v5
8039,fmgoat,fmgoat,f3625727-b05e-4b5a-abd8-3c4ed2444506,ifgsm,2640025600
8040,zhang,zhang,f3625727-b05e-4b5a-abd8-3c4ed2444506,ifgsm,6285601097
8041,clear,korhonen,f3625727-b05e-4b5a-abd8-3c4ed2444506,clear,2612353606
8042,clear,clear,f3625727-b05e-4b5a-abd8-3c4ed2444506,korhonen,5494503911
8043,zhang,zhang,f3625727-b05e-4b5a-abd8-3c4ed2444506,ifgsm,9463363154
8044,clear,clear,f3625727-b05e-4b5a-abd8-3c4ed2444506,ifgsm,4519546786
8045,good,good,f3625727-b05e-4b5a-abd8-3c4ed2444506,bad,v1
8046,ifgsm,stadv,32b2973c-b895-4c49-aec3-4996c9658199,ifgsm,8351568109
8047,zhang,ifgsm,32b2973c-b895-4c49-aec3-4996c9658199,zhang,2909358760
8048,fmgoat,fmgoat,32b2973c-b895-4c49-aec3-4996c9658199,ifgsm,5906203942
8049,clear,ifgsm,32b2973c-b895-4c49-aec3-4996c9658199,clear,2640025600
8050,ifgsm,ifgsm,32b2973c-b895-4c49-aec3-4996c9658199,stadv,4424481742
8051,clear,clear,32b2973c-b895-4c49-aec3-4996c9658199,ifgsm,9214795039
8052,zhang,zhang,32b2973c-b895-4c49-aec3-4996c9658199,ifgsm,4796228876
8053,korhonen,korhonen,32b2973c-b895-4c49-aec3-4996c9658199,ifgsm,2580252988
8054,korhonen,ifgsm,32b2973c-b895-4c49-aec3-4996c9658199,korhonen,4519546786
8055,fmgoat,ifgsm,32b2973c-b895-4c49-aec3-4996c9658199,fmgoat,9469622762
8056,clear,stadv,32b2973c-b895-4c49-aec3-4996c9658199,clear,5494503911
8057,korhonen,korhonen,32b2973c-b895-4c49-aec3-4996c9658199,stadv,10880314705
8058,zhang,zhang,32b2973c-b895-4c49-aec3-4996c9658199,ifgsm,3567613299
8059,fmgoat,zhang,32b2973c-b895-4c49-aec3-4996c9658199,fmgoat,6995068299
8060,zhang,ifgsm,32b2973c-b895-4c49-aec3-4996c9658199,zhang,7160553409
8061,ifgsm,ifgsm,32b2973c-b895-4c49-aec3-4996c9658199,stadv,6077930890
8062,fmgoat,ifgsm,32b2973c-b895-4c49-aec3-4996c9658199,fmgoat,8348001072
8063,korhonen,ifgsm,32b2973c-b895-4c49-aec3-4996c9658199,korhonen,4842717407
8064,zhang,ifgsm,32b2973c-b895-4c49-aec3-4996c9658199,zhang,6285601097
8065,good,bad,32b2973c-b895-4c49-aec3-4996c9658199,good,v6
8066,good,good,32b2973c-b895-4c49-aec3-4996c9658199,bad,v6
8067,ifgsm,stadv,32b2973c-b895-4c49-aec3-4996c9658199,ifgsm,9716988368
8068,fmgoat,fmgoat,32b2973c-b895-4c49-aec3-4996c9658199,ifgsm,4598385226
8069,good,bad,32b2973c-b895-4c49-aec3-4996c9658199,good,v5
8070,clear,clear,32b2973c-b895-4c49-aec3-4996c9658199,zhang,2612353606
8071,ifgsm,stadv,02f4fe35-85eb-4bb3-9fc1-f9f167b1b5cb,ifgsm,6027104916
8072,ifgsm,ifgsm,02f4fe35-85eb-4bb3-9fc1-f9f167b1b5cb,stadv,6077930890
8073,korhonen,korhonen,02f4fe35-85eb-4bb3-9fc1-f9f167b1b5cb,ifgsm,3567613299
8074,fmgoat,fmgoat,02f4fe35-85eb-4bb3-9fc1-f9f167b1b5cb,ifgsm,5906203942
8075,good,good,02f4fe35-85eb-4bb3-9fc1-f9f167b1b5cb,bad,v7
8076,fmgoat,fmgoat,02f4fe35-85eb-4bb3-9fc1-f9f167b1b5cb,ifgsm,6285601097
8077,clear,korhonen,02f4fe35-85eb-4bb3-9fc1-f9f167b1b5cb,clear,5494503911
8078,good,good,02f4fe35-85eb-4bb3-9fc1-f9f167b1b5cb,bad,v2
8079,zhang,ifgsm,02f4fe35-85eb-4bb3-9fc1-f9f167b1b5cb,zhang,9469622762
8080,korhonen,korhonen,02f4fe35-85eb-4bb3-9fc1-f9f167b1b5cb,ifgsm,8179375247
8081,clear,clear,02f4fe35-85eb-4bb3-9fc1-f9f167b1b5cb,ifgsm,5130906829
8082,ifgsm,ifgsm,02f4fe35-85eb-4bb3-9fc1-f9f167b1b5cb,stadv,8351568109
8083,clear,clear,02f4fe35-85eb-4bb3-9fc1-f9f167b1b5cb,zhang,2612353606
8084,clear,clear,02f4fe35-85eb-4bb3-9fc1-f9f167b1b5cb,ifgsm,4598385226
8085,clear,clear,02f4fe35-85eb-4bb3-9fc1-f9f167b1b5cb,ifgsm,4519546786
8086,clear,clear,02f4fe35-85eb-4bb3-9fc1-f9f167b1b5cb,zhang,6995068299
8087,fmgoat,ifgsm,02f4fe35-85eb-4bb3-9fc1-f9f167b1b5cb,fmgoat,9463363154
8088,fmgoat,stadv,02f4fe35-85eb-4bb3-9fc1-f9f167b1b5cb,fmgoat,2640025600
8089,ifgsm,ifgsm,02f4fe35-85eb-4bb3-9fc1-f9f167b1b5cb,stadv,2909358760
8090,ifgsm,ifgsm,02f4fe35-85eb-4bb3-9fc1-f9f167b1b5cb,stadv,4842717407
8091,ifgsm,ifgsm,02f4fe35-85eb-4bb3-9fc1-f9f167b1b5cb,stadv,9716988368
8092,ifgsm,fmgoat,02f4fe35-85eb-4bb3-9fc1-f9f167b1b5cb,ifgsm,2580252988
8093,clear,ifgsm,02f4fe35-85eb-4bb3-9fc1-f9f167b1b5cb,clear,3309384812
8094,good,bad,02f4fe35-85eb-4bb3-9fc1-f9f167b1b5cb,good,v7
8095,clear,clear,02f4fe35-85eb-4bb3-9fc1-f9f167b1b5cb,zhang,10880314705
8096,good,bad,9636a167-3e1f-4189-8236-8adc25414733,good,v7
8097,zhang,zhang,9636a167-3e1f-4189-8236-8adc25414733,ifgsm,4424481742
8098,clear,clear,9636a167-3e1f-4189-8236-8adc25414733,ifgsm,9463363154
8099,zhang,zhang,9636a167-3e1f-4189-8236-8adc25414733,ifgsm,2612353606
8100,ifgsm,ifgsm,9636a167-3e1f-4189-8236-8adc25414733,stadv,9214795039
8101,zhang,stadv,9636a167-3e1f-4189-8236-8adc25414733,zhang,5494503911
8102,fmgoat,fmgoat,9636a167-3e1f-4189-8236-8adc25414733,stadv,10880314705
8103,korhonen,korhonen,9636a167-3e1f-4189-8236-8adc25414733,ifgsm,4598385226
8104,clear,clear,9636a167-3e1f-4189-8236-8adc25414733,zhang,2640025600
8105,korhonen,korhonen,9636a167-3e1f-4189-8236-8adc25414733,stadv,6995068299
8106,ifgsm,stadv,9636a167-3e1f-4189-8236-8adc25414733,ifgsm,5906203942
8107,ifgsm,stadv,9636a167-3e1f-4189-8236-8adc25414733,ifgsm,6027104916
8108,korhonen,korhonen,9636a167-3e1f-4189-8236-8adc25414733,ifgsm,3309384812
8109,good,good,9636a167-3e1f-4189-8236-8adc25414733,bad,v3
8110,clear,ifgsm,9636a167-3e1f-4189-8236-8adc25414733,clear,5130906829
8111,korhonen,korhonen,9636a167-3e1f-4189-8236-8adc25414733,ifgsm,3567613299
8112,fmgoat,fmgoat,9636a167-3e1f-4189-8236-8adc25414733,ifgsm,8348001072
8113,korhonen,ifgsm,9636a167-3e1f-4189-8236-8adc25414733,korhonen,4796228876
8114,korhonen,ifgsm,9636a167-3e1f-4189-8236-8adc25414733,korhonen,8597381500
8115,good,good,9636a167-3e1f-4189-8236-8adc25414733,bad,v6
8116,ifgsm,ifgsm,9636a167-3e1f-4189-8236-8adc25414733,stadv,4842717407
8117,clear,clear,9636a167-3e1f-4189-8236-8adc25414733,ifgsm,7160553409
8118,ifgsm,ifgsm,9636a167-3e1f-4189-8236-8adc25414733,stadv,6077930890
8119,zhang,zhang,9636a167-3e1f-4189-8236-8adc25414733,ifgsm,6285601097
8120,zhang,ifgsm,9636a167-3e1f-4189-8236-8adc25414733,zhang,8179375247
8121,clear,clear,5aaf54af-0a70-49e4-84da-64dd86cbbbaa,ifgsm,4633306112
8122,zhang,ifgsm,5aaf54af-0a70-49e4-84da-64dd86cbbbaa,zhang,4424481742
8123,korhonen,ifgsm,5aaf54af-0a70-49e4-84da-64dd86cbbbaa,korhonen,6285601097
8124,stadv,stadv,5aaf54af-0a70-49e4-84da-64dd86cbbbaa,ifgsm,2909358760
8125,clear,clear,5aaf54af-0a70-49e4-84da-64dd86cbbbaa,ifgsm,8351568109
8126,good,bad,5aaf54af-0a70-49e4-84da-64dd86cbbbaa,good,v5
8127,korhonen,ifgsm,5aaf54af-0a70-49e4-84da-64dd86cbbbaa,korhonen,5494503911
8128,clear,zhang,5aaf54af-0a70-49e4-84da-64dd86cbbbaa,clear,2612353606
8129,clear,clear,5aaf54af-0a70-49e4-84da-64dd86cbbbaa,ifgsm,4796228876
8130,stadv,stadv,5aaf54af-0a70-49e4-84da-64dd86cbbbaa,ifgsm,4107566763
8131,korhonen,ifgsm,5aaf54af-0a70-49e4-84da-64dd86cbbbaa,korhonen,9716988368
8132,zhang,zhang,5aaf54af-0a70-49e4-84da-64dd86cbbbaa,ifgsm,2580252988
8133,clear,clear,5aaf54af-0a70-49e4-84da-64dd86cbbbaa,ifgsm,6077930890
8134,zhang,zhang,5aaf54af-0a70-49e4-84da-64dd86cbbbaa,ifgsm,9463363154
8135,clear,ifgsm,5aaf54af-0a70-49e4-84da-64dd86cbbbaa,clear,8348001072
8136,good,bad,5aaf54af-0a70-49e4-84da-64dd86cbbbaa,good,v3
8137,fmgoat,stadv,5aaf54af-0a70-49e4-84da-64dd86cbbbaa,fmgoat,6995068299
8138,ifgsm,ifgsm,5aaf54af-0a70-49e4-84da-64dd86cbbbaa,stadv,5906203942
8139,good,good,5aaf54af-0a70-49e4-84da-64dd86cbbbaa,bad,v4
8140,zhang,ifgsm,5aaf54af-0a70-49e4-84da-64dd86cbbbaa,zhang,10880314705
8141,fmgoat,fmgoat,5aaf54af-0a70-49e4-84da-64dd86cbbbaa,ifgsm,3309384812
8142,korhonen,ifgsm,5aaf54af-0a70-49e4-84da-64dd86cbbbaa,korhonen,9469622762
8143,zhang,zhang,5aaf54af-0a70-49e4-84da-64dd86cbbbaa,ifgsm,3567613299
8144,clear,clear,5aaf54af-0a70-49e4-84da-64dd86cbbbaa,ifgsm,5130906829
8145,zhang,zhang,5aaf54af-0a70-49e4-84da-64dd86cbbbaa,ifgsm,4519546786
8146,fmgoat,fmgoat,e83c33b2-47dc-4c79-bcf5-c492ac2be4c5,ifgsm,8179375247
8147,korhonen,korhonen,e83c33b2-47dc-4c79-bcf5-c492ac2be4c5,ifgsm,4633306112
8148,zhang,ifgsm,e83c33b2-47dc-4c79-bcf5-c492ac2be4c5,zhang,3567613299
8149,zhang,zhang,e83c33b2-47dc-4c79-bcf5-c492ac2be4c5,ifgsm,8351568109
8150,good,bad,e83c33b2-47dc-4c79-bcf5-c492ac2be4c5,good,v1
8151,korhonen,zhang,e83c33b2-47dc-4c79-bcf5-c492ac2be4c5,korhonen,2640025600
8152,korhonen,korhonen,e83c33b2-47dc-4c79-bcf5-c492ac2be4c5,ifgsm,4107566763
8153,clear,clear,e83c33b2-47dc-4c79-bcf5-c492ac2be4c5,stadv,2612353606
8154,fmgoat,fmgoat,e83c33b2-47dc-4c79-bcf5-c492ac2be4c5,zhang,6995068299
8155,ifgsm,stadv,e83c33b2-47dc-4c79-bcf5-c492ac2be4c5,ifgsm,4842717407
8156,ifgsm,fmgoat,e83c33b2-47dc-4c79-bcf5-c492ac2be4c5,ifgsm,3309384812
8157,clear,clear,e83c33b2-47dc-4c79-bcf5-c492ac2be4c5,ifgsm,9469622762
8158,good,bad,e83c33b2-47dc-4c79-bcf5-c492ac2be4c5,good,v7
8159,fmgoat,fmgoat,e83c33b2-47dc-4c79-bcf5-c492ac2be4c5,korhonen,10880314705
8160,ifgsm,ifgsm,e83c33b2-47dc-4c79-bcf5-c492ac2be4c5,stadv,9214795039
8161,zhang,zhang,e83c33b2-47dc-4c79-bcf5-c492ac2be4c5,stadv,5494503911
8162,ifgsm,stadv,e83c33b2-47dc-4c79-bcf5-c492ac2be4c5,ifgsm,4519546786
8163,korhonen,korhonen,e83c33b2-47dc-4c79-bcf5-c492ac2be4c5,ifgsm,4598385226
8164,good,good,e83c33b2-47dc-4c79-bcf5-c492ac2be4c5,bad,v1
8165,zhang,zhang,e83c33b2-47dc-4c79-bcf5-c492ac2be4c5,ifgsm,9716988368
8166,ifgsm,ifgsm,e83c33b2-47dc-4c79-bcf5-c492ac2be4c5,stadv,8348001072
8167,zhang,ifgsm,e83c33b2-47dc-4c79-bcf5-c492ac2be4c5,zhang,2580252988
8168,korhonen,korhonen,e83c33b2-47dc-4c79-bcf5-c492ac2be4c5,ifgsm,7160553409
8169,zhang,zhang,e83c33b2-47dc-4c79-bcf5-c492ac2be4c5,ifgsm,8597381500
8170,clear,clear,e83c33b2-47dc-4c79-bcf5-c492ac2be4c5,ifgsm,5906203942
8171,ifgsm,fmgoat,2ca9a012-eb48-45a1-a88b-3cfc5395af64,ifgsm,8351568109
8172,good,bad,2ca9a012-eb48-45a1-a88b-3cfc5395af64,good,v4
8173,clear,clear,2ca9a012-eb48-45a1-a88b-3cfc5395af64,ifgsm,7160553409
8174,clear,ifgsm,2ca9a012-eb48-45a1-a88b-3cfc5395af64,clear,6285601097
8175,zhang,zhang,2ca9a012-eb48-45a1-a88b-3cfc5395af64,ifgsm,3309384812
8176,ifgsm,ifgsm,2ca9a012-eb48-45a1-a88b-3cfc5395af64,stadv,6027104916
8177,ifgsm,stadv,2ca9a012-eb48-45a1-a88b-3cfc5395af64,ifgsm,3567613299
8178,,ifgsm,2ca9a012-eb48-45a1-a88b-3cfc5395af64,zhang,5130906829
8179,ifgsm,stadv,2ca9a012-eb48-45a1-a88b-3cfc5395af64,ifgsm,6077930890
8180,ifgsm,ifgsm,2ca9a012-eb48-45a1-a88b-3cfc5395af64,stadv,9469622762
8181,fmgoat,stadv,2ca9a012-eb48-45a1-a88b-3cfc5395af64,fmgoat,6995068299
8182,zhang,zhang,2ca9a012-eb48-45a1-a88b-3cfc5395af64,ifgsm,4519546786
8183,korhonen,ifgsm,2ca9a012-eb48-45a1-a88b-3cfc5395af64,korhonen,9463363154
8184,,zhang,2ca9a012-eb48-45a1-a88b-3cfc5395af64,fmgoat,10880314705
8185,fmgoat,fmgoat,2ca9a012-eb48-45a1-a88b-3cfc5395af64,ifgsm,5494503911
8186,zhang,zhang,2ca9a012-eb48-45a1-a88b-3cfc5395af64,ifgsm,4598385226
8187,good,good,2ca9a012-eb48-45a1-a88b-3cfc5395af64,bad,v3
8188,good,bad,2ca9a012-eb48-45a1-a88b-3cfc5395af64,good,v5
8189,zhang,zhang,2ca9a012-eb48-45a1-a88b-3cfc5395af64,stadv,2612353606
8190,fmgoat,fmgoat,2ca9a012-eb48-45a1-a88b-3cfc5395af64,ifgsm,2640025600
8191,korhonen,korhonen,2ca9a012-eb48-45a1-a88b-3cfc5395af64,ifgsm,5906203942
8192,korhonen,korhonen,2ca9a012-eb48-45a1-a88b-3cfc5395af64,ifgsm,4796228876
8193,,ifgsm,2ca9a012-eb48-45a1-a88b-3cfc5395af64,zhang,9716988368
8194,clear,clear,2ca9a012-eb48-45a1-a88b-3cfc5395af64,ifgsm,8348001072
8195,korhonen,korhonen,2ca9a012-eb48-45a1-a88b-3cfc5395af64,ifgsm,2580252988
8196,clear,ifgsm,b7a781e2-dcaf-49e1-b2c7-940f00ee24fa,clear,5130906829
8197,korhonen,korhonen,b7a781e2-dcaf-49e1-b2c7-940f00ee24fa,stadv,10880314705
8198,clear,ifgsm,b7a781e2-dcaf-49e1-b2c7-940f00ee24fa,clear,4633306112
8199,korhonen,ifgsm,b7a781e2-dcaf-49e1-b2c7-940f00ee24fa,korhonen,9214795039
8200,fmgoat,korhonen,b7a781e2-dcaf-49e1-b2c7-940f00ee24fa,fmgoat,6995068299
8201,clear,ifgsm,b7a781e2-dcaf-49e1-b2c7-940f00ee24fa,clear,3309384812
8202,good,bad,b7a781e2-dcaf-49e1-b2c7-940f00ee24fa,good,v7
8203,clear,ifgsm,b7a781e2-dcaf-49e1-b2c7-940f00ee24fa,clear,7160553409
8204,clear,ifgsm,b7a781e2-dcaf-49e1-b2c7-940f00ee24fa,clear,2580252988
8205,korhonen,ifgsm,b7a781e2-dcaf-49e1-b2c7-940f00ee24fa,korhonen,6285601097
8206,good,good,b7a781e2-dcaf-49e1-b2c7-940f00ee24fa,bad,v1
8207,ifgsm,stadv,b7a781e2-dcaf-49e1-b2c7-940f00ee24fa,ifgsm,6027104916
8208,clear,clear,b7a781e2-dcaf-49e1-b2c7-940f00ee24fa,stadv,2640025600
8209,fmgoat,fmgoat,b7a781e2-dcaf-49e1-b2c7-940f00ee24fa,ifgsm,5906203942
8210,zhang,ifgsm,b7a781e2-dcaf-49e1-b2c7-940f00ee24fa,zhang,4796228876
8211,zhang,ifgsm,b7a781e2-dcaf-49e1-b2c7-940f00ee24fa,zhang,8348001072
8212,korhonen,ifgsm,b7a781e2-dcaf-49e1-b2c7-940f00ee24fa,korhonen,2612353606
8213,zhang,zhang,b7a781e2-dcaf-49e1-b2c7-940f00ee24fa,ifgsm,8351568109
8214,korhonen,zhang,b7a781e2-dcaf-49e1-b2c7-940f00ee24fa,korhonen,5494503911
8215,clear,ifgsm,b7a781e2-dcaf-49e1-b2c7-940f00ee24fa,clear,4519546786
8216,korhonen,korhonen,b7a781e2-dcaf-49e1-b2c7-940f00ee24fa,ifgsm,4598385226
8217,good,good,b7a781e2-dcaf-49e1-b2c7-940f00ee24fa,bad,v4
8218,korhonen,ifgsm,b7a781e2-dcaf-49e1-b2c7-940f00ee24fa,korhonen,9463363154
8219,ifgsm,ifgsm,b7a781e2-dcaf-49e1-b2c7-940f00ee24fa,stadv,6077930890
8220,ifgsm,stadv,b7a781e2-dcaf-49e1-b2c7-940f00ee24fa,ifgsm,4107566763
8221,clear,ifgsm,05501a4d-3ccc-4133-80c6-4fe20ed22442,clear,4598385226
8222,ifgsm,stadv,05501a4d-3ccc-4133-80c6-4fe20ed22442,ifgsm,3567613299
8223,korhonen,korhonen,05501a4d-3ccc-4133-80c6-4fe20ed22442,ifgsm,9716988368
8224,korhonen,ifgsm,05501a4d-3ccc-4133-80c6-4fe20ed22442,korhonen,7160553409
8225,korhonen,ifgsm,05501a4d-3ccc-4133-80c6-4fe20ed22442,korhonen,3309384812
8226,korhonen,ifgsm,05501a4d-3ccc-4133-80c6-4fe20ed22442,korhonen,6285601097
8227,clear,clear,05501a4d-3ccc-4133-80c6-4fe20ed22442,ifgsm,4842717407
8228,zhang,zhang,05501a4d-3ccc-4133-80c6-4fe20ed22442,ifgsm,9214795039
8229,ifgsm,ifgsm,05501a4d-3ccc-4133-80c6-4fe20ed22442,stadv,6077930890
8230,ifgsm,fmgoat,05501a4d-3ccc-4133-80c6-4fe20ed22442,ifgsm,4633306112
8231,fmgoat,fmgoat,05501a4d-3ccc-4133-80c6-4fe20ed22442,zhang,2612353606
8232,zhang,ifgsm,05501a4d-3ccc-4133-80c6-4fe20ed22442,zhang,4424481742
8233,korhonen,korhonen,05501a4d-3ccc-4133-80c6-4fe20ed22442,stadv,6995068299
8234,clear,clear,05501a4d-3ccc-4133-80c6-4fe20ed22442,ifgsm,8597381500
8235,good,good,05501a4d-3ccc-4133-80c6-4fe20ed22442,bad,v6
8236,zhang,ifgsm,05501a4d-3ccc-4133-80c6-4fe20ed22442,zhang,2640025600
8237,good,good,05501a4d-3ccc-4133-80c6-4fe20ed22442,bad,v5
8238,ifgsm,stadv,05501a4d-3ccc-4133-80c6-4fe20ed22442,ifgsm,5130906829
8239,good,good,05501a4d-3ccc-4133-80c6-4fe20ed22442,bad,v3
8240,korhonen,ifgsm,05501a4d-3ccc-4133-80c6-4fe20ed22442,korhonen,4796228876
8241,ifgsm,ifgsm,05501a4d-3ccc-4133-80c6-4fe20ed22442,clear,5494503911
8242,clear,fmgoat,05501a4d-3ccc-4133-80c6-4fe20ed22442,clear,10880314705
8243,clear,ifgsm,05501a4d-3ccc-4133-80c6-4fe20ed22442,clear,4519546786
8244,fmgoat,fmgoat,05501a4d-3ccc-4133-80c6-4fe20ed22442,ifgsm,9463363154
8245,ifgsm,stadv,05501a4d-3ccc-4133-80c6-4fe20ed22442,ifgsm,2580252988
8246,korhonen,zhang,8c0bb87f-f971-4659-bb3f-3b05aa00ac52,korhonen,2612353606
8247,good,bad,8c0bb87f-f971-4659-bb3f-3b05aa00ac52,good,v6
8248,ifgsm,fmgoat,8c0bb87f-f971-4659-bb3f-3b05aa00ac52,ifgsm,5130906829
8249,fmgoat,fmgoat,8c0bb87f-f971-4659-bb3f-3b05aa00ac52,ifgsm,3567613299
8250,,zhang,8c0bb87f-f971-4659-bb3f-3b05aa00ac52,ifgsm,6077930890
8251,fmgoat,zhang,8c0bb87f-f971-4659-bb3f-3b05aa00ac52,fmgoat,5494503911
8252,clear,ifgsm,8c0bb87f-f971-4659-bb3f-3b05aa00ac52,clear,4107566763
8253,fmgoat,fmgoat,8c0bb87f-f971-4659-bb3f-3b05aa00ac52,ifgsm,6285601097
8254,fmgoat,fmgoat,8c0bb87f-f971-4659-bb3f-3b05aa00ac52,ifgsm,4424481742
8255,zhang,zhang,8c0bb87f-f971-4659-bb3f-3b05aa00ac52,ifgsm,5906203942
8256,clear,ifgsm,8c0bb87f-f971-4659-bb3f-3b05aa00ac52,clear,4796228876
8257,fmgoat,ifgsm,8c0bb87f-f971-4659-bb3f-3b05aa00ac52,fmgoat,6027104916
8258,,zhang,8c0bb87f-f971-4659-bb3f-3b05aa00ac52,ifgsm,7160553409
8259,clear,clear,8c0bb87f-f971-4659-bb3f-3b05aa00ac52,ifgsm,9463363154
8260,clear,ifgsm,8c0bb87f-f971-4659-bb3f-3b05aa00ac52,clear,6995068299
8261,fmgoat,ifgsm,8c0bb87f-f971-4659-bb3f-3b05aa00ac52,fmgoat,9469622762
8262,clear,ifgsm,8c0bb87f-f971-4659-bb3f-3b05aa00ac52,clear,9214795039
8263,fmgoat,ifgsm,8c0bb87f-f971-4659-bb3f-3b05aa00ac52,fmgoat,4633306112
8264,fmgoat,ifgsm,8c0bb87f-f971-4659-bb3f-3b05aa00ac52,fmgoat,10880314705
8265,good,bad,8c0bb87f-f971-4659-bb3f-3b05aa00ac52,good,v7
8266,fmgoat,zhang,8c0bb87f-f971-4659-bb3f-3b05aa00ac52,fmgoat,2640025600
8267,korhonen,ifgsm,8c0bb87f-f971-4659-bb3f-3b05aa00ac52,korhonen,4842717407
8268,,fmgoat,8c0bb87f-f971-4659-bb3f-3b05aa00ac52,ifgsm,2580252988
8269,clear,clear,8c0bb87f-f971-4659-bb3f-3b05aa00ac52,ifgsm,8348001072
8270,good,bad,8c0bb87f-f971-4659-bb3f-3b05aa00ac52,good,v4
8271,,clear,40526895-4c0a-4a2a-8ee3-e32240230978,ifgsm,4424481742
8272,good,bad,40526895-4c0a-4a2a-8ee3-e32240230978,good,v5
8273,clear,ifgsm,40526895-4c0a-4a2a-8ee3-e32240230978,clear,3567613299
8274,ifgsm,ifgsm,40526895-4c0a-4a2a-8ee3-e32240230978,stadv,9214795039
8275,good,good,40526895-4c0a-4a2a-8ee3-e32240230978,bad,v1
8276,ifgsm,ifgsm,40526895-4c0a-4a2a-8ee3-e32240230978,stadv,5130906829
8277,zhang,zhang,40526895-4c0a-4a2a-8ee3-e32240230978,ifgsm,4519546786
8278,fmgoat,ifgsm,40526895-4c0a-4a2a-8ee3-e32240230978,fmgoat,10880314705
8279,fmgoat,ifgsm,40526895-4c0a-4a2a-8ee3-e32240230978,fmgoat,6027104916
8280,clear,clear,40526895-4c0a-4a2a-8ee3-e32240230978,korhonen,2640025600
8281,good,good,40526895-4c0a-4a2a-8ee3-e32240230978,bad,v6
8282,zhang,zhang,40526895-4c0a-4a2a-8ee3-e32240230978,stadv,6995068299
8283,korhonen,ifgsm,40526895-4c0a-4a2a-8ee3-e32240230978,korhonen,8179375247
8284,ifgsm,stadv,40526895-4c0a-4a2a-8ee3-e32240230978,ifgsm,4598385226
8285,clear,clear,40526895-4c0a-4a2a-8ee3-e32240230978,ifgsm,3309384812
8286,stadv,stadv,40526895-4c0a-4a2a-8ee3-e32240230978,ifgsm,8348001072
8287,clear,clear,40526895-4c0a-4a2a-8ee3-e32240230978,fmgoat,5494503911
8288,ifgsm,ifgsm,40526895-4c0a-4a2a-8ee3-e32240230978,fmgoat,7160553409
8289,ifgsm,clear,40526895-4c0a-4a2a-8ee3-e32240230978,ifgsm,6285601097
8290,fmgoat,ifgsm,40526895-4c0a-4a2a-8ee3-e32240230978,fmgoat,6077930890
8291,ifgsm,stadv,40526895-4c0a-4a2a-8ee3-e32240230978,ifgsm,4796228876
8292,ifgsm,stadv,40526895-4c0a-4a2a-8ee3-e32240230978,ifgsm,9463363154
8293,ifgsm,ifgsm,40526895-4c0a-4a2a-8ee3-e32240230978,fmgoat,9469622762
8294,clear,clear,40526895-4c0a-4a2a-8ee3-e32240230978,ifgsm,4842717407
8295,ifgsm,fmgoat,40526895-4c0a-4a2a-8ee3-e32240230978,ifgsm,4633306112
8296,,ifgsm,198f2493-c2f2-45b3-8926-ad5c84d9e518,clear,5906203942
8297,,ifgsm,198f2493-c2f2-45b3-8926-ad5c84d9e518,korhonen,9214795039
8298,,korhonen,198f2493-c2f2-45b3-8926-ad5c84d9e518,ifgsm,2580252988
8299,,clear,198f2493-c2f2-45b3-8926-ad5c84d9e518,fmgoat,2640025600
8300,korhonen,ifgsm,198f2493-c2f2-45b3-8926-ad5c84d9e518,korhonen,4424481742
8301,good,bad,198f2493-c2f2-45b3-8926-ad5c84d9e518,good,v4
8302,good,good,198f2493-c2f2-45b3-8926-ad5c84d9e518,bad,v3
8303,fmgoat,ifgsm,198f2493-c2f2-45b3-8926-ad5c84d9e518,fmgoat,2612353606
8304,korhonen,korhonen,198f2493-c2f2-45b3-8926-ad5c84d9e518,stadv,10880314705
8305,zhang,ifgsm,198f2493-c2f2-45b3-8926-ad5c84d9e518,zhang,4633306112
8306,ifgsm,ifgsm,198f2493-c2f2-45b3-8926-ad5c84d9e518,stadv,9469622762
8307,good,good,198f2493-c2f2-45b3-8926-ad5c84d9e518,bad,v4
8308,korhonen,korhonen,198f2493-c2f2-45b3-8926-ad5c84d9e518,ifgsm,5130906829
8309,fmgoat,fmgoat,198f2493-c2f2-45b3-8926-ad5c84d9e518,ifgsm,8351568109
8310,ifgsm,stadv,198f2493-c2f2-45b3-8926-ad5c84d9e518,ifgsm,9463363154
8311,clear,clear,198f2493-c2f2-45b3-8926-ad5c84d9e518,ifgsm,4519546786
8312,zhang,zhang,198f2493-c2f2-45b3-8926-ad5c84d9e518,stadv,5494503911
8313,ifgsm,ifgsm,198f2493-c2f2-45b3-8926-ad5c84d9e518,stadv,4796228876
8314,ifgsm,ifgsm,198f2493-c2f2-45b3-8926-ad5c84d9e518,stadv,7160553409
8315,clear,clear,198f2493-c2f2-45b3-8926-ad5c84d9e518,stadv,6995068299
8316,,korhonen,198f2493-c2f2-45b3-8926-ad5c84d9e518,ifgsm,6027104916
8317,fmgoat,ifgsm,198f2493-c2f2-45b3-8926-ad5c84d9e518,fmgoat,8348001072
8318,fmgoat,ifgsm,198f2493-c2f2-45b3-8926-ad5c84d9e518,fmgoat,6285601097
8319,fmgoat,ifgsm,198f2493-c2f2-45b3-8926-ad5c84d9e518,fmgoat,6077930890
8320,clear,ifgsm,198f2493-c2f2-45b3-8926-ad5c84d9e518,clear,4598385226
8321,zhang,zhang,117ff952-21d2-4d2d-81e1-e66876d13074,korhonen,2612353606
8322,fmgoat,fmgoat,117ff952-21d2-4d2d-81e1-e66876d13074,ifgsm,6995068299
8323,fmgoat,fmgoat,117ff952-21d2-4d2d-81e1-e66876d13074,ifgsm,9214795039
8324,korhonen,korhonen,117ff952-21d2-4d2d-81e1-e66876d13074,zhang,2640025600
8325,ifgsm,ifgsm,117ff952-21d2-4d2d-81e1-e66876d13074,fmgoat,6995068299
8326,ifgsm,ifgsm,117ff952-21d2-4d2d-81e1-e66876d13074,stadv,5130906829
8327,korhonen,korhonen,117ff952-21d2-4d2d-81e1-e66876d13074,zhang,2640025600
8328,fmgoat,fmgoat,117ff952-21d2-4d2d-81e1-e66876d13074,ifgsm,9469622762
8329,korhonen,korhonen,117ff952-21d2-4d2d-81e1-e66876d13074,zhang,2612353606
8330,ifgsm,ifgsm,117ff952-21d2-4d2d-81e1-e66876d13074,fmgoat,6995068299
8331,good,good,117ff952-21d2-4d2d-81e1-e66876d13074,bad,v5
8332,ifgsm,ifgsm,117ff952-21d2-4d2d-81e1-e66876d13074,fmgoat,10880314705
8333,good,good,117ff952-21d2-4d2d-81e1-e66876d13074,bad,v4
8334,zhang,zhang,117ff952-21d2-4d2d-81e1-e66876d13074,korhonen,2640025600
8335,zhang,zhang,117ff952-21d2-4d2d-81e1-e66876d13074,korhonen,2640025600
8336,fmgoat,fmgoat,117ff952-21d2-4d2d-81e1-e66876d13074,zhang,5494503911
8337,clear,clear,117ff952-21d2-4d2d-81e1-e66876d13074,korhonen,5494503911
8338,korhonen,korhonen,117ff952-21d2-4d2d-81e1-e66876d13074,clear,2612353606
8339,korhonen,korhonen,117ff952-21d2-4d2d-81e1-e66876d13074,zhang,2640025600
8340,zhang,zhang,117ff952-21d2-4d2d-81e1-e66876d13074,korhonen,2640025600
8341,korhonen,korhonen,117ff952-21d2-4d2d-81e1-e66876d13074,ifgsm,10880314705
8342,clear,clear,117ff952-21d2-4d2d-81e1-e66876d13074,korhonen,5494503911
8343,ifgsm,ifgsm,117ff952-21d2-4d2d-81e1-e66876d13074,fmgoat,4598385226
8344,ifgsm,ifgsm,117ff952-21d2-4d2d-81e1-e66876d13074,stadv,8597381500
8345,good,good,117ff952-21d2-4d2d-81e1-e66876d13074,bad,v4
8346,clear,clear,87327f24-1748-469a-b0fe-909cd93707c6,korhonen,2612353606
8347,zhang,stadv,87327f24-1748-469a-b0fe-909cd93707c6,zhang,10880314705
8348,good,good,87327f24-1748-469a-b0fe-909cd93707c6,bad,v5
8349,korhonen,korhonen,87327f24-1748-469a-b0fe-909cd93707c6,ifgsm,9716988368
8350,zhang,stadv,87327f24-1748-469a-b0fe-909cd93707c6,zhang,10880314705
8351,good,bad,87327f24-1748-469a-b0fe-909cd93707c6,good,v4
8352,zhang,stadv,87327f24-1748-469a-b0fe-909cd93707c6,zhang,10880314705
8353,,zhang,87327f24-1748-469a-b0fe-909cd93707c6,korhonen,2640025600
8354,korhonen,korhonen,87327f24-1748-469a-b0fe-909cd93707c6,ifgsm,10880314705
8355,fmgoat,fmgoat,87327f24-1748-469a-b0fe-909cd93707c6,ifgsm,6995068299
8356,clear,clear,87327f24-1748-469a-b0fe-909cd93707c6,ifgsm,4107566763
8357,korhonen,korhonen,87327f24-1748-469a-b0fe-909cd93707c6,zhang,2612353606
8358,fmgoat,fmgoat,87327f24-1748-469a-b0fe-909cd93707c6,ifgsm,9469622762
8359,clear,clear,87327f24-1748-469a-b0fe-909cd93707c6,korhonen,2612353606
8360,clear,clear,87327f24-1748-469a-b0fe-909cd93707c6,ifgsm,4107566763
8361,korhonen,zhang,87327f24-1748-469a-b0fe-909cd93707c6,korhonen,2640025600
8362,zhang,ifgsm,87327f24-1748-469a-b0fe-909cd93707c6,zhang,4519546786
8363,ifgsm,fmgoat,87327f24-1748-469a-b0fe-909cd93707c6,ifgsm,9214795039
8364,good,good,87327f24-1748-469a-b0fe-909cd93707c6,bad,v3
8365,clear,ifgsm,87327f24-1748-469a-b0fe-909cd93707c6,clear,4107566763
8366,fmgoat,fmgoat,87327f24-1748-469a-b0fe-909cd93707c6,ifgsm,6995068299
8367,zhang,korhonen,87327f24-1748-469a-b0fe-909cd93707c6,zhang,2640025600
8368,korhonen,zhang,87327f24-1748-469a-b0fe-909cd93707c6,korhonen,2640025600
8369,zhang,stadv,87327f24-1748-469a-b0fe-909cd93707c6,zhang,10880314705
8370,korhonen,korhonen,87327f24-1748-469a-b0fe-909cd93707c6,zhang,2640025600
8371,clear,korhonen,293b9d76-6b0c-483a-a01b-d4d80d7632d0,clear,5494503911
8372,zhang,korhonen,293b9d76-6b0c-483a-a01b-d4d80d7632d0,zhang,2640025600
8373,korhonen,korhonen,293b9d76-6b0c-483a-a01b-d4d80d7632d0,ifgsm,9716988368
8374,ifgsm,stadv,293b9d76-6b0c-483a-a01b-d4d80d7632d0,ifgsm,8597381500
8375,zhang,zhang,293b9d76-6b0c-483a-a01b-d4d80d7632d0,korhonen,2640025600
8376,zhang,zhang,293b9d76-6b0c-483a-a01b-d4d80d7632d0,korhonen,2640025600
8377,,zhang,293b9d76-6b0c-483a-a01b-d4d80d7632d0,korhonen,2612353606
8378,good,bad,293b9d76-6b0c-483a-a01b-d4d80d7632d0,good,v3
8379,good,bad,293b9d76-6b0c-483a-a01b-d4d80d7632d0,good,v3
8380,korhonen,stadv,293b9d76-6b0c-483a-a01b-d4d80d7632d0,korhonen,5494503911
8381,zhang,zhang,293b9d76-6b0c-483a-a01b-d4d80d7632d0,stadv,10880314705
8382,clear,clear,293b9d76-6b0c-483a-a01b-d4d80d7632d0,korhonen,2612353606
8383,fmgoat,ifgsm,293b9d76-6b0c-483a-a01b-d4d80d7632d0,fmgoat,10880314705
8384,zhang,fmgoat,293b9d76-6b0c-483a-a01b-d4d80d7632d0,zhang,5494503911
8385,ifgsm,stadv,293b9d76-6b0c-483a-a01b-d4d80d7632d0,ifgsm,5130906829
8386,zhang,stadv,293b9d76-6b0c-483a-a01b-d4d80d7632d0,zhang,10880314705
8387,korhonen,stadv,293b9d76-6b0c-483a-a01b-d4d80d7632d0,korhonen,5494503911
8388,korhonen,zhang,293b9d76-6b0c-483a-a01b-d4d80d7632d0,korhonen,2640025600
8389,fmgoat,fmgoat,293b9d76-6b0c-483a-a01b-d4d80d7632d0,ifgsm,9214795039
8390,zhang,ifgsm,293b9d76-6b0c-483a-a01b-d4d80d7632d0,zhang,7160553409
8391,korhonen,ifgsm,293b9d76-6b0c-483a-a01b-d4d80d7632d0,korhonen,10880314705
8392,clear,clear,293b9d76-6b0c-483a-a01b-d4d80d7632d0,stadv,10880314705
8393,zhang,stadv,293b9d76-6b0c-483a-a01b-d4d80d7632d0,zhang,10880314705
8394,fmgoat,fmgoat,293b9d76-6b0c-483a-a01b-d4d80d7632d0,ifgsm,4598385226
8395,good,good,293b9d76-6b0c-483a-a01b-d4d80d7632d0,bad,v1
8396,fmgoat,ifgsm,8525a535-5652-4631-95a1-8fc9ca4efe64,fmgoat,6995068299
8397,good,good,8525a535-5652-4631-95a1-8fc9ca4efe64,bad,v2
8398,korhonen,zhang,8525a535-5652-4631-95a1-8fc9ca4efe64,korhonen,2612353606
8399,zhang,korhonen,8525a535-5652-4631-95a1-8fc9ca4efe64,zhang,2640025600
8400,clear,clear,8525a535-5652-4631-95a1-8fc9ca4efe64,ifgsm,4107566763
8401,clear,clear,8525a535-5652-4631-95a1-8fc9ca4efe64,korhonen,2612353606
8402,clear,ifgsm,8525a535-5652-4631-95a1-8fc9ca4efe64,clear,4107566763
8403,clear,clear,8525a535-5652-4631-95a1-8fc9ca4efe64,korhonen,5494503911
8404,fmgoat,fmgoat,8525a535-5652-4631-95a1-8fc9ca4efe64,ifgsm,6995068299
8405,korhonen,korhonen,8525a535-5652-4631-95a1-8fc9ca4efe64,ifgsm,10880314705
8406,fmgoat,ifgsm,8525a535-5652-4631-95a1-8fc9ca4efe64,fmgoat,6995068299
8407,fmgoat,ifgsm,8525a535-5652-4631-95a1-8fc9ca4efe64,fmgoat,2580252988
8408,stadv,ifgsm,8525a535-5652-4631-95a1-8fc9ca4efe64,stadv,5130906829
8409,korhonen,korhonen,8525a535-5652-4631-95a1-8fc9ca4efe64,zhang,2612353606
8410,good,bad,8525a535-5652-4631-95a1-8fc9ca4efe64,good,v4
8411,korhonen,korhonen,8525a535-5652-4631-95a1-8fc9ca4efe64,stadv,5494503911
8412,korhonen,zhang,8525a535-5652-4631-95a1-8fc9ca4efe64,korhonen,2612353606
8413,clear,clear,8525a535-5652-4631-95a1-8fc9ca4efe64,ifgsm,8351568109
8414,clear,clear,8525a535-5652-4631-95a1-8fc9ca4efe64,korhonen,2612353606
8415,clear,korhonen,8525a535-5652-4631-95a1-8fc9ca4efe64,clear,5494503911
8416,korhonen,stadv,8525a535-5652-4631-95a1-8fc9ca4efe64,korhonen,5494503911
8417,good,bad,8525a535-5652-4631-95a1-8fc9ca4efe64,good,v2
8418,clear,korhonen,8525a535-5652-4631-95a1-8fc9ca4efe64,clear,2612353606
8419,korhonen,zhang,8525a535-5652-4631-95a1-8fc9ca4efe64,korhonen,2612353606
8420,korhonen,ifgsm,8525a535-5652-4631-95a1-8fc9ca4efe64,korhonen,10880314705
8421,good,bad,c22f9b9b-1f14-401d-a83e-16e76b4cd5eb,good,v7
8422,korhonen,korhonen,c22f9b9b-1f14-401d-a83e-16e76b4cd5eb,zhang,2612353606
8423,fmgoat,ifgsm,c22f9b9b-1f14-401d-a83e-16e76b4cd5eb,fmgoat,6995068299
8424,good,good,c22f9b9b-1f14-401d-a83e-16e76b4cd5eb,bad,v6
8425,fmgoat,fmgoat,c22f9b9b-1f14-401d-a83e-16e76b4cd5eb,zhang,5494503911
8426,fmgoat,fmgoat,c22f9b9b-1f14-401d-a83e-16e76b4cd5eb,zhang,5494503911
8427,korhonen,korhonen,c22f9b9b-1f14-401d-a83e-16e76b4cd5eb,stadv,5494503911
8428,korhonen,korhonen,c22f9b9b-1f14-401d-a83e-16e76b4cd5eb,stadv,5494503911
8429,good,bad,c22f9b9b-1f14-401d-a83e-16e76b4cd5eb,good,v3
8430,fmgoat,zhang,c22f9b9b-1f14-401d-a83e-16e76b4cd5eb,fmgoat,5494503911
8431,,ifgsm,c22f9b9b-1f14-401d-a83e-16e76b4cd5eb,fmgoat,2580252988
8432,fmgoat,fmgoat,c22f9b9b-1f14-401d-a83e-16e76b4cd5eb,ifgsm,10880314705
8433,,zhang,c22f9b9b-1f14-401d-a83e-16e76b4cd5eb,korhonen,2640025600
8434,korhonen,korhonen,c22f9b9b-1f14-401d-a83e-16e76b4cd5eb,zhang,2640025600
8435,korhonen,korhonen,c22f9b9b-1f14-401d-a83e-16e76b4cd5eb,zhang,2612353606
8436,zhang,zhang,c22f9b9b-1f14-401d-a83e-16e76b4cd5eb,stadv,10880314705
8437,korhonen,korhonen,c22f9b9b-1f14-401d-a83e-16e76b4cd5eb,zhang,2612353606
8438,korhonen,zhang,c22f9b9b-1f14-401d-a83e-16e76b4cd5eb,korhonen,2612353606
8439,zhang,zhang,c22f9b9b-1f14-401d-a83e-16e76b4cd5eb,ifgsm,4519546786
8440,korhonen,zhang,c22f9b9b-1f14-401d-a83e-16e76b4cd5eb,korhonen,2640025600
8441,clear,korhonen,c22f9b9b-1f14-401d-a83e-16e76b4cd5eb,clear,2612353606
8442,korhonen,korhonen,c22f9b9b-1f14-401d-a83e-16e76b4cd5eb,zhang,2612353606
8443,fmgoat,ifgsm,c22f9b9b-1f14-401d-a83e-16e76b4cd5eb,fmgoat,10880314705
8444,ifgsm,fmgoat,c22f9b9b-1f14-401d-a83e-16e76b4cd5eb,ifgsm,10880314705
8445,,korhonen,c22f9b9b-1f14-401d-a83e-16e76b4cd5eb,zhang,2640025600
8446,clear,clear,045103ed-8c47-4fe5-9f84-747acd19f38b,korhonen,2612353606
8447,korhonen,korhonen,045103ed-8c47-4fe5-9f84-747acd19f38b,stadv,5494503911
8448,zhang,zhang,045103ed-8c47-4fe5-9f84-747acd19f38b,fmgoat,5494503911
8449,good,good,045103ed-8c47-4fe5-9f84-747acd19f38b,bad,v4
8450,clear,clear,045103ed-8c47-4fe5-9f84-747acd19f38b,ifgsm,4107566763
8451,fmgoat,ifgsm,045103ed-8c47-4fe5-9f84-747acd19f38b,fmgoat,6995068299
8452,zhang,zhang,045103ed-8c47-4fe5-9f84-747acd19f38b,korhonen,2640025600
8453,fmgoat,ifgsm,045103ed-8c47-4fe5-9f84-747acd19f38b,fmgoat,6995068299
8454,good,bad,045103ed-8c47-4fe5-9f84-747acd19f38b,good,v4
8455,clear,clear,045103ed-8c47-4fe5-9f84-747acd19f38b,korhonen,2612353606
8456,fmgoat,fmgoat,045103ed-8c47-4fe5-9f84-747acd19f38b,ifgsm,4598385226
8457,korhonen,korhonen,045103ed-8c47-4fe5-9f84-747acd19f38b,ifgsm,10880314705
8458,korhonen,korhonen,045103ed-8c47-4fe5-9f84-747acd19f38b,zhang,2640025600
8459,korhonen,zhang,045103ed-8c47-4fe5-9f84-747acd19f38b,korhonen,2612353606
8460,clear,korhonen,045103ed-8c47-4fe5-9f84-747acd19f38b,clear,5494503911
8461,korhonen,korhonen,045103ed-8c47-4fe5-9f84-747acd19f38b,zhang,2640025600
8462,good,good,045103ed-8c47-4fe5-9f84-747acd19f38b,bad,v1
8463,zhang,zhang,045103ed-8c47-4fe5-9f84-747acd19f38b,ifgsm,7160553409
8464,fmgoat,ifgsm,045103ed-8c47-4fe5-9f84-747acd19f38b,fmgoat,5130906829
8465,clear,korhonen,045103ed-8c47-4fe5-9f84-747acd19f38b,clear,2612353606
8466,fmgoat,fmgoat,045103ed-8c47-4fe5-9f84-747acd19f38b,ifgsm,6995068299
8467,clear,clear,045103ed-8c47-4fe5-9f84-747acd19f38b,korhonen,2612353606
8468,fmgoat,ifgsm,045103ed-8c47-4fe5-9f84-747acd19f38b,fmgoat,4598385226
8469,korhonen,zhang,045103ed-8c47-4fe5-9f84-747acd19f38b,korhonen,2640025600
8470,fmgoat,ifgsm,045103ed-8c47-4fe5-9f84-747acd19f38b,fmgoat,5130906829
8471,fmgoat,fmgoat,bf9840bc-bc15-4f04-8f06-05d79998ae8e,zhang,5494503911
8472,good,good,bf9840bc-bc15-4f04-8f06-05d79998ae8e,bad,v5
8473,stadv,stadv,bf9840bc-bc15-4f04-8f06-05d79998ae8e,ifgsm,5130906829
8474,fmgoat,fmgoat,bf9840bc-bc15-4f04-8f06-05d79998ae8e,ifgsm,9214795039
8475,clear,clear,bf9840bc-bc15-4f04-8f06-05d79998ae8e,ifgsm,4107566763
8476,clear,stadv,bf9840bc-bc15-4f04-8f06-05d79998ae8e,clear,10880314705
8477,clear,clear,bf9840bc-bc15-4f04-8f06-05d79998ae8e,stadv,10880314705
8478,korhonen,korhonen,bf9840bc-bc15-4f04-8f06-05d79998ae8e,stadv,5494503911
8479,fmgoat,ifgsm,bf9840bc-bc15-4f04-8f06-05d79998ae8e,fmgoat,9214795039
8480,zhang,zhang,bf9840bc-bc15-4f04-8f06-05d79998ae8e,ifgsm,10880314705
8481,good,bad,bf9840bc-bc15-4f04-8f06-05d79998ae8e,good,v6
8482,clear,clear,bf9840bc-bc15-4f04-8f06-05d79998ae8e,korhonen,2612353606
8483,clear,clear,bf9840bc-bc15-4f04-8f06-05d79998ae8e,korhonen,2612353606
8484,korhonen,zhang,bf9840bc-bc15-4f04-8f06-05d79998ae8e,korhonen,2612353606
8485,fmgoat,fmgoat,bf9840bc-bc15-4f04-8f06-05d79998ae8e,ifgsm,10880314705
8486,fmgoat,zhang,bf9840bc-bc15-4f04-8f06-05d79998ae8e,fmgoat,5494503911
8487,clear,korhonen,bf9840bc-bc15-4f04-8f06-05d79998ae8e,clear,5494503911
8488,zhang,korhonen,bf9840bc-bc15-4f04-8f06-05d79998ae8e,zhang,2640025600
8489,good,bad,bf9840bc-bc15-4f04-8f06-05d79998ae8e,good,v1
8490,fmgoat,fmgoat,bf9840bc-bc15-4f04-8f06-05d79998ae8e,ifgsm,5130906829
8491,korhonen,zhang,bf9840bc-bc15-4f04-8f06-05d79998ae8e,korhonen,2640025600
8492,clear,clear,bf9840bc-bc15-4f04-8f06-05d79998ae8e,korhonen,2612353606
8493,clear,korhonen,bf9840bc-bc15-4f04-8f06-05d79998ae8e,clear,2612353606
8494,korhonen,korhonen,bf9840bc-bc15-4f04-8f06-05d79998ae8e,stadv,5494503911
8495,fmgoat,ifgsm,bf9840bc-bc15-4f04-8f06-05d79998ae8e,fmgoat,6995068299
